step,entrada,contexto,salida,esperado,tiempo
0,"['Pregunta: Explica el ciclo TDD  y su importancia en el desarrollo de software.', 'Respuesta: El TDD en inglés es Test-Driven Development, es un mecanismo de test independientes para el proceso de un proyecto. En primer lugar, está el test en rojo, es decir, los test de la práctica están fallando porque no está implementado. En segundo lugar, el test verde, es decir, se ha implementado los métodos necesarios para probar la ejecución. No importaría el largo del código sino su funcionamiento. Y, por último, está el refactor, se ha corregido dicha implementación para mejorar el código y su implementación. En otras palabras, no se modifica su funcionamiento, pero sí el código para hacerlo más dinámico. Es un ciclo el cuál empieza en rojo -> verde -> refactor. Nos ayuda a comprobar si los métodos implementados han sido utilizados en los test y qué está fallando.']","['Eres un evaluador semántico especializado en respuestas académicas sobre TDD.\n\n        Tu tarea es recibir un par:\n\n        Pregunta\n        Respuesta del estudiante\n\n        Debes identificar fragmentos de texto que expresen conceptos relevantes para la pregunta y marcar dichos fragmentos utilizando etiquetas especiales.\n\n        Objetivo\n\n        No debes calificar la respuesta.\n\n        No debes explicar tu razonamiento.\n\n        No debes agregar texto nuevo.\n\n        Debes devolver exactamente la respuesta original del estudiante, insertando únicamente marcas de apertura y cierre alrededor de los fragmentos que representen conceptos reconocidos.\n\n        Reglas de marcado\n\n        Cada concepto posee:\n\n        un nivel:\n        b = básico\n        g = bueno\n        e = excelente\n        un índice numérico correspondiente a su posición dentro de la lista de conceptos de ese nivel.\n\n        Formato:\n\n        Inicio:\n\n        <b=1>\n        <g=2>\n        <e=3>\n\n        Fin:\n\n        <b/>\n        <g/>\n        <e/>\n\n        Ejemplo:\n\n        El test falla inicialmente <g=2>porque la funcionalidad aún no fue implementada<g/>.\n        Criterios de detección\n\n        La coincidencia NO debe ser textual.\n\n        Debes identificar conceptos aunque:\n\n        estén parafraseados\n        utilicen sinónimos\n        tengan errores gramaticales menores\n        aparezcan en distinto orden\n\n        La coincidencia debe ser semántica.\n\n        Un concepto se considera presente cuando:\n\n        la idea principal está correctamente expresada\n        la terminología utilizada es suficientemente precisa\n        el significado coincide con el concepto definido\n\n        No marques conceptos cuando:\n\n        la idea sea incorrecta\n        la explicación contradiga el concepto\n        el concepto sea mencionado de forma ambigua o incompleta\n        aparezcan únicamente palabras clave sin explicación\n        Reglas de marcado de fragmentos\n\n        Marca el fragmento más pequeño posible que contenga el concepto completo.\n\n        Evita marcar párrafos enteros cuando una frase es suficiente.\n\n        No modifiques palabras.\n\n        No corrijas errores.\n\n        No reordenes texto.\n\n        No elimines contenido.\n\n        Solapamiento de conceptos\n\n        Un mismo fragmento puede satisfacer varios conceptos.\n\n        En ese caso:\n\n        permite anidamiento de etiquetas\n        utiliza siempre el fragmento mínimo necesario para cada concepto\n\n        Ejemplo:\n\n        <e=1><g=2>El ciclo TDD consiste en Rojo, Verde y Refactor</g></e>\n        Salida\n\n        La salida debe contener únicamente la respuesta original con las etiquetas insertadas.\n\n        No agregues:\n\n        comentarios\n        explicaciones\n        análisis\n        puntuaciones\n        observaciones\n        formato Markdown', '{\n  ""pregunta"": ""Explica el ciclo TDD y su importancia en el desarrollo de software."",\n  ""conceptos"": {\n    ""b"": [\n      ""TDD utiliza pruebas/tests"",\n      ""Los tests se escriben antes o durante el desarrollo"",\n      ""Existe un ciclo iterativo entre pruebas y código""\n    ],\n    ""g"": [\n      ""Menciona las fases Rojo y Verde"",\n      ""Explica que primero falla un test"",\n      ""Explica que luego se implementa código para hacerlo pasar"",\n      ""Relaciona el ciclo con la validación del comportamiento esperado""\n    ],\n    ""e"": [\n      ""Describe correctamente las tres fases: Rojo, Verde y Refactor"",\n      ""Explica el propósito de la refactorización"",\n      ""Relaciona TDD con calidad, especificaciones o prevención temprana de errores"",\n      ""Explica que los tests guían el desarrollo""\n    ]\n  }\n}\n']","El TDD en inglés es Test-Driven Development, es un mecanismo de test independientes para el proceso de un proyecto. <g=1>En primer lugar, está el test en rojo, es decir, los test de la práctica están fallando porque no está implementado</g>. <g=2>En segundo lugar, el test verde, es decir, se ha implementado los métodos necesarios para probar la ejecución</g>. <g=2>No importaría el largo del código sino su funcionamiento</g>. Y, por último, está el refactor, <e=1>se ha corregido dicha implementación para mejorar el código y su implementación</e>. <e=2>No se modifica su funcionamiento, pero sí el código para hacerlo más dinámico</e>. <e=1>Es un ciclo el cuál empieza en rojo -> verde -> refactor</e>. <e=3>Nos ayuda a comprobar si los métodos implementados han sido utilizados en los test y qué está fallando</e>.<|eot_id|>",9.0,32.626760959625244
1,"['Pregunta: Explica el ciclo TDD  y su importancia en el desarrollo de software.', 'Respuesta: Es una metodología en el desarrolo de proyectos software que se divide en fases, la fase en rojo nos informa que los test no han sido cubiertos de forma correcta y por lo tanto han fallado, la fase verde es la que nos indica que esos test han sido satisfactorios y cubren con lo requerido, y la ultima fase llamada refactor, es la que se encarga de limpiar el codigo y su diseño, evita codigo duplicado y por lo tanto el fin de este ciclo Test Driven Development']","['Eres un evaluador semántico especializado en respuestas académicas sobre TDD.\n\n        Tu tarea es recibir un par:\n\n        Pregunta\n        Respuesta del estudiante\n\n        Debes identificar fragmentos de texto que expresen conceptos relevantes para la pregunta y marcar dichos fragmentos utilizando etiquetas especiales.\n\n        Objetivo\n\n        No debes calificar la respuesta.\n\n        No debes explicar tu razonamiento.\n\n        No debes agregar texto nuevo.\n\n        Debes devolver exactamente la respuesta original del estudiante, insertando únicamente marcas de apertura y cierre alrededor de los fragmentos que representen conceptos reconocidos.\n\n        Reglas de marcado\n\n        Cada concepto posee:\n\n        un nivel:\n        b = básico\n        g = bueno\n        e = excelente\n        un índice numérico correspondiente a su posición dentro de la lista de conceptos de ese nivel.\n\n        Formato:\n\n        Inicio:\n\n        <b=1>\n        <g=2>\n        <e=3>\n\n        Fin:\n\n        <b/>\n        <g/>\n        <e/>\n\n        Ejemplo:\n\n        El test falla inicialmente <g=2>porque la funcionalidad aún no fue implementada<g/>.\n        Criterios de detección\n\n        La coincidencia NO debe ser textual.\n\n        Debes identificar conceptos aunque:\n\n        estén parafraseados\n        utilicen sinónimos\n        tengan errores gramaticales menores\n        aparezcan en distinto orden\n\n        La coincidencia debe ser semántica.\n\n        Un concepto se considera presente cuando:\n\n        la idea principal está correctamente expresada\n        la terminología utilizada es suficientemente precisa\n        el significado coincide con el concepto definido\n\n        No marques conceptos cuando:\n\n        la idea sea incorrecta\n        la explicación contradiga el concepto\n        el concepto sea mencionado de forma ambigua o incompleta\n        aparezcan únicamente palabras clave sin explicación\n        Reglas de marcado de fragmentos\n\n        Marca el fragmento más pequeño posible que contenga el concepto completo.\n\n        Evita marcar párrafos enteros cuando una frase es suficiente.\n\n        No modifiques palabras.\n\n        No corrijas errores.\n\n        No reordenes texto.\n\n        No elimines contenido.\n\n        Solapamiento de conceptos\n\n        Un mismo fragmento puede satisfacer varios conceptos.\n\n        En ese caso:\n\n        permite anidamiento de etiquetas\n        utiliza siempre el fragmento mínimo necesario para cada concepto\n\n        Ejemplo:\n\n        <e=1><g=2>El ciclo TDD consiste en Rojo, Verde y Refactor</g></e>\n        Salida\n\n        La salida debe contener únicamente la respuesta original con las etiquetas insertadas.\n\n        No agregues:\n\n        comentarios\n        explicaciones\n        análisis\n        puntuaciones\n        observaciones\n        formato Markdown', '{\n  ""pregunta"": ""Explica el ciclo TDD y su importancia en el desarrollo de software."",\n  ""conceptos"": {\n    ""b"": [\n      ""TDD utiliza pruebas/tests"",\n      ""Los tests se escriben antes o durante el desarrollo"",\n      ""Existe un ciclo iterativo entre pruebas y código""\n    ],\n    ""g"": [\n      ""Menciona las fases Rojo y Verde"",\n      ""Explica que primero falla un test"",\n      ""Explica que luego se implementa código para hacerlo pasar"",\n      ""Relaciona el ciclo con la validación del comportamiento esperado""\n    ],\n    ""e"": [\n      ""Describe correctamente las tres fases: Rojo, Verde y Refactor"",\n      ""Explica el propósito de la refactorización"",\n      ""Relaciona TDD con calidad, especificaciones o prevención temprana de errores"",\n      ""Explica que los tests guían el desarrollo""\n    ]\n  }\n}\n']","El test falla inicialmente <b=1>porque la funcionalidad aún no fue implementada</b> <g=1> y no se han cubierto los tests de forma correcta <b/>, pero luego se implementa código para hacerlos pasar <g=2> y se entra en la fase verde <g/>, en la que se verifica que los tests hayan sido satisfactorios <g/>. La fase de refactorización <g=2> se encarga de limpiar el código y su diseño <g/>. El ciclo TDD <g=2> se utiliza para evitar código duplicado <g/> y garantizar la calidad y especificaciones del software <e=1>. Los tests <b=1> guían el desarrollo <b/> y permiten una validación temprana de errores <e/>.<|eot_id|>",8.0,27.170160055160522
2,"['Pregunta: Explica el ciclo TDD  y su importancia en el desarrollo de software.', 'Respuesta: El ciclo TDD (Test-Driven Development) consiste en 3 pasos cíclicos para desarrollar un codigo por completo de manera fiable y modular. Los 3 pasos son los siguientes:\n\n1. Rojo: se hacen test que luego comprobarán el codigo del proyecto. Además, se prueban para que el test falle.\n\n2. Verde: se desarrolla el minimo codigo con el que se pueda pasar el test de esa parte del codigo. Y se prueba para que todos los test pasen.\n\n3. Refactor: se mejora el codigo manteniendo las pruebas test en verde.']","['Eres un evaluador semántico especializado en respuestas académicas sobre TDD.\n\n        Tu tarea es recibir un par:\n\n        Pregunta\n        Respuesta del estudiante\n\n        Debes identificar fragmentos de texto que expresen conceptos relevantes para la pregunta y marcar dichos fragmentos utilizando etiquetas especiales.\n\n        Objetivo\n\n        No debes calificar la respuesta.\n\n        No debes explicar tu razonamiento.\n\n        No debes agregar texto nuevo.\n\n        Debes devolver exactamente la respuesta original del estudiante, insertando únicamente marcas de apertura y cierre alrededor de los fragmentos que representen conceptos reconocidos.\n\n        Reglas de marcado\n\n        Cada concepto posee:\n\n        un nivel:\n        b = básico\n        g = bueno\n        e = excelente\n        un índice numérico correspondiente a su posición dentro de la lista de conceptos de ese nivel.\n\n        Formato:\n\n        Inicio:\n\n        <b=1>\n        <g=2>\n        <e=3>\n\n        Fin:\n\n        <b/>\n        <g/>\n        <e/>\n\n        Ejemplo:\n\n        El test falla inicialmente <g=2>porque la funcionalidad aún no fue implementada<g/>.\n        Criterios de detección\n\n        La coincidencia NO debe ser textual.\n\n        Debes identificar conceptos aunque:\n\n        estén parafraseados\n        utilicen sinónimos\n        tengan errores gramaticales menores\n        aparezcan en distinto orden\n\n        La coincidencia debe ser semántica.\n\n        Un concepto se considera presente cuando:\n\n        la idea principal está correctamente expresada\n        la terminología utilizada es suficientemente precisa\n        el significado coincide con el concepto definido\n\n        No marques conceptos cuando:\n\n        la idea sea incorrecta\n        la explicación contradiga el concepto\n        el concepto sea mencionado de forma ambigua o incompleta\n        aparezcan únicamente palabras clave sin explicación\n        Reglas de marcado de fragmentos\n\n        Marca el fragmento más pequeño posible que contenga el concepto completo.\n\n        Evita marcar párrafos enteros cuando una frase es suficiente.\n\n        No modifiques palabras.\n\n        No corrijas errores.\n\n        No reordenes texto.\n\n        No elimines contenido.\n\n        Solapamiento de conceptos\n\n        Un mismo fragmento puede satisfacer varios conceptos.\n\n        En ese caso:\n\n        permite anidamiento de etiquetas\n        utiliza siempre el fragmento mínimo necesario para cada concepto\n\n        Ejemplo:\n\n        <e=1><g=2>El ciclo TDD consiste en Rojo, Verde y Refactor</g></e>\n        Salida\n\n        La salida debe contener únicamente la respuesta original con las etiquetas insertadas.\n\n        No agregues:\n\n        comentarios\n        explicaciones\n        análisis\n        puntuaciones\n        observaciones\n        formato Markdown', '{\n  ""pregunta"": ""Explica el ciclo TDD y su importancia en el desarrollo de software."",\n  ""conceptos"": {\n    ""b"": [\n      ""TDD utiliza pruebas/tests"",\n      ""Los tests se escriben antes o durante el desarrollo"",\n      ""Existe un ciclo iterativo entre pruebas y código""\n    ],\n    ""g"": [\n      ""Menciona las fases Rojo y Verde"",\n      ""Explica que primero falla un test"",\n      ""Explica que luego se implementa código para hacerlo pasar"",\n      ""Relaciona el ciclo con la validación del comportamiento esperado""\n    ],\n    ""e"": [\n      ""Describe correctamente las tres fases: Rojo, Verde y Refactor"",\n      ""Explica el propósito de la refactorización"",\n      ""Relaciona TDD con calidad, especificaciones o prevención temprana de errores"",\n      ""Explica que los tests guían el desarrollo""\n    ]\n  }\n}\n']","<e=1>El ciclo TDD (Test-Driven Development) <b=1>utiliza pruebas/tests</b> consiste en 3 pasos cíclicos para desarrollar un codigo por completo de manera fiable y modular. Los 3 pasos son los siguientes:<e/> <g=2>Los tests se escriben antes o durante el desarrollo</g>. Los pasos son los siguientes:<g/>

1. <g=2>Rojo</g>: <g=2>se hacen test que luego comprobarán el codigo del proyecto</g>. Además, <g=2>se prueban para que el test falle</g>.
 
2. <g=2>Verde</g>: <g=2>se desarrolla el minimo codigo con el que se pueda pasar el test de esa parte del codigo</g>. Y <g=2>se prueba para que todos los test pasen</g>.
 
3. <g=2>Refactor</g>: <g=2>se mejora el codigo manteniendo las pruebas test en verde</g>. <e=1>Existe un ciclo iterativo entre pruebas y código</e>.",10.0,34.28854560852051
3,"['Pregunta: Explica el ciclo TDD  y su importancia en el desarrollo de software.', 'Respuesta: El TDD es una metodologia en la que se crean unos test y posteriormente se programa las funcionalidades, tiene un ciclo iterativo el cual se basa en Rojo-Verde-Refactor:\n-Rojo: Se crean test que fallan por no tener implementadas las funcionalidades.\n-Verde: Se crean las funcionalidades para los test para que den correctos.\n-Refactor: Se mejoran las funcionalidades sin alterar el comportamiento.\n\nEl objetivo del TDD es el de guiar al diseño de software a traves de pruebas automaticas (test).\n\nGracias al TDD se pueden crear mejores diseños de software y aun que tenga un mayor tiempo de comienzo, al hacer primero los test y luego la programación consigues anteponerte a posibles errores, siempre y cuando sigas las buenas practicas del TDD.']","['Eres un evaluador semántico especializado en respuestas académicas sobre TDD.\n\n        Tu tarea es recibir un par:\n\n        Pregunta\n        Respuesta del estudiante\n\n        Debes identificar fragmentos de texto que expresen conceptos relevantes para la pregunta y marcar dichos fragmentos utilizando etiquetas especiales.\n\n        Objetivo\n\n        No debes calificar la respuesta.\n\n        No debes explicar tu razonamiento.\n\n        No debes agregar texto nuevo.\n\n        Debes devolver exactamente la respuesta original del estudiante, insertando únicamente marcas de apertura y cierre alrededor de los fragmentos que representen conceptos reconocidos.\n\n        Reglas de marcado\n\n        Cada concepto posee:\n\n        un nivel:\n        b = básico\n        g = bueno\n        e = excelente\n        un índice numérico correspondiente a su posición dentro de la lista de conceptos de ese nivel.\n\n        Formato:\n\n        Inicio:\n\n        <b=1>\n        <g=2>\n        <e=3>\n\n        Fin:\n\n        <b/>\n        <g/>\n        <e/>\n\n        Ejemplo:\n\n        El test falla inicialmente <g=2>porque la funcionalidad aún no fue implementada<g/>.\n        Criterios de detección\n\n        La coincidencia NO debe ser textual.\n\n        Debes identificar conceptos aunque:\n\n        estén parafraseados\n        utilicen sinónimos\n        tengan errores gramaticales menores\n        aparezcan en distinto orden\n\n        La coincidencia debe ser semántica.\n\n        Un concepto se considera presente cuando:\n\n        la idea principal está correctamente expresada\n        la terminología utilizada es suficientemente precisa\n        el significado coincide con el concepto definido\n\n        No marques conceptos cuando:\n\n        la idea sea incorrecta\n        la explicación contradiga el concepto\n        el concepto sea mencionado de forma ambigua o incompleta\n        aparezcan únicamente palabras clave sin explicación\n        Reglas de marcado de fragmentos\n\n        Marca el fragmento más pequeño posible que contenga el concepto completo.\n\n        Evita marcar párrafos enteros cuando una frase es suficiente.\n\n        No modifiques palabras.\n\n        No corrijas errores.\n\n        No reordenes texto.\n\n        No elimines contenido.\n\n        Solapamiento de conceptos\n\n        Un mismo fragmento puede satisfacer varios conceptos.\n\n        En ese caso:\n\n        permite anidamiento de etiquetas\n        utiliza siempre el fragmento mínimo necesario para cada concepto\n\n        Ejemplo:\n\n        <e=1><g=2>El ciclo TDD consiste en Rojo, Verde y Refactor</g></e>\n        Salida\n\n        La salida debe contener únicamente la respuesta original con las etiquetas insertadas.\n\n        No agregues:\n\n        comentarios\n        explicaciones\n        análisis\n        puntuaciones\n        observaciones\n        formato Markdown', '{\n  ""pregunta"": ""Explica el ciclo TDD y su importancia en el desarrollo de software."",\n  ""conceptos"": {\n    ""b"": [\n      ""TDD utiliza pruebas/tests"",\n      ""Los tests se escriben antes o durante el desarrollo"",\n      ""Existe un ciclo iterativo entre pruebas y código""\n    ],\n    ""g"": [\n      ""Menciona las fases Rojo y Verde"",\n      ""Explica que primero falla un test"",\n      ""Explica que luego se implementa código para hacerlo pasar"",\n      ""Relaciona el ciclo con la validación del comportamiento esperado""\n    ],\n    ""e"": [\n      ""Describe correctamente las tres fases: Rojo, Verde y Refactor"",\n      ""Explica el propósito de la refactorización"",\n      ""Relaciona TDD con calidad, especificaciones o prevención temprana de errores"",\n      ""Explica que los tests guían el desarrollo""\n    ]\n  }\n}\n']","<e=1>El TDD es una metodologia en la que se crean unos <b=1>test y posteriormente se programa las funcionalidades</b>, tiene un <g=2>ciclo iterativo el cual se basa en <g=2>Rojo-Verde-Refactor</g></e>:
<g=2>-Rojo: Se crean <b=1>test que fallan por no tener implementadas las funcionalidades</b></g>
<g=2>-Verde: Se crean las funcionalidades para los <b=1>test para que den correctos</b></g>
<g=2>-Refactor: Se <b=1>mejoran las funcionalidades sin alterar el comportamiento</b></g>
<e=1>El objetivo del TDD es el de <g=2>guar el diseño de software a traves de pruebas automaticas (test)</e>
<g=2>Gracias al TDD se pueden crear mejores diseños de software y aun que tenga un mayor tiempo de comienzo, al hacer primero los <b=1>test y luego la programación consigues anteponerte",10.0,35.246609687805176
4,"['Pregunta: Explica el ciclo TDD  y su importancia en el desarrollo de software.', 'Respuesta: El ciclo de TDD consiste en un formato de 3 pasos.\n\nEl primero consiste en el rojo, que se trata de un test que falla. Por ejemplo, has puesto una función sin definir\n\nEl segundo es el verde, que trata de implementar lo mínimo para que pase dicho test. Por ejemplo, como he dicho en el paso anterior definir esa función era lo mínimo para que pase el test\n\nY por último, refactor, que consiste en mejorar dicho código que ha pasado el test. Por ejemplo, has renombrado las variables que no tenían nombres muy significativos o has mejorado alguna función que era demasiado compleja\n\nEs importante en el desarrollo de software para grupos nuevos debido a que dicho software se desarrolla de manera progresiva']","['Eres un evaluador semántico especializado en respuestas académicas sobre TDD.\n\n        Tu tarea es recibir un par:\n\n        Pregunta\n        Respuesta del estudiante\n\n        Debes identificar fragmentos de texto que expresen conceptos relevantes para la pregunta y marcar dichos fragmentos utilizando etiquetas especiales.\n\n        Objetivo\n\n        No debes calificar la respuesta.\n\n        No debes explicar tu razonamiento.\n\n        No debes agregar texto nuevo.\n\n        Debes devolver exactamente la respuesta original del estudiante, insertando únicamente marcas de apertura y cierre alrededor de los fragmentos que representen conceptos reconocidos.\n\n        Reglas de marcado\n\n        Cada concepto posee:\n\n        un nivel:\n        b = básico\n        g = bueno\n        e = excelente\n        un índice numérico correspondiente a su posición dentro de la lista de conceptos de ese nivel.\n\n        Formato:\n\n        Inicio:\n\n        <b=1>\n        <g=2>\n        <e=3>\n\n        Fin:\n\n        <b/>\n        <g/>\n        <e/>\n\n        Ejemplo:\n\n        El test falla inicialmente <g=2>porque la funcionalidad aún no fue implementada<g/>.\n        Criterios de detección\n\n        La coincidencia NO debe ser textual.\n\n        Debes identificar conceptos aunque:\n\n        estén parafraseados\n        utilicen sinónimos\n        tengan errores gramaticales menores\n        aparezcan en distinto orden\n\n        La coincidencia debe ser semántica.\n\n        Un concepto se considera presente cuando:\n\n        la idea principal está correctamente expresada\n        la terminología utilizada es suficientemente precisa\n        el significado coincide con el concepto definido\n\n        No marques conceptos cuando:\n\n        la idea sea incorrecta\n        la explicación contradiga el concepto\n        el concepto sea mencionado de forma ambigua o incompleta\n        aparezcan únicamente palabras clave sin explicación\n        Reglas de marcado de fragmentos\n\n        Marca el fragmento más pequeño posible que contenga el concepto completo.\n\n        Evita marcar párrafos enteros cuando una frase es suficiente.\n\n        No modifiques palabras.\n\n        No corrijas errores.\n\n        No reordenes texto.\n\n        No elimines contenido.\n\n        Solapamiento de conceptos\n\n        Un mismo fragmento puede satisfacer varios conceptos.\n\n        En ese caso:\n\n        permite anidamiento de etiquetas\n        utiliza siempre el fragmento mínimo necesario para cada concepto\n\n        Ejemplo:\n\n        <e=1><g=2>El ciclo TDD consiste en Rojo, Verde y Refactor</g></e>\n        Salida\n\n        La salida debe contener únicamente la respuesta original con las etiquetas insertadas.\n\n        No agregues:\n\n        comentarios\n        explicaciones\n        análisis\n        puntuaciones\n        observaciones\n        formato Markdown', '{\n  ""pregunta"": ""Explica el ciclo TDD y su importancia en el desarrollo de software."",\n  ""conceptos"": {\n    ""b"": [\n      ""TDD utiliza pruebas/tests"",\n      ""Los tests se escriben antes o durante el desarrollo"",\n      ""Existe un ciclo iterativo entre pruebas y código""\n    ],\n    ""g"": [\n      ""Menciona las fases Rojo y Verde"",\n      ""Explica que primero falla un test"",\n      ""Explica que luego se implementa código para hacerlo pasar"",\n      ""Relaciona el ciclo con la validación del comportamiento esperado""\n    ],\n    ""e"": [\n      ""Describe correctamente las tres fases: Rojo, Verde y Refactor"",\n      ""Explica el propósito de la refactorización"",\n      ""Relaciona TDD con calidad, especificaciones o prevención temprana de errores"",\n      ""Explica que los tests guían el desarrollo""\n    ]\n  }\n}\n']","<e=1>El ciclo de TDD consiste en un formato de 3 pasos.<g=1> El primero consiste en el <g=2>rojo, que se trata de un test que falla</g>, por ejemplo, <g=2>has puesto una función sin definir</g><b=1><g=2>Los tests se escriben antes o durante el desarrollo</g></b><e=1>. <g=2>Por ejemplo, como he dicho en el paso anterior definir esa función era lo mínimo para que pase el test</g> <b=1><g=2>Existe un ciclo iterativo entre pruebas y código</g></b><e=1>. <g=2>Y luego se implementa código para hacerlo pasar</g><b=1><g=2>Relaciona el ciclo con la validación del comportamiento esperado</g></b><e=1>. <g=2>Y por último, refactor, que consiste en mejorar dicho código que ha pasado el test</g><b=1><g=2>Explica que primero falla un test</g></b><e=1>.",9.0,34.62099003791809
5,"['Pregunta: Explica el ciclo TDD  y su importancia en el desarrollo de software.', 'Respuesta: El ciclo TDD (Test Driven Development) es una metodología utilizada en la ingeniería del software que permite implementar los requisitos a código mediante el uso de pruebas o tests. Para ello, sigue el siguiente ciclo de tests:\n\n-Rojo: se escribe un test que no cumple, no pasa, va a fallar (ya que las clases y métodos no están todavía implementados).\n\n-Verde: se implementa el código mínimo para que el test anterior pase sin ningún problema\n\n-Refactor: se mejora\xa0 el código o estructura interna sin afectar a la salida o comportamiento del programa.\n\nEl TDD es importante en el desarrollo de software porque permite crear programas con códigos completos y eficientes, asegurandonos de que todas las líneas de código están cubiertas y que no se ha creado código innecesario. Es un tipo de programación proactiva en la que primero se crean los tests y luego el código.']","['Eres un evaluador semántico especializado en respuestas académicas sobre TDD.\n\n        Tu tarea es recibir un par:\n\n        Pregunta\n        Respuesta del estudiante\n\n        Debes identificar fragmentos de texto que expresen conceptos relevantes para la pregunta y marcar dichos fragmentos utilizando etiquetas especiales.\n\n        Objetivo\n\n        No debes calificar la respuesta.\n\n        No debes explicar tu razonamiento.\n\n        No debes agregar texto nuevo.\n\n        Debes devolver exactamente la respuesta original del estudiante, insertando únicamente marcas de apertura y cierre alrededor de los fragmentos que representen conceptos reconocidos.\n\n        Reglas de marcado\n\n        Cada concepto posee:\n\n        un nivel:\n        b = básico\n        g = bueno\n        e = excelente\n        un índice numérico correspondiente a su posición dentro de la lista de conceptos de ese nivel.\n\n        Formato:\n\n        Inicio:\n\n        <b=1>\n        <g=2>\n        <e=3>\n\n        Fin:\n\n        <b/>\n        <g/>\n        <e/>\n\n        Ejemplo:\n\n        El test falla inicialmente <g=2>porque la funcionalidad aún no fue implementada<g/>.\n        Criterios de detección\n\n        La coincidencia NO debe ser textual.\n\n        Debes identificar conceptos aunque:\n\n        estén parafraseados\n        utilicen sinónimos\n        tengan errores gramaticales menores\n        aparezcan en distinto orden\n\n        La coincidencia debe ser semántica.\n\n        Un concepto se considera presente cuando:\n\n        la idea principal está correctamente expresada\n        la terminología utilizada es suficientemente precisa\n        el significado coincide con el concepto definido\n\n        No marques conceptos cuando:\n\n        la idea sea incorrecta\n        la explicación contradiga el concepto\n        el concepto sea mencionado de forma ambigua o incompleta\n        aparezcan únicamente palabras clave sin explicación\n        Reglas de marcado de fragmentos\n\n        Marca el fragmento más pequeño posible que contenga el concepto completo.\n\n        Evita marcar párrafos enteros cuando una frase es suficiente.\n\n        No modifiques palabras.\n\n        No corrijas errores.\n\n        No reordenes texto.\n\n        No elimines contenido.\n\n        Solapamiento de conceptos\n\n        Un mismo fragmento puede satisfacer varios conceptos.\n\n        En ese caso:\n\n        permite anidamiento de etiquetas\n        utiliza siempre el fragmento mínimo necesario para cada concepto\n\n        Ejemplo:\n\n        <e=1><g=2>El ciclo TDD consiste en Rojo, Verde y Refactor</g></e>\n        Salida\n\n        La salida debe contener únicamente la respuesta original con las etiquetas insertadas.\n\n        No agregues:\n\n        comentarios\n        explicaciones\n        análisis\n        puntuaciones\n        observaciones\n        formato Markdown', '{\n  ""pregunta"": ""Explica el ciclo TDD y su importancia en el desarrollo de software."",\n  ""conceptos"": {\n    ""b"": [\n      ""TDD utiliza pruebas/tests"",\n      ""Los tests se escriben antes o durante el desarrollo"",\n      ""Existe un ciclo iterativo entre pruebas y código""\n    ],\n    ""g"": [\n      ""Menciona las fases Rojo y Verde"",\n      ""Explica que primero falla un test"",\n      ""Explica que luego se implementa código para hacerlo pasar"",\n      ""Relaciona el ciclo con la validación del comportamiento esperado""\n    ],\n    ""e"": [\n      ""Describe correctamente las tres fases: Rojo, Verde y Refactor"",\n      ""Explica el propósito de la refactorización"",\n      ""Relaciona TDD con calidad, especificaciones o prevención temprana de errores"",\n      ""Explica que los tests guían el desarrollo""\n    ]\n  }\n}\n']","El ciclo TDD <e=1>consiste en tres fases: Rojo, Verde y Refactor</e>. <g=2>La primera fase, Rojo, implica escribir un test que no cumple, no pasa y falla</g> porque las clases y métodos no están implementados todavía. <g=2>Luego, en la fase Verde, se implementa el código mínimo para que el test anterior pase sin ningún problema</g>. Finalmente, en la fase Refactor, <g=2>se mejora el código o estructura interna sin afectar a la salida o comportamiento del programa</g>. <e=3>El TDD es importante en el desarrollo de software porque permite crear programas con códigos completos y eficientes, asegurandonos de que todas las líneas de código están cubiertas y que no se ha creado código innecesario</e>. <g=2>Es un tipo de programación proactiva en la que primero se crean los tests y luego el código</g>.<|eot_id|>",10.0,32.99452328681946
6,"['Pregunta: Explica el ciclo TDD  y su importancia en el desarrollo de software.', 'Respuesta: El ciclo TDD (Test Driven Development), se basa en desarrollar aplicaciones siguiendo el ciclo Red - Green - Refactor. Este ciclo consta:\nEn el primer paso, Red, crear un test que falle. En el segundo paso, Green, escribir lo mínimo necesario para que ese test escrito pase. Y por último en Refactor, optimizar y mejorar el código ya escrito.\n\nPor ejemplo: Escribes un test en un proyecto Maven y ejecutas mvn test, en terminal sale que no se ha pasado correctamente (Red), entonces vuelves a tu código donde tienes el test, y lo modificas para que ese mvn test pase correctamente (Green), y ya finalmente optimizas tu código (Refactor).']","['Eres un evaluador semántico especializado en respuestas académicas sobre TDD.\n\n        Tu tarea es recibir un par:\n\n        Pregunta\n        Respuesta del estudiante\n\n        Debes identificar fragmentos de texto que expresen conceptos relevantes para la pregunta y marcar dichos fragmentos utilizando etiquetas especiales.\n\n        Objetivo\n\n        No debes calificar la respuesta.\n\n        No debes explicar tu razonamiento.\n\n        No debes agregar texto nuevo.\n\n        Debes devolver exactamente la respuesta original del estudiante, insertando únicamente marcas de apertura y cierre alrededor de los fragmentos que representen conceptos reconocidos.\n\n        Reglas de marcado\n\n        Cada concepto posee:\n\n        un nivel:\n        b = básico\n        g = bueno\n        e = excelente\n        un índice numérico correspondiente a su posición dentro de la lista de conceptos de ese nivel.\n\n        Formato:\n\n        Inicio:\n\n        <b=1>\n        <g=2>\n        <e=3>\n\n        Fin:\n\n        <b/>\n        <g/>\n        <e/>\n\n        Ejemplo:\n\n        El test falla inicialmente <g=2>porque la funcionalidad aún no fue implementada<g/>.\n        Criterios de detección\n\n        La coincidencia NO debe ser textual.\n\n        Debes identificar conceptos aunque:\n\n        estén parafraseados\n        utilicen sinónimos\n        tengan errores gramaticales menores\n        aparezcan en distinto orden\n\n        La coincidencia debe ser semántica.\n\n        Un concepto se considera presente cuando:\n\n        la idea principal está correctamente expresada\n        la terminología utilizada es suficientemente precisa\n        el significado coincide con el concepto definido\n\n        No marques conceptos cuando:\n\n        la idea sea incorrecta\n        la explicación contradiga el concepto\n        el concepto sea mencionado de forma ambigua o incompleta\n        aparezcan únicamente palabras clave sin explicación\n        Reglas de marcado de fragmentos\n\n        Marca el fragmento más pequeño posible que contenga el concepto completo.\n\n        Evita marcar párrafos enteros cuando una frase es suficiente.\n\n        No modifiques palabras.\n\n        No corrijas errores.\n\n        No reordenes texto.\n\n        No elimines contenido.\n\n        Solapamiento de conceptos\n\n        Un mismo fragmento puede satisfacer varios conceptos.\n\n        En ese caso:\n\n        permite anidamiento de etiquetas\n        utiliza siempre el fragmento mínimo necesario para cada concepto\n\n        Ejemplo:\n\n        <e=1><g=2>El ciclo TDD consiste en Rojo, Verde y Refactor</g></e>\n        Salida\n\n        La salida debe contener únicamente la respuesta original con las etiquetas insertadas.\n\n        No agregues:\n\n        comentarios\n        explicaciones\n        análisis\n        puntuaciones\n        observaciones\n        formato Markdown', '{\n  ""pregunta"": ""Explica el ciclo TDD y su importancia en el desarrollo de software."",\n  ""conceptos"": {\n    ""b"": [\n      ""TDD utiliza pruebas/tests"",\n      ""Los tests se escriben antes o durante el desarrollo"",\n      ""Existe un ciclo iterativo entre pruebas y código""\n    ],\n    ""g"": [\n      ""Menciona las fases Rojo y Verde"",\n      ""Explica que primero falla un test"",\n      ""Explica que luego se implementa código para hacerlo pasar"",\n      ""Relaciona el ciclo con la validación del comportamiento esperado""\n    ],\n    ""e"": [\n      ""Describe correctamente las tres fases: Rojo, Verde y Refactor"",\n      ""Explica el propósito de la refactorización"",\n      ""Relaciona TDD con calidad, especificaciones o prevención temprana de errores"",\n      ""Explica que los tests guían el desarrollo""\n    ]\n  }\n}\n']","<e=1>El ciclo TDD <g=2>se basa en desarrollar aplicaciones siguiendo el ciclo Red - Green - Refactor</g></e>. <g=2>Este ciclo consta:</g> <e=1>En el primer paso, Red, <g=2>crear un test que falle</g></e>. <g=2>En el segundo paso, Green, <g=2>escribir lo mínimo necesario para que ese test escrito pase</g></e>. <g=2>Y por último en Refactor, <g=2>optimizar y mejorar el código ya escrito</g></e>. <g=2>Por ejemplo: Escribes un test en un proyecto Maven y ejecutas mvn test, en terminal sale que no se ha pasado correctamente (Red), entonces vuelves a tu código donde tienes el test, y lo modificas para que ese mvn test pase correctamente (Green), y ya finalmente optimizas tu código (Refactor)</g>.<|eot_id|>",5.0,31.508585929870605
7,"['Pregunta: Explica el ciclo TDD  y su importancia en el desarrollo de software.', 'Respuesta: El ciclo TDD es una metodología de desarrollo la cual sigue 3 pasos, el paso red, el primero, se realizan test, y por supuesto este test falla porque no hay nada implementado, luego sigue el verde, en el que se implementa un método o funcionalidad que valide el test del paso rojo de cualquier forma, y luego llegamos al tercer y ultimo paso que es el refactor en el cual se implementa la forma óptima para pasar el test. Y tiene una gran importancia ya que permite solucionar el fallo lo antes posible sin necesidad de buscar la forma óptima que requiere más tiempo.']","['Eres un evaluador semántico especializado en respuestas académicas sobre TDD.\n\n        Tu tarea es recibir un par:\n\n        Pregunta\n        Respuesta del estudiante\n\n        Debes identificar fragmentos de texto que expresen conceptos relevantes para la pregunta y marcar dichos fragmentos utilizando etiquetas especiales.\n\n        Objetivo\n\n        No debes calificar la respuesta.\n\n        No debes explicar tu razonamiento.\n\n        No debes agregar texto nuevo.\n\n        Debes devolver exactamente la respuesta original del estudiante, insertando únicamente marcas de apertura y cierre alrededor de los fragmentos que representen conceptos reconocidos.\n\n        Reglas de marcado\n\n        Cada concepto posee:\n\n        un nivel:\n        b = básico\n        g = bueno\n        e = excelente\n        un índice numérico correspondiente a su posición dentro de la lista de conceptos de ese nivel.\n\n        Formato:\n\n        Inicio:\n\n        <b=1>\n        <g=2>\n        <e=3>\n\n        Fin:\n\n        <b/>\n        <g/>\n        <e/>\n\n        Ejemplo:\n\n        El test falla inicialmente <g=2>porque la funcionalidad aún no fue implementada<g/>.\n        Criterios de detección\n\n        La coincidencia NO debe ser textual.\n\n        Debes identificar conceptos aunque:\n\n        estén parafraseados\n        utilicen sinónimos\n        tengan errores gramaticales menores\n        aparezcan en distinto orden\n\n        La coincidencia debe ser semántica.\n\n        Un concepto se considera presente cuando:\n\n        la idea principal está correctamente expresada\n        la terminología utilizada es suficientemente precisa\n        el significado coincide con el concepto definido\n\n        No marques conceptos cuando:\n\n        la idea sea incorrecta\n        la explicación contradiga el concepto\n        el concepto sea mencionado de forma ambigua o incompleta\n        aparezcan únicamente palabras clave sin explicación\n        Reglas de marcado de fragmentos\n\n        Marca el fragmento más pequeño posible que contenga el concepto completo.\n\n        Evita marcar párrafos enteros cuando una frase es suficiente.\n\n        No modifiques palabras.\n\n        No corrijas errores.\n\n        No reordenes texto.\n\n        No elimines contenido.\n\n        Solapamiento de conceptos\n\n        Un mismo fragmento puede satisfacer varios conceptos.\n\n        En ese caso:\n\n        permite anidamiento de etiquetas\n        utiliza siempre el fragmento mínimo necesario para cada concepto\n\n        Ejemplo:\n\n        <e=1><g=2>El ciclo TDD consiste en Rojo, Verde y Refactor</g></e>\n        Salida\n\n        La salida debe contener únicamente la respuesta original con las etiquetas insertadas.\n\n        No agregues:\n\n        comentarios\n        explicaciones\n        análisis\n        puntuaciones\n        observaciones\n        formato Markdown', '{\n  ""pregunta"": ""Explica el ciclo TDD y su importancia en el desarrollo de software."",\n  ""conceptos"": {\n    ""b"": [\n      ""TDD utiliza pruebas/tests"",\n      ""Los tests se escriben antes o durante el desarrollo"",\n      ""Existe un ciclo iterativo entre pruebas y código""\n    ],\n    ""g"": [\n      ""Menciona las fases Rojo y Verde"",\n      ""Explica que primero falla un test"",\n      ""Explica que luego se implementa código para hacerlo pasar"",\n      ""Relaciona el ciclo con la validación del comportamiento esperado""\n    ],\n    ""e"": [\n      ""Describe correctamente las tres fases: Rojo, Verde y Refactor"",\n      ""Explica el propósito de la refactorización"",\n      ""Relaciona TDD con calidad, especificaciones o prevención temprana de errores"",\n      ""Explica que los tests guían el desarrollo""\n    ]\n  }\n}\n']","El ciclo TDD <e=1>existe un ciclo iterativo entre pruebas y código</e> y se compone de tres fases: <g=1>Rojo, Verde y Refactor</g>. <e=2>La fase Rojo se caracteriza por la creación de tests que fallan porque la funcionalidad aún no fue implementada</e>, <g=2>luego se implementa código para hacer que los tests pasen</g> en la fase Verde, y finalmente, en la fase Refactor, <e=3>se optimiza el código para mejorar su calidad y eficiencia</e>. <e=1>TDD permite solucionar errores lo antes posible</e> y <g=2>guía el desarrollo a través de la validación del comportamiento esperado</g>, lo que <e=3>mejora la calidad y previene errores tempranos</e>.<|eot_id|>",8.0,29.41501522064209
8,"['Pregunta: Explica el ciclo TDD  y su importancia en el desarrollo de software.', 'Respuesta: El ciclo TDD o desarrollo de pruebas guiado\xa0, es una metodologia, en el que las pruebas se desarrollan antes que el codigo de produccion. Es un ciclo corto y continuo y se divide en tres fases:\n\nCiclo Rojo, se desarrolla el el test y este no pasara ya que todavia no se ha implementado el codigo.\n\nCiclo Verde, se implementa el codigo minimo, y los test pasaran.\n\nCiclo Refactor, se mejora el codigo, manteniendolos test.\n\nEsto garantiza un codigo limpio, bien modulado, reduciendo la cantidad de codigo y el debugging']","['Eres un evaluador semántico especializado en respuestas académicas sobre TDD.\n\n        Tu tarea es recibir un par:\n\n        Pregunta\n        Respuesta del estudiante\n\n        Debes identificar fragmentos de texto que expresen conceptos relevantes para la pregunta y marcar dichos fragmentos utilizando etiquetas especiales.\n\n        Objetivo\n\n        No debes calificar la respuesta.\n\n        No debes explicar tu razonamiento.\n\n        No debes agregar texto nuevo.\n\n        Debes devolver exactamente la respuesta original del estudiante, insertando únicamente marcas de apertura y cierre alrededor de los fragmentos que representen conceptos reconocidos.\n\n        Reglas de marcado\n\n        Cada concepto posee:\n\n        un nivel:\n        b = básico\n        g = bueno\n        e = excelente\n        un índice numérico correspondiente a su posición dentro de la lista de conceptos de ese nivel.\n\n        Formato:\n\n        Inicio:\n\n        <b=1>\n        <g=2>\n        <e=3>\n\n        Fin:\n\n        <b/>\n        <g/>\n        <e/>\n\n        Ejemplo:\n\n        El test falla inicialmente <g=2>porque la funcionalidad aún no fue implementada<g/>.\n        Criterios de detección\n\n        La coincidencia NO debe ser textual.\n\n        Debes identificar conceptos aunque:\n\n        estén parafraseados\n        utilicen sinónimos\n        tengan errores gramaticales menores\n        aparezcan en distinto orden\n\n        La coincidencia debe ser semántica.\n\n        Un concepto se considera presente cuando:\n\n        la idea principal está correctamente expresada\n        la terminología utilizada es suficientemente precisa\n        el significado coincide con el concepto definido\n\n        No marques conceptos cuando:\n\n        la idea sea incorrecta\n        la explicación contradiga el concepto\n        el concepto sea mencionado de forma ambigua o incompleta\n        aparezcan únicamente palabras clave sin explicación\n        Reglas de marcado de fragmentos\n\n        Marca el fragmento más pequeño posible que contenga el concepto completo.\n\n        Evita marcar párrafos enteros cuando una frase es suficiente.\n\n        No modifiques palabras.\n\n        No corrijas errores.\n\n        No reordenes texto.\n\n        No elimines contenido.\n\n        Solapamiento de conceptos\n\n        Un mismo fragmento puede satisfacer varios conceptos.\n\n        En ese caso:\n\n        permite anidamiento de etiquetas\n        utiliza siempre el fragmento mínimo necesario para cada concepto\n\n        Ejemplo:\n\n        <e=1><g=2>El ciclo TDD consiste en Rojo, Verde y Refactor</g></e>\n        Salida\n\n        La salida debe contener únicamente la respuesta original con las etiquetas insertadas.\n\n        No agregues:\n\n        comentarios\n        explicaciones\n        análisis\n        puntuaciones\n        observaciones\n        formato Markdown', '{\n  ""pregunta"": ""Explica el ciclo TDD y su importancia en el desarrollo de software."",\n  ""conceptos"": {\n    ""b"": [\n      ""TDD utiliza pruebas/tests"",\n      ""Los tests se escriben antes o durante el desarrollo"",\n      ""Existe un ciclo iterativo entre pruebas y código""\n    ],\n    ""g"": [\n      ""Menciona las fases Rojo y Verde"",\n      ""Explica que primero falla un test"",\n      ""Explica que luego se implementa código para hacerlo pasar"",\n      ""Relaciona el ciclo con la validación del comportamiento esperado""\n    ],\n    ""e"": [\n      ""Describe correctamente las tres fases: Rojo, Verde y Refactor"",\n      ""Explica el propósito de la refactorización"",\n      ""Relaciona TDD con calidad, especificaciones o prevención temprana de errores"",\n      ""Explica que los tests guían el desarrollo""\n    ]\n  }\n}\n']","<e=1>El ciclo TDD <b=1>utiliza pruebas/tests</b> <g=2>antes de que el código de producción</g> <e=2>y se divide en tres fases</e>. <g=2>La fase Rojo se desarrolla cuando el test no pasa</g> <e=2>porque aún no se ha implementado el código</e>. <g=2>En la fase Verde, se implementa el código mínimo y los tests pasan</g> <e=2>y en la fase Refactor, se mejora el código manteniendo los tests</e>. <e=3>Esto garantiza un código limpio, bien modulado, reduciendo la cantidad de código y el debugging</e>.<|eot_id|>",10.0,26.32452154159546
9,"['Pregunta: Explica el ciclo TDD  y su importancia en el desarrollo de software.', 'Respuesta: El tdd, signfica test-driven-development, y es una metodologia de desarrollo de software, que se basa principalmente en test.\n\nSe caracteriza por:\n\nun test en rojo, donde el codigo proporcionado no pasa el test,\n\nluego un test en verde el cual pasa el test pero con un codigo minimo.\n\ny finalmente refactor, donde mientras el test esta en verde, depuramos el codigo, hacemos una limpieza de variables, las duplicadas las eliminamos, etc...\n\nrojo --> verde --> refactor\n\nEs importante este ciclo en el desarrollo ya que, trabajamos en base a los test, los cuales pueden ahorrarnos ciertos bugs, aunque es mas tedioso primero hacer el test, seguirlos, puede hacer que hagamos un codigo mas simple']","['Eres un evaluador semántico especializado en respuestas académicas sobre TDD.\n\n        Tu tarea es recibir un par:\n\n        Pregunta\n        Respuesta del estudiante\n\n        Debes identificar fragmentos de texto que expresen conceptos relevantes para la pregunta y marcar dichos fragmentos utilizando etiquetas especiales.\n\n        Objetivo\n\n        No debes calificar la respuesta.\n\n        No debes explicar tu razonamiento.\n\n        No debes agregar texto nuevo.\n\n        Debes devolver exactamente la respuesta original del estudiante, insertando únicamente marcas de apertura y cierre alrededor de los fragmentos que representen conceptos reconocidos.\n\n        Reglas de marcado\n\n        Cada concepto posee:\n\n        un nivel:\n        b = básico\n        g = bueno\n        e = excelente\n        un índice numérico correspondiente a su posición dentro de la lista de conceptos de ese nivel.\n\n        Formato:\n\n        Inicio:\n\n        <b=1>\n        <g=2>\n        <e=3>\n\n        Fin:\n\n        <b/>\n        <g/>\n        <e/>\n\n        Ejemplo:\n\n        El test falla inicialmente <g=2>porque la funcionalidad aún no fue implementada<g/>.\n        Criterios de detección\n\n        La coincidencia NO debe ser textual.\n\n        Debes identificar conceptos aunque:\n\n        estén parafraseados\n        utilicen sinónimos\n        tengan errores gramaticales menores\n        aparezcan en distinto orden\n\n        La coincidencia debe ser semántica.\n\n        Un concepto se considera presente cuando:\n\n        la idea principal está correctamente expresada\n        la terminología utilizada es suficientemente precisa\n        el significado coincide con el concepto definido\n\n        No marques conceptos cuando:\n\n        la idea sea incorrecta\n        la explicación contradiga el concepto\n        el concepto sea mencionado de forma ambigua o incompleta\n        aparezcan únicamente palabras clave sin explicación\n        Reglas de marcado de fragmentos\n\n        Marca el fragmento más pequeño posible que contenga el concepto completo.\n\n        Evita marcar párrafos enteros cuando una frase es suficiente.\n\n        No modifiques palabras.\n\n        No corrijas errores.\n\n        No reordenes texto.\n\n        No elimines contenido.\n\n        Solapamiento de conceptos\n\n        Un mismo fragmento puede satisfacer varios conceptos.\n\n        En ese caso:\n\n        permite anidamiento de etiquetas\n        utiliza siempre el fragmento mínimo necesario para cada concepto\n\n        Ejemplo:\n\n        <e=1><g=2>El ciclo TDD consiste en Rojo, Verde y Refactor</g></e>\n        Salida\n\n        La salida debe contener únicamente la respuesta original con las etiquetas insertadas.\n\n        No agregues:\n\n        comentarios\n        explicaciones\n        análisis\n        puntuaciones\n        observaciones\n        formato Markdown', '{\n  ""pregunta"": ""Explica el ciclo TDD y su importancia en el desarrollo de software."",\n  ""conceptos"": {\n    ""b"": [\n      ""TDD utiliza pruebas/tests"",\n      ""Los tests se escriben antes o durante el desarrollo"",\n      ""Existe un ciclo iterativo entre pruebas y código""\n    ],\n    ""g"": [\n      ""Menciona las fases Rojo y Verde"",\n      ""Explica que primero falla un test"",\n      ""Explica que luego se implementa código para hacerlo pasar"",\n      ""Relaciona el ciclo con la validación del comportamiento esperado""\n    ],\n    ""e"": [\n      ""Describe correctamente las tres fases: Rojo, Verde y Refactor"",\n      ""Explica el propósito de la refactorización"",\n      ""Relaciona TDD con calidad, especificaciones o prevención temprana de errores"",\n      ""Explica que los tests guían el desarrollo""\n    ]\n  }\n}\n']","<e=1>El tdd, signfica <g=2>test-driven-development</g>, y es una <g=2>metodologia de desarrollo de software</g>, que se basa principalmente en <b=1>tests</b>. <e=1>Se caracteriza por:</e> <g=2>un test en rojo</g>, donde el <b=1>código proporcionado no pasa el test</b>, <g=2>luego un test en verde</g> el cual <b=1>pasa el test pero con un código mínimo</b>, <e=1>y finalmente refactor</e>, donde <g=2>mientras el test está en verde</g>, <b=1>depuramos el código</b>, <b=1>hacemos una limpieza de variables</b>, <b=1>las duplicadas las eliminamos</b>, etc... <e=1>rojo --> verde --> refactor</e>. <e=1>Es importante este ciclo en el desarrollo</e> ya que, <g=2>trabajamos en base a los tests</g>, <b=1>los",9.0,34.65720200538635
10,"['Pregunta: Explica el ciclo TDD  y su importancia en el desarrollo de software.', 'Respuesta: El ciclo TDD (Test driven development) es una metodología de desarrollo de software que se basa en ir haciendo tests a lo largo del desarrollo de manera que se pueden ir resolviendo los problemas y bugs de maneras mas claras y sencillas. Se empieza haciendo un test rojo (un primer test con sus debidos errores) luego un test verde (test que funciona pero que todavía no es perfecto) y por último tests refactores (tests solucionando cada error hasta que este perfecto o casi perfecto el codigo). El TDD ofrece varias ventajas a la hora de diseñar cada función, como puede ser la granularidad (testear con los fragmentos de código lo mas pequeños posibles para identificar facilmente cualquier error) o aislamiento (probar las funciones individualmente a ver si funcionan por su cuenta en vez de probarlas junto con el resto del código).']","['Eres un evaluador semántico especializado en respuestas académicas sobre TDD.\n\n        Tu tarea es recibir un par:\n\n        Pregunta\n        Respuesta del estudiante\n\n        Debes identificar fragmentos de texto que expresen conceptos relevantes para la pregunta y marcar dichos fragmentos utilizando etiquetas especiales.\n\n        Objetivo\n\n        No debes calificar la respuesta.\n\n        No debes explicar tu razonamiento.\n\n        No debes agregar texto nuevo.\n\n        Debes devolver exactamente la respuesta original del estudiante, insertando únicamente marcas de apertura y cierre alrededor de los fragmentos que representen conceptos reconocidos.\n\n        Reglas de marcado\n\n        Cada concepto posee:\n\n        un nivel:\n        b = básico\n        g = bueno\n        e = excelente\n        un índice numérico correspondiente a su posición dentro de la lista de conceptos de ese nivel.\n\n        Formato:\n\n        Inicio:\n\n        <b=1>\n        <g=2>\n        <e=3>\n\n        Fin:\n\n        <b/>\n        <g/>\n        <e/>\n\n        Ejemplo:\n\n        El test falla inicialmente <g=2>porque la funcionalidad aún no fue implementada<g/>.\n        Criterios de detección\n\n        La coincidencia NO debe ser textual.\n\n        Debes identificar conceptos aunque:\n\n        estén parafraseados\n        utilicen sinónimos\n        tengan errores gramaticales menores\n        aparezcan en distinto orden\n\n        La coincidencia debe ser semántica.\n\n        Un concepto se considera presente cuando:\n\n        la idea principal está correctamente expresada\n        la terminología utilizada es suficientemente precisa\n        el significado coincide con el concepto definido\n\n        No marques conceptos cuando:\n\n        la idea sea incorrecta\n        la explicación contradiga el concepto\n        el concepto sea mencionado de forma ambigua o incompleta\n        aparezcan únicamente palabras clave sin explicación\n        Reglas de marcado de fragmentos\n\n        Marca el fragmento más pequeño posible que contenga el concepto completo.\n\n        Evita marcar párrafos enteros cuando una frase es suficiente.\n\n        No modifiques palabras.\n\n        No corrijas errores.\n\n        No reordenes texto.\n\n        No elimines contenido.\n\n        Solapamiento de conceptos\n\n        Un mismo fragmento puede satisfacer varios conceptos.\n\n        En ese caso:\n\n        permite anidamiento de etiquetas\n        utiliza siempre el fragmento mínimo necesario para cada concepto\n\n        Ejemplo:\n\n        <e=1><g=2>El ciclo TDD consiste en Rojo, Verde y Refactor</g></e>\n        Salida\n\n        La salida debe contener únicamente la respuesta original con las etiquetas insertadas.\n\n        No agregues:\n\n        comentarios\n        explicaciones\n        análisis\n        puntuaciones\n        observaciones\n        formato Markdown', '{\n  ""pregunta"": ""Explica el ciclo TDD y su importancia en el desarrollo de software."",\n  ""conceptos"": {\n    ""b"": [\n      ""TDD utiliza pruebas/tests"",\n      ""Los tests se escriben antes o durante el desarrollo"",\n      ""Existe un ciclo iterativo entre pruebas y código""\n    ],\n    ""g"": [\n      ""Menciona las fases Rojo y Verde"",\n      ""Explica que primero falla un test"",\n      ""Explica que luego se implementa código para hacerlo pasar"",\n      ""Relaciona el ciclo con la validación del comportamiento esperado""\n    ],\n    ""e"": [\n      ""Describe correctamente las tres fases: Rojo, Verde y Refactor"",\n      ""Explica el propósito de la refactorización"",\n      ""Relaciona TDD con calidad, especificaciones o prevención temprana de errores"",\n      ""Explica que los tests guían el desarrollo""\n    ]\n  }\n}\n']","<e=1>El ciclo TDD (Test driven development) <g=2>se basa en ir haciendo tests a lo largo del desarrollo de manera que se pueden ir resolviendo los problemas y bugs de maneras mas claras y sencillas</g>. <g=2>Se empieza haciendo un test rojo (un primer test con sus debidos errores)</g>, luego <g=2>un test verde (test que funciona pero que todavía no es perfecto)</g> y <g=2>por último tests refactores (tests solucionando cada error hasta que este perfecto o casi perfecto el codigo)</g>. <e=1>El TDD ofrece varias ventajas a la hora de diseñar cada función, como puede ser la <b=1>granularidad (testear con los fragmentos de código lo mas pequeños posibles para identificar facilmente cualquier error)</b> o el <b=1>aislamiento (probar las funciones individualmente a ver si funcionan por su cuenta en vez de probarlas junto con el resto del código)</b>.<|eot_id|>",7.0,33.72521090507507
11,"['Pregunta: Explica el ciclo TDD  y su importancia en el desarrollo de software.', 'Respuesta: El ciclo TDD se trata de un desarrollo basado en los tests, de ahí su nombre: Test-Drive-Development. Consta de las siguientes fases:\n\n1. Fase RED: se crea un test que va a fallar. Por ejemplo se crea un test llamado comprobarDescuento, pues falla ya que no hay un modelo existente descuento.java o un método existente aplicarDescuento.\n\n2. Fase GREEN: se implementa el mínimo código necesario para que el test funcione (pase verde). Siguiendo el ejemplo anterior: se implementaría el modelo y el método mencionado para que ya funcione.\n\n3. Fase REFACTOR: fase donde se mejora el código test anterior, bien sea optimizando el código o desarrollándolo de manera más eficiente con la intención simplemente de mejora. Como ejemplo se modificaría el test comprobarDescuento.\n\nLa importancia del ciclo TDD en el desarrollo de software es que permite llevar a cabo una metodología donde al ser el test lo más importante del desarrollo, permite simplificar otros procesos. Tiene sentido para proyectos más grandes, donde al haber tanto código, el principal objetivo es que generalmente ese código sea eficiente, es decir, que cumpla la función que tenga que cumplir.']","['Eres un evaluador semántico especializado en respuestas académicas sobre TDD.\n\n        Tu tarea es recibir un par:\n\n        Pregunta\n        Respuesta del estudiante\n\n        Debes identificar fragmentos de texto que expresen conceptos relevantes para la pregunta y marcar dichos fragmentos utilizando etiquetas especiales.\n\n        Objetivo\n\n        No debes calificar la respuesta.\n\n        No debes explicar tu razonamiento.\n\n        No debes agregar texto nuevo.\n\n        Debes devolver exactamente la respuesta original del estudiante, insertando únicamente marcas de apertura y cierre alrededor de los fragmentos que representen conceptos reconocidos.\n\n        Reglas de marcado\n\n        Cada concepto posee:\n\n        un nivel:\n        b = básico\n        g = bueno\n        e = excelente\n        un índice numérico correspondiente a su posición dentro de la lista de conceptos de ese nivel.\n\n        Formato:\n\n        Inicio:\n\n        <b=1>\n        <g=2>\n        <e=3>\n\n        Fin:\n\n        <b/>\n        <g/>\n        <e/>\n\n        Ejemplo:\n\n        El test falla inicialmente <g=2>porque la funcionalidad aún no fue implementada<g/>.\n        Criterios de detección\n\n        La coincidencia NO debe ser textual.\n\n        Debes identificar conceptos aunque:\n\n        estén parafraseados\n        utilicen sinónimos\n        tengan errores gramaticales menores\n        aparezcan en distinto orden\n\n        La coincidencia debe ser semántica.\n\n        Un concepto se considera presente cuando:\n\n        la idea principal está correctamente expresada\n        la terminología utilizada es suficientemente precisa\n        el significado coincide con el concepto definido\n\n        No marques conceptos cuando:\n\n        la idea sea incorrecta\n        la explicación contradiga el concepto\n        el concepto sea mencionado de forma ambigua o incompleta\n        aparezcan únicamente palabras clave sin explicación\n        Reglas de marcado de fragmentos\n\n        Marca el fragmento más pequeño posible que contenga el concepto completo.\n\n        Evita marcar párrafos enteros cuando una frase es suficiente.\n\n        No modifiques palabras.\n\n        No corrijas errores.\n\n        No reordenes texto.\n\n        No elimines contenido.\n\n        Solapamiento de conceptos\n\n        Un mismo fragmento puede satisfacer varios conceptos.\n\n        En ese caso:\n\n        permite anidamiento de etiquetas\n        utiliza siempre el fragmento mínimo necesario para cada concepto\n\n        Ejemplo:\n\n        <e=1><g=2>El ciclo TDD consiste en Rojo, Verde y Refactor</g></e>\n        Salida\n\n        La salida debe contener únicamente la respuesta original con las etiquetas insertadas.\n\n        No agregues:\n\n        comentarios\n        explicaciones\n        análisis\n        puntuaciones\n        observaciones\n        formato Markdown', '{\n  ""pregunta"": ""Explica el ciclo TDD y su importancia en el desarrollo de software."",\n  ""conceptos"": {\n    ""b"": [\n      ""TDD utiliza pruebas/tests"",\n      ""Los tests se escriben antes o durante el desarrollo"",\n      ""Existe un ciclo iterativo entre pruebas y código""\n    ],\n    ""g"": [\n      ""Menciona las fases Rojo y Verde"",\n      ""Explica que primero falla un test"",\n      ""Explica que luego se implementa código para hacerlo pasar"",\n      ""Relaciona el ciclo con la validación del comportamiento esperado""\n    ],\n    ""e"": [\n      ""Describe correctamente las tres fases: Rojo, Verde y Refactor"",\n      ""Explica el propósito de la refactorización"",\n      ""Relaciona TDD con calidad, especificaciones o prevención temprana de errores"",\n      ""Explica que los tests guían el desarrollo""\n    ]\n  }\n}\n']","El ciclo TDD se trata de un desarrollo basado en los tests, de ahí su nombre: Test-Drive-Development. Consta de las siguientes fases:\n\n1. Fase <b=1>RED: se crea un test que va a fallar</b>. Por ejemplo se crea un test llamado comprobarDescuento, pues <b=1>falla ya que no hay un modelo existente descuento.java o un método existente aplicarDescuento</b>.\n\n2. Fase <g=2>GREEN: se implementa el mínimo código necesario para que el test funcione (pase verde)</g>. Siguiendo el ejemplo anterior: se implementaría el modelo y el método mencionado para que ya funcione.\n\n3. Fase <g=2>REFACTOR: fase donde se mejora el código test anterior, bien sea optimizando el código o desarrollándolo de manera más eficiente con la intención simplemente de mejora</g>. Como ejemplo se modificaría el test comprobarDescuento.\n\nLa importancia del ciclo TDD en el desarrollo de software es que permite llevar a cabo una metodología donde al ser el test",6.0,36.21469473838806
12,"['Pregunta: Explica el ciclo TDD  y su importancia en el desarrollo de software.', 'Respuesta: El ciclo TDD (Test-Driven Development), es una metodologia que se bass en la implementacion de test al principio del desarrollo del codigo para asi evitar errores tardios que son dificiles de gestionar y resolver. TDD tiene distintas etapas en las que encontramos: 1. Red: es en la parte en la que crear un test que va a dar error. 2. Green: es la etapa en la que se ejecuta un codigo minimo para resolver este test y que salga de color verde. Por ultimo tenemos la fase refactor, en la cual sin modificar los test en verde, mejoramos, optimizamos y organizamos el codigo para que este sea mas eficiente y no haya codigo duplicado o codigo inecesario. Esto en el desarollo de software es clave ya que nos resuelve un gran numero de problemas y podemos hacer que nuestro codigo sea mas fiable y no tenga tantos errores a la hora de desplegar la aplicacion. Tambien si trabajamos en equipo es una ventaja, ya que los test nos permiten entender el fucionamiento del codigo o si hay errores donde los podemos detectar.']","['Eres un evaluador semántico especializado en respuestas académicas sobre TDD.\n\n        Tu tarea es recibir un par:\n\n        Pregunta\n        Respuesta del estudiante\n\n        Debes identificar fragmentos de texto que expresen conceptos relevantes para la pregunta y marcar dichos fragmentos utilizando etiquetas especiales.\n\n        Objetivo\n\n        No debes calificar la respuesta.\n\n        No debes explicar tu razonamiento.\n\n        No debes agregar texto nuevo.\n\n        Debes devolver exactamente la respuesta original del estudiante, insertando únicamente marcas de apertura y cierre alrededor de los fragmentos que representen conceptos reconocidos.\n\n        Reglas de marcado\n\n        Cada concepto posee:\n\n        un nivel:\n        b = básico\n        g = bueno\n        e = excelente\n        un índice numérico correspondiente a su posición dentro de la lista de conceptos de ese nivel.\n\n        Formato:\n\n        Inicio:\n\n        <b=1>\n        <g=2>\n        <e=3>\n\n        Fin:\n\n        <b/>\n        <g/>\n        <e/>\n\n        Ejemplo:\n\n        El test falla inicialmente <g=2>porque la funcionalidad aún no fue implementada<g/>.\n        Criterios de detección\n\n        La coincidencia NO debe ser textual.\n\n        Debes identificar conceptos aunque:\n\n        estén parafraseados\n        utilicen sinónimos\n        tengan errores gramaticales menores\n        aparezcan en distinto orden\n\n        La coincidencia debe ser semántica.\n\n        Un concepto se considera presente cuando:\n\n        la idea principal está correctamente expresada\n        la terminología utilizada es suficientemente precisa\n        el significado coincide con el concepto definido\n\n        No marques conceptos cuando:\n\n        la idea sea incorrecta\n        la explicación contradiga el concepto\n        el concepto sea mencionado de forma ambigua o incompleta\n        aparezcan únicamente palabras clave sin explicación\n        Reglas de marcado de fragmentos\n\n        Marca el fragmento más pequeño posible que contenga el concepto completo.\n\n        Evita marcar párrafos enteros cuando una frase es suficiente.\n\n        No modifiques palabras.\n\n        No corrijas errores.\n\n        No reordenes texto.\n\n        No elimines contenido.\n\n        Solapamiento de conceptos\n\n        Un mismo fragmento puede satisfacer varios conceptos.\n\n        En ese caso:\n\n        permite anidamiento de etiquetas\n        utiliza siempre el fragmento mínimo necesario para cada concepto\n\n        Ejemplo:\n\n        <e=1><g=2>El ciclo TDD consiste en Rojo, Verde y Refactor</g></e>\n        Salida\n\n        La salida debe contener únicamente la respuesta original con las etiquetas insertadas.\n\n        No agregues:\n\n        comentarios\n        explicaciones\n        análisis\n        puntuaciones\n        observaciones\n        formato Markdown', '{\n  ""pregunta"": ""Explica el ciclo TDD y su importancia en el desarrollo de software."",\n  ""conceptos"": {\n    ""b"": [\n      ""TDD utiliza pruebas/tests"",\n      ""Los tests se escriben antes o durante el desarrollo"",\n      ""Existe un ciclo iterativo entre pruebas y código""\n    ],\n    ""g"": [\n      ""Menciona las fases Rojo y Verde"",\n      ""Explica que primero falla un test"",\n      ""Explica que luego se implementa código para hacerlo pasar"",\n      ""Relaciona el ciclo con la validación del comportamiento esperado""\n    ],\n    ""e"": [\n      ""Describe correctamente las tres fases: Rojo, Verde y Refactor"",\n      ""Explica el propósito de la refactorización"",\n      ""Relaciona TDD con calidad, especificaciones o prevención temprana de errores"",\n      ""Explica que los tests guían el desarrollo""\n    ]\n  }\n}\n']","El ciclo TDD <e=1>consiste en tres fases: Rojo, Verde y Refactor</e>. La primera fase, <g=1>Rojo, se refiere a la creación de un test que da error</g>, lo que indica que el código no está implementado. La segunda fase, <g=2>Verde, implica implementar un código mínimo para resolver el test y hacer que salga verde</g>. Finalmente, la tercera fase, <g=3>Refactor, consiste en mejorar, optimizar y organizar el código sin modificar los tests en verde</g>, lo que ayuda a evitar código duplicado o innecesario. Esta metodología es <b=1>utilizar pruebas/tests</b> y <b=2>escribir tests antes o durante el desarrollo</b>, lo que permite <b=3>existe un ciclo iterativo entre pruebas y código</b>. TDD es <g=1>clave en el desarrollo de software</g>, ya que <g=2>permite evitar errores tardíos y resolver problemas</g> y <g=3>hacer que el código sea más",10.0,35.43853211402893
13,"['Pregunta: Explica el ciclo TDD  y su importancia en el desarrollo de software.', 'Respuesta: El ciclo del TDD es una fase en el desarrollo e implementacion del software la cual consiste en la evaluación del codigo mediante pruebas de este. Existen multiples formas de evaluar, en Java, existen frameworks como JUnit5, Maven test o JaCoCo que nos permiten realizar estas pruebas unitarias y test para verificar el codigo.\nLos test suelen estar clasificados en 3 tipos que son TDD rojo donde se indica que el test falla y no pasa, TDD verde donde se implementa el codigo minimo necesario para pasar el test y el TDD refactor donde se refactoriza el codigo minimo implementado para mejorarlo y que aún supere las pruebas.\n\nUn ejemplo de test pueden ser los assertion test los cuales en funcion del tipo de test sabremos si este pasa o no, un ejemplo de ellos son los AssertionNull donde comprobamos si el parametro es nulo o no']","['Eres un evaluador semántico especializado en respuestas académicas sobre TDD.\n\n        Tu tarea es recibir un par:\n\n        Pregunta\n        Respuesta del estudiante\n\n        Debes identificar fragmentos de texto que expresen conceptos relevantes para la pregunta y marcar dichos fragmentos utilizando etiquetas especiales.\n\n        Objetivo\n\n        No debes calificar la respuesta.\n\n        No debes explicar tu razonamiento.\n\n        No debes agregar texto nuevo.\n\n        Debes devolver exactamente la respuesta original del estudiante, insertando únicamente marcas de apertura y cierre alrededor de los fragmentos que representen conceptos reconocidos.\n\n        Reglas de marcado\n\n        Cada concepto posee:\n\n        un nivel:\n        b = básico\n        g = bueno\n        e = excelente\n        un índice numérico correspondiente a su posición dentro de la lista de conceptos de ese nivel.\n\n        Formato:\n\n        Inicio:\n\n        <b=1>\n        <g=2>\n        <e=3>\n\n        Fin:\n\n        <b/>\n        <g/>\n        <e/>\n\n        Ejemplo:\n\n        El test falla inicialmente <g=2>porque la funcionalidad aún no fue implementada<g/>.\n        Criterios de detección\n\n        La coincidencia NO debe ser textual.\n\n        Debes identificar conceptos aunque:\n\n        estén parafraseados\n        utilicen sinónimos\n        tengan errores gramaticales menores\n        aparezcan en distinto orden\n\n        La coincidencia debe ser semántica.\n\n        Un concepto se considera presente cuando:\n\n        la idea principal está correctamente expresada\n        la terminología utilizada es suficientemente precisa\n        el significado coincide con el concepto definido\n\n        No marques conceptos cuando:\n\n        la idea sea incorrecta\n        la explicación contradiga el concepto\n        el concepto sea mencionado de forma ambigua o incompleta\n        aparezcan únicamente palabras clave sin explicación\n        Reglas de marcado de fragmentos\n\n        Marca el fragmento más pequeño posible que contenga el concepto completo.\n\n        Evita marcar párrafos enteros cuando una frase es suficiente.\n\n        No modifiques palabras.\n\n        No corrijas errores.\n\n        No reordenes texto.\n\n        No elimines contenido.\n\n        Solapamiento de conceptos\n\n        Un mismo fragmento puede satisfacer varios conceptos.\n\n        En ese caso:\n\n        permite anidamiento de etiquetas\n        utiliza siempre el fragmento mínimo necesario para cada concepto\n\n        Ejemplo:\n\n        <e=1><g=2>El ciclo TDD consiste en Rojo, Verde y Refactor</g></e>\n        Salida\n\n        La salida debe contener únicamente la respuesta original con las etiquetas insertadas.\n\n        No agregues:\n\n        comentarios\n        explicaciones\n        análisis\n        puntuaciones\n        observaciones\n        formato Markdown', '{\n  ""pregunta"": ""Explica el ciclo TDD y su importancia en el desarrollo de software."",\n  ""conceptos"": {\n    ""b"": [\n      ""TDD utiliza pruebas/tests"",\n      ""Los tests se escriben antes o durante el desarrollo"",\n      ""Existe un ciclo iterativo entre pruebas y código""\n    ],\n    ""g"": [\n      ""Menciona las fases Rojo y Verde"",\n      ""Explica que primero falla un test"",\n      ""Explica que luego se implementa código para hacerlo pasar"",\n      ""Relaciona el ciclo con la validación del comportamiento esperado""\n    ],\n    ""e"": [\n      ""Describe correctamente las tres fases: Rojo, Verde y Refactor"",\n      ""Explica el propósito de la refactorización"",\n      ""Relaciona TDD con calidad, especificaciones o prevención temprana de errores"",\n      ""Explica que los tests guían el desarrollo""\n    ]\n  }\n}\n']","<b=1>TDD utiliza pruebas/tests</b> <g=1>Los tests se escriben antes o durante el desarrollo</g> <b=1>Existe un ciclo iterativo entre pruebas y código</b>. <g=2>El ciclo del TDD es una fase en el desarrollo e implementacion del software la cual consiste en la <g=2>evaluación del código mediante pruebas de este</g>. <g=2>Existen multiples formas de evaluar</g>, en <b=1>Java</b>, <g=2>existen frameworks como JUnit5, Maven test o JaCoCo</g> que nos permiten realizar estas <b=1>pruebas unitarias y test</b> para <g=2>verificar el código</g>. <g=2>Los test suelen estar clasificados en 3 tipos que son</g> <g=2>TDD rojo</g>, <g=2>donde se indica que el test falla y no pasa</g>, <g=2>TDD verde</g>, <g=2>donde se implementa el código mínimo necesario para pasar el test</g",6.0,34.95868396759033
14,"['Pregunta: Explica el ciclo TDD  y su importancia en el desarrollo de software.', 'Respuesta: La importancia de TDD (Test Driven Development) es una metodología de desarrollo en el cual se diseñan una serie de tests, con tal de acotar el alcance de nuestro programa además de tener herramientas para probar nuestro código. Esto sirve para la detección de bugs, ya que al ir cubriendo el código, se van cubriendo una gran parte importante de los bugs.']","['Eres un evaluador semántico especializado en respuestas académicas sobre TDD.\n\n        Tu tarea es recibir un par:\n\n        Pregunta\n        Respuesta del estudiante\n\n        Debes identificar fragmentos de texto que expresen conceptos relevantes para la pregunta y marcar dichos fragmentos utilizando etiquetas especiales.\n\n        Objetivo\n\n        No debes calificar la respuesta.\n\n        No debes explicar tu razonamiento.\n\n        No debes agregar texto nuevo.\n\n        Debes devolver exactamente la respuesta original del estudiante, insertando únicamente marcas de apertura y cierre alrededor de los fragmentos que representen conceptos reconocidos.\n\n        Reglas de marcado\n\n        Cada concepto posee:\n\n        un nivel:\n        b = básico\n        g = bueno\n        e = excelente\n        un índice numérico correspondiente a su posición dentro de la lista de conceptos de ese nivel.\n\n        Formato:\n\n        Inicio:\n\n        <b=1>\n        <g=2>\n        <e=3>\n\n        Fin:\n\n        <b/>\n        <g/>\n        <e/>\n\n        Ejemplo:\n\n        El test falla inicialmente <g=2>porque la funcionalidad aún no fue implementada<g/>.\n        Criterios de detección\n\n        La coincidencia NO debe ser textual.\n\n        Debes identificar conceptos aunque:\n\n        estén parafraseados\n        utilicen sinónimos\n        tengan errores gramaticales menores\n        aparezcan en distinto orden\n\n        La coincidencia debe ser semántica.\n\n        Un concepto se considera presente cuando:\n\n        la idea principal está correctamente expresada\n        la terminología utilizada es suficientemente precisa\n        el significado coincide con el concepto definido\n\n        No marques conceptos cuando:\n\n        la idea sea incorrecta\n        la explicación contradiga el concepto\n        el concepto sea mencionado de forma ambigua o incompleta\n        aparezcan únicamente palabras clave sin explicación\n        Reglas de marcado de fragmentos\n\n        Marca el fragmento más pequeño posible que contenga el concepto completo.\n\n        Evita marcar párrafos enteros cuando una frase es suficiente.\n\n        No modifiques palabras.\n\n        No corrijas errores.\n\n        No reordenes texto.\n\n        No elimines contenido.\n\n        Solapamiento de conceptos\n\n        Un mismo fragmento puede satisfacer varios conceptos.\n\n        En ese caso:\n\n        permite anidamiento de etiquetas\n        utiliza siempre el fragmento mínimo necesario para cada concepto\n\n        Ejemplo:\n\n        <e=1><g=2>El ciclo TDD consiste en Rojo, Verde y Refactor</g></e>\n        Salida\n\n        La salida debe contener únicamente la respuesta original con las etiquetas insertadas.\n\n        No agregues:\n\n        comentarios\n        explicaciones\n        análisis\n        puntuaciones\n        observaciones\n        formato Markdown', '{\n  ""pregunta"": ""Explica el ciclo TDD y su importancia en el desarrollo de software."",\n  ""conceptos"": {\n    ""b"": [\n      ""TDD utiliza pruebas/tests"",\n      ""Los tests se escriben antes o durante el desarrollo"",\n      ""Existe un ciclo iterativo entre pruebas y código""\n    ],\n    ""g"": [\n      ""Menciona las fases Rojo y Verde"",\n      ""Explica que primero falla un test"",\n      ""Explica que luego se implementa código para hacerlo pasar"",\n      ""Relaciona el ciclo con la validación del comportamiento esperado""\n    ],\n    ""e"": [\n      ""Describe correctamente las tres fases: Rojo, Verde y Refactor"",\n      ""Explica el propósito de la refactorización"",\n      ""Relaciona TDD con calidad, especificaciones o prevención temprana de errores"",\n      ""Explica que los tests guían el desarrollo""\n    ]\n  }\n}\n']","La respuesta original con las etiquetas insertadas es:

La importancia de TDD <b=1>TDD utiliza pruebas/tests</b> (Test Driven Development) es una metodología de desarrollo en el cual se diseñan una serie de <b=1>Los tests se escriben antes o durante el desarrollo</b> <g=2>con tal de acotar el alcance de nuestro programa</g> además de tener herramientas para probar nuestro código. Esto sirve para la <b=1>Existe un ciclo iterativo entre pruebas y código</b> <g=2>detección de bugs</g>, ya que al ir cubriendo el código, se van cubriendo una gran parte importante de los <b=1>Existe un ciclo iterativo entre pruebas y código</b> <g=2>bugs</g>.<|eot_id|>",5.0,27.16322350502014
15,"['Pregunta: Explica el ciclo TDD  y su importancia en el desarrollo de software.', 'Respuesta: El ciclo TDD, es una metodología de desarrollo de software que se basa en la producción de tests para la reducción de bugs y problemas a la hora del desarrollo.\nEste consta de 3 fases:\n- La primera fase en la que se crean los tests antes que el código (al no haber código para los tests, los resultados salen en rojo y los tests fallan)\n-La segunda fase en la que se crea el código en base a los tests previamente creados (ahora los tests salen en verde y pasan)\n-La tercera fase donde se refactoriza, se mejora el codigo ya escrito manteniendo los tests en verde.']","['Eres un evaluador semántico especializado en respuestas académicas sobre TDD.\n\n        Tu tarea es recibir un par:\n\n        Pregunta\n        Respuesta del estudiante\n\n        Debes identificar fragmentos de texto que expresen conceptos relevantes para la pregunta y marcar dichos fragmentos utilizando etiquetas especiales.\n\n        Objetivo\n\n        No debes calificar la respuesta.\n\n        No debes explicar tu razonamiento.\n\n        No debes agregar texto nuevo.\n\n        Debes devolver exactamente la respuesta original del estudiante, insertando únicamente marcas de apertura y cierre alrededor de los fragmentos que representen conceptos reconocidos.\n\n        Reglas de marcado\n\n        Cada concepto posee:\n\n        un nivel:\n        b = básico\n        g = bueno\n        e = excelente\n        un índice numérico correspondiente a su posición dentro de la lista de conceptos de ese nivel.\n\n        Formato:\n\n        Inicio:\n\n        <b=1>\n        <g=2>\n        <e=3>\n\n        Fin:\n\n        <b/>\n        <g/>\n        <e/>\n\n        Ejemplo:\n\n        El test falla inicialmente <g=2>porque la funcionalidad aún no fue implementada<g/>.\n        Criterios de detección\n\n        La coincidencia NO debe ser textual.\n\n        Debes identificar conceptos aunque:\n\n        estén parafraseados\n        utilicen sinónimos\n        tengan errores gramaticales menores\n        aparezcan en distinto orden\n\n        La coincidencia debe ser semántica.\n\n        Un concepto se considera presente cuando:\n\n        la idea principal está correctamente expresada\n        la terminología utilizada es suficientemente precisa\n        el significado coincide con el concepto definido\n\n        No marques conceptos cuando:\n\n        la idea sea incorrecta\n        la explicación contradiga el concepto\n        el concepto sea mencionado de forma ambigua o incompleta\n        aparezcan únicamente palabras clave sin explicación\n        Reglas de marcado de fragmentos\n\n        Marca el fragmento más pequeño posible que contenga el concepto completo.\n\n        Evita marcar párrafos enteros cuando una frase es suficiente.\n\n        No modifiques palabras.\n\n        No corrijas errores.\n\n        No reordenes texto.\n\n        No elimines contenido.\n\n        Solapamiento de conceptos\n\n        Un mismo fragmento puede satisfacer varios conceptos.\n\n        En ese caso:\n\n        permite anidamiento de etiquetas\n        utiliza siempre el fragmento mínimo necesario para cada concepto\n\n        Ejemplo:\n\n        <e=1><g=2>El ciclo TDD consiste en Rojo, Verde y Refactor</g></e>\n        Salida\n\n        La salida debe contener únicamente la respuesta original con las etiquetas insertadas.\n\n        No agregues:\n\n        comentarios\n        explicaciones\n        análisis\n        puntuaciones\n        observaciones\n        formato Markdown', '{\n  ""pregunta"": ""Explica el ciclo TDD y su importancia en el desarrollo de software."",\n  ""conceptos"": {\n    ""b"": [\n      ""TDD utiliza pruebas/tests"",\n      ""Los tests se escriben antes o durante el desarrollo"",\n      ""Existe un ciclo iterativo entre pruebas y código""\n    ],\n    ""g"": [\n      ""Menciona las fases Rojo y Verde"",\n      ""Explica que primero falla un test"",\n      ""Explica que luego se implementa código para hacerlo pasar"",\n      ""Relaciona el ciclo con la validación del comportamiento esperado""\n    ],\n    ""e"": [\n      ""Describe correctamente las tres fases: Rojo, Verde y Refactor"",\n      ""Explica el propósito de la refactorización"",\n      ""Relaciona TDD con calidad, especificaciones o prevención temprana de errores"",\n      ""Explica que los tests guían el desarrollo""\n    ]\n  }\n}\n']","El ciclo TDD, es una metodología de desarrollo de software que se basa en la producción de tests para la reducción de bugs y problemas a la hora del desarrollo.<b=1> TDD utiliza pruebas/tests</b> y se enfoca en la <g=1>validación del comportamiento esperado</g> a través de un ciclo iterativo entre pruebas y código. Este consta de 3 fases:<b=1> Existe un ciclo iterativo entre pruebas y código</b>:

- La primera fase en la que se crean los tests antes que el código (al no haber código para los tests, los resultados salen en <g=2>rojo</g> y los tests fallan)<g=2>porque la funcionalidad aún no fue implementada</g>.
- La segunda fase en la que se crea el código en base a los tests previamente creados (ahora los tests salen en <g=2>verde</g> y pasan).
- La tercera fase donde se <e=1>refactoriza, se mejora el codigo ya escrito</e> manteniendo los tests en <g=2",9.0,34.39575433731079
16,"['Pregunta: Explica el ciclo TDD  y su importancia en el desarrollo de software.', 'Respuesta: El ciclo TDD (Test Driven Development) es una manera de realizar proyectos de informatica que implican y tienen una parte muy importante de programacion. Su ciclo es:\n\n-red: En este punto se ha hecho un test el cual no pasa las pruebas correspondientes\n\n-green: En este punto se ha hecho el minimo codigo necesario como para que se pase el test\xa0\n\n-refactor: Aquí se implementa de una manera mas profunda y detallada codigo para que pase los diferentes test, ademas de que sea profesional, y este bien organizado y estructurado.\xa0\n\nEl TDD no deja de ser una manera de implementar software, pero se basa en hacer tests que vamos mejorando e implementando para que así el codigo este bien implementado, sin errores y cubriendo cualquier posibilidad ante algun problema. Es muy importante en el desarrollo de software ya que con esto nos aseguramos de que el codigo que vamos implementando, es estable correcto y no van a surgir fallos posteriormente; estando el codigo lo mas cubierto posible.']","['Eres un evaluador semántico especializado en respuestas académicas sobre TDD.\n\n        Tu tarea es recibir un par:\n\n        Pregunta\n        Respuesta del estudiante\n\n        Debes identificar fragmentos de texto que expresen conceptos relevantes para la pregunta y marcar dichos fragmentos utilizando etiquetas especiales.\n\n        Objetivo\n\n        No debes calificar la respuesta.\n\n        No debes explicar tu razonamiento.\n\n        No debes agregar texto nuevo.\n\n        Debes devolver exactamente la respuesta original del estudiante, insertando únicamente marcas de apertura y cierre alrededor de los fragmentos que representen conceptos reconocidos.\n\n        Reglas de marcado\n\n        Cada concepto posee:\n\n        un nivel:\n        b = básico\n        g = bueno\n        e = excelente\n        un índice numérico correspondiente a su posición dentro de la lista de conceptos de ese nivel.\n\n        Formato:\n\n        Inicio:\n\n        <b=1>\n        <g=2>\n        <e=3>\n\n        Fin:\n\n        <b/>\n        <g/>\n        <e/>\n\n        Ejemplo:\n\n        El test falla inicialmente <g=2>porque la funcionalidad aún no fue implementada<g/>.\n        Criterios de detección\n\n        La coincidencia NO debe ser textual.\n\n        Debes identificar conceptos aunque:\n\n        estén parafraseados\n        utilicen sinónimos\n        tengan errores gramaticales menores\n        aparezcan en distinto orden\n\n        La coincidencia debe ser semántica.\n\n        Un concepto se considera presente cuando:\n\n        la idea principal está correctamente expresada\n        la terminología utilizada es suficientemente precisa\n        el significado coincide con el concepto definido\n\n        No marques conceptos cuando:\n\n        la idea sea incorrecta\n        la explicación contradiga el concepto\n        el concepto sea mencionado de forma ambigua o incompleta\n        aparezcan únicamente palabras clave sin explicación\n        Reglas de marcado de fragmentos\n\n        Marca el fragmento más pequeño posible que contenga el concepto completo.\n\n        Evita marcar párrafos enteros cuando una frase es suficiente.\n\n        No modifiques palabras.\n\n        No corrijas errores.\n\n        No reordenes texto.\n\n        No elimines contenido.\n\n        Solapamiento de conceptos\n\n        Un mismo fragmento puede satisfacer varios conceptos.\n\n        En ese caso:\n\n        permite anidamiento de etiquetas\n        utiliza siempre el fragmento mínimo necesario para cada concepto\n\n        Ejemplo:\n\n        <e=1><g=2>El ciclo TDD consiste en Rojo, Verde y Refactor</g></e>\n        Salida\n\n        La salida debe contener únicamente la respuesta original con las etiquetas insertadas.\n\n        No agregues:\n\n        comentarios\n        explicaciones\n        análisis\n        puntuaciones\n        observaciones\n        formato Markdown', '{\n  ""pregunta"": ""Explica el ciclo TDD y su importancia en el desarrollo de software."",\n  ""conceptos"": {\n    ""b"": [\n      ""TDD utiliza pruebas/tests"",\n      ""Los tests se escriben antes o durante el desarrollo"",\n      ""Existe un ciclo iterativo entre pruebas y código""\n    ],\n    ""g"": [\n      ""Menciona las fases Rojo y Verde"",\n      ""Explica que primero falla un test"",\n      ""Explica que luego se implementa código para hacerlo pasar"",\n      ""Relaciona el ciclo con la validación del comportamiento esperado""\n    ],\n    ""e"": [\n      ""Describe correctamente las tres fases: Rojo, Verde y Refactor"",\n      ""Explica el propósito de la refactorización"",\n      ""Relaciona TDD con calidad, especificaciones o prevención temprana de errores"",\n      ""Explica que los tests guían el desarrollo""\n    ]\n  }\n}\n']","El ciclo TDD (Test Driven Development) es una manera de realizar proyectos de informática que implican y tienen una parte muy importante de programación. Su ciclo es: <g=1>en el que se ha hecho un test el cual no pasa las pruebas correspondientes</g>. <g=2>En este punto se ha hecho el mínimo código necesario como para que se pase el test</g>. <e=1><g=2>Aquí se implementa de una manera más profunda y detallada código para que pase los diferentes test, además de que sea profesional, y esté bien organizado y estructurado</g></e>. <g=1>El TDD no deja de ser una manera de implementar software, pero se basa en hacer tests que vamos mejorando e implementando para que así el código esté bien implementado, sin errores y cubriendo cualquier posibilidad ante algún problema</g>. <g=2>Es muy importante en el desarrollo de software ya que con esto nos aseguramos de que el código que vamos implementando, es estable, correcto y no van a surgir fallos posteriormente; estando el código lo más cubierto posible",7.0,35.46411156654358
17,"['Pregunta: Explica el ciclo TDD  y su importancia en el desarrollo de software.', 'Respuesta: El ciclo TDD (Test-Driven Development) es una metodología en la cual se hacen los tests antes del código. Tiene importancia en el desarrollo del software ya que lo primero que hacer al desarrollar es hacer los tests que actuán como prerequisitos, lo que hace que se vaya desarollando el código según los tests.\xa0\n\nEl ciclo que sigue el desarrollo es Rojo-Verde-Refactor:\n\n* Rojo: Se hace el test y falla (se pone en rojo) ya que no hay código.\n\n* Verde: Una vez hecho el test, se hace el código para que pase el test correctamente (verde).\n\n* Refactro: Manteniendo el verde, se edita el código para hacerlo más legible, sencillo, etc.']","['Eres un evaluador semántico especializado en respuestas académicas sobre TDD.\n\n        Tu tarea es recibir un par:\n\n        Pregunta\n        Respuesta del estudiante\n\n        Debes identificar fragmentos de texto que expresen conceptos relevantes para la pregunta y marcar dichos fragmentos utilizando etiquetas especiales.\n\n        Objetivo\n\n        No debes calificar la respuesta.\n\n        No debes explicar tu razonamiento.\n\n        No debes agregar texto nuevo.\n\n        Debes devolver exactamente la respuesta original del estudiante, insertando únicamente marcas de apertura y cierre alrededor de los fragmentos que representen conceptos reconocidos.\n\n        Reglas de marcado\n\n        Cada concepto posee:\n\n        un nivel:\n        b = básico\n        g = bueno\n        e = excelente\n        un índice numérico correspondiente a su posición dentro de la lista de conceptos de ese nivel.\n\n        Formato:\n\n        Inicio:\n\n        <b=1>\n        <g=2>\n        <e=3>\n\n        Fin:\n\n        <b/>\n        <g/>\n        <e/>\n\n        Ejemplo:\n\n        El test falla inicialmente <g=2>porque la funcionalidad aún no fue implementada<g/>.\n        Criterios de detección\n\n        La coincidencia NO debe ser textual.\n\n        Debes identificar conceptos aunque:\n\n        estén parafraseados\n        utilicen sinónimos\n        tengan errores gramaticales menores\n        aparezcan en distinto orden\n\n        La coincidencia debe ser semántica.\n\n        Un concepto se considera presente cuando:\n\n        la idea principal está correctamente expresada\n        la terminología utilizada es suficientemente precisa\n        el significado coincide con el concepto definido\n\n        No marques conceptos cuando:\n\n        la idea sea incorrecta\n        la explicación contradiga el concepto\n        el concepto sea mencionado de forma ambigua o incompleta\n        aparezcan únicamente palabras clave sin explicación\n        Reglas de marcado de fragmentos\n\n        Marca el fragmento más pequeño posible que contenga el concepto completo.\n\n        Evita marcar párrafos enteros cuando una frase es suficiente.\n\n        No modifiques palabras.\n\n        No corrijas errores.\n\n        No reordenes texto.\n\n        No elimines contenido.\n\n        Solapamiento de conceptos\n\n        Un mismo fragmento puede satisfacer varios conceptos.\n\n        En ese caso:\n\n        permite anidamiento de etiquetas\n        utiliza siempre el fragmento mínimo necesario para cada concepto\n\n        Ejemplo:\n\n        <e=1><g=2>El ciclo TDD consiste en Rojo, Verde y Refactor</g></e>\n        Salida\n\n        La salida debe contener únicamente la respuesta original con las etiquetas insertadas.\n\n        No agregues:\n\n        comentarios\n        explicaciones\n        análisis\n        puntuaciones\n        observaciones\n        formato Markdown', '{\n  ""pregunta"": ""Explica el ciclo TDD y su importancia en el desarrollo de software."",\n  ""conceptos"": {\n    ""b"": [\n      ""TDD utiliza pruebas/tests"",\n      ""Los tests se escriben antes o durante el desarrollo"",\n      ""Existe un ciclo iterativo entre pruebas y código""\n    ],\n    ""g"": [\n      ""Menciona las fases Rojo y Verde"",\n      ""Explica que primero falla un test"",\n      ""Explica que luego se implementa código para hacerlo pasar"",\n      ""Relaciona el ciclo con la validación del comportamiento esperado""\n    ],\n    ""e"": [\n      ""Describe correctamente las tres fases: Rojo, Verde y Refactor"",\n      ""Explica el propósito de la refactorización"",\n      ""Relaciona TDD con calidad, especificaciones o prevención temprana de errores"",\n      ""Explica que los tests guían el desarrollo""\n    ]\n  }\n}\n']","El ciclo TDD (Test-Driven Development) <b=1>utiliza pruebas/tests</b> antes del código. Tiene importancia en el desarrollo del software ya que lo primero que hacer al desarrollar es hacer los <b=1>tests que actuán como prerequisitos</b>, lo que hace que se vaya <b=1>desarollando el código según los tests</b>.

El ciclo que sigue el desarrollo es <g=2>Rojo-Verde-Refactor</g>:

* <g=2>Rojo</g>: <g=2>Se hace el test y falla</g> (se pone en rojo) ya que no hay código.
* <g=2>Verde</g>: Una vez hecho el test, <g=2>se hace el código para que pase el test correctamente</g> (verde).
* <g=2>Refactro</g>: <g=2>Manteniendo el verde</g>, <g=2>se edita el código para hacerlo más legible, sencillo, etc</g>.<|eot_id|>",10.0,33.375943422317505
18,"['Pregunta: Explica el ciclo TDD  y su importancia en el desarrollo de software.', 'Respuesta: TDD (Test Driven Development) es una metodología de desarrollo de software según la cual antes de empezar a programar se definen unos test o pruebas mínimas que deben superar. El proceso se divide en 3 fases: rojo, verde y refactor.\xa0\xa0\n\nLa primera fase (rojo) es la definión de dichos test iniciales, los cuales marcan unos procesos o metas mínimas que debe cumplir el programa para cumplir su funcionamiento. Su nombre proviene del resultado que dan los test si se prueban en ese momento: rojo. Esto es debido a que en ese momento aún no se ha implementado un código que pueda superar dicho test.\n\nLa segunda fase (verde) es la implementación del código. En esta se escriben las funciones necesarias para que dichos test pasen las distintas pruebas. No deben ser perfecto, solo pasar el test (de ahí el nombre, el color que da el test aprobado).\n\nPor último esta la fase de refactor o refactorización, tomando el nombre del proceso homónimo. En esta si se busca optimizar el código y mejorarlo, todo sin alterar ese estado verde del test conseguido en el paso anterior. Se podría decir que aquí es donde se alcanza esa calidad final.\n\nEn general, su importancia surge en productos acotados y de carácter empresarial, pues da una estructura robusta y con una especificación clara. Sin embargo, para productos más abiertos, esta metodología podría no tener sentido.']","['Eres un evaluador semántico especializado en respuestas académicas sobre TDD.\n\n        Tu tarea es recibir un par:\n\n        Pregunta\n        Respuesta del estudiante\n\n        Debes identificar fragmentos de texto que expresen conceptos relevantes para la pregunta y marcar dichos fragmentos utilizando etiquetas especiales.\n\n        Objetivo\n\n        No debes calificar la respuesta.\n\n        No debes explicar tu razonamiento.\n\n        No debes agregar texto nuevo.\n\n        Debes devolver exactamente la respuesta original del estudiante, insertando únicamente marcas de apertura y cierre alrededor de los fragmentos que representen conceptos reconocidos.\n\n        Reglas de marcado\n\n        Cada concepto posee:\n\n        un nivel:\n        b = básico\n        g = bueno\n        e = excelente\n        un índice numérico correspondiente a su posición dentro de la lista de conceptos de ese nivel.\n\n        Formato:\n\n        Inicio:\n\n        <b=1>\n        <g=2>\n        <e=3>\n\n        Fin:\n\n        <b/>\n        <g/>\n        <e/>\n\n        Ejemplo:\n\n        El test falla inicialmente <g=2>porque la funcionalidad aún no fue implementada<g/>.\n        Criterios de detección\n\n        La coincidencia NO debe ser textual.\n\n        Debes identificar conceptos aunque:\n\n        estén parafraseados\n        utilicen sinónimos\n        tengan errores gramaticales menores\n        aparezcan en distinto orden\n\n        La coincidencia debe ser semántica.\n\n        Un concepto se considera presente cuando:\n\n        la idea principal está correctamente expresada\n        la terminología utilizada es suficientemente precisa\n        el significado coincide con el concepto definido\n\n        No marques conceptos cuando:\n\n        la idea sea incorrecta\n        la explicación contradiga el concepto\n        el concepto sea mencionado de forma ambigua o incompleta\n        aparezcan únicamente palabras clave sin explicación\n        Reglas de marcado de fragmentos\n\n        Marca el fragmento más pequeño posible que contenga el concepto completo.\n\n        Evita marcar párrafos enteros cuando una frase es suficiente.\n\n        No modifiques palabras.\n\n        No corrijas errores.\n\n        No reordenes texto.\n\n        No elimines contenido.\n\n        Solapamiento de conceptos\n\n        Un mismo fragmento puede satisfacer varios conceptos.\n\n        En ese caso:\n\n        permite anidamiento de etiquetas\n        utiliza siempre el fragmento mínimo necesario para cada concepto\n\n        Ejemplo:\n\n        <e=1><g=2>El ciclo TDD consiste en Rojo, Verde y Refactor</g></e>\n        Salida\n\n        La salida debe contener únicamente la respuesta original con las etiquetas insertadas.\n\n        No agregues:\n\n        comentarios\n        explicaciones\n        análisis\n        puntuaciones\n        observaciones\n        formato Markdown', '{\n  ""pregunta"": ""Explica el ciclo TDD y su importancia en el desarrollo de software."",\n  ""conceptos"": {\n    ""b"": [\n      ""TDD utiliza pruebas/tests"",\n      ""Los tests se escriben antes o durante el desarrollo"",\n      ""Existe un ciclo iterativo entre pruebas y código""\n    ],\n    ""g"": [\n      ""Menciona las fases Rojo y Verde"",\n      ""Explica que primero falla un test"",\n      ""Explica que luego se implementa código para hacerlo pasar"",\n      ""Relaciona el ciclo con la validación del comportamiento esperado""\n    ],\n    ""e"": [\n      ""Describe correctamente las tres fases: Rojo, Verde y Refactor"",\n      ""Explica el propósito de la refactorización"",\n      ""Relaciona TDD con calidad, especificaciones o prevención temprana de errores"",\n      ""Explica que los tests guían el desarrollo""\n    ]\n  }\n}\n']","<e=1>El ciclo TDD <g=2>consiste en tres fases: Rojo, Verde y Refactor</e>, según la metodología de desarrollo de software TDD (Test Driven Development). <b=1>TDD utiliza pruebas/tests</b> para definir los requisitos del programa antes de empezar a programar, lo que garantiza que el código se desarrolle de manera <g=2>eficiente y efectiva</g>. <b=1>Los tests se escriben antes o durante el desarrollo</b>, lo que permite identificar y corregir errores temprano en el proceso.

La primera fase, <g=2>Rojo</g>, es la definición de los tests iniciales, que marcan los procesos o metas mínimas que debe cumplir el programa para funcionar correctamente. <b=1>Existe un ciclo iterativo entre pruebas y código</b>, ya que los tests se utilizan para validar el comportamiento esperado del programa y asegurarse de que se cumple con los requisitos.

La segunda fase, <g=2>Verde</g>, es la implementación del código, donde se",10.0,36.94875884056091
19,"['Pregunta: Explica el ciclo TDD  y su importancia en el desarrollo de software.', 'Respuesta: El ciclo TDD es un ciclo en el que se propone escribir primero los tests de los requisitos y luego escribir el código que pase dicho test. Este ciclo empieza con una fase roja donde el test está en rojo ya que el código aún no está desarrollado. Luego, se pasa a la fase verde donde se implementa el mínimo código para que esté verde el test. Y para finalizar, pasa a la fase refactor donde refactorizas el código para optimizarlo. Por ejemplo, para refactorizar el código puedes cambiar el nombre de las variables a unos nombres más descriptivos. Este ciclo contiene una series de ventajas que conllevan la importancia en el desarrollo de software.']","['Eres un evaluador semántico especializado en respuestas académicas sobre TDD.\n\n        Tu tarea es recibir un par:\n\n        Pregunta\n        Respuesta del estudiante\n\n        Debes identificar fragmentos de texto que expresen conceptos relevantes para la pregunta y marcar dichos fragmentos utilizando etiquetas especiales.\n\n        Objetivo\n\n        No debes calificar la respuesta.\n\n        No debes explicar tu razonamiento.\n\n        No debes agregar texto nuevo.\n\n        Debes devolver exactamente la respuesta original del estudiante, insertando únicamente marcas de apertura y cierre alrededor de los fragmentos que representen conceptos reconocidos.\n\n        Reglas de marcado\n\n        Cada concepto posee:\n\n        un nivel:\n        b = básico\n        g = bueno\n        e = excelente\n        un índice numérico correspondiente a su posición dentro de la lista de conceptos de ese nivel.\n\n        Formato:\n\n        Inicio:\n\n        <b=1>\n        <g=2>\n        <e=3>\n\n        Fin:\n\n        <b/>\n        <g/>\n        <e/>\n\n        Ejemplo:\n\n        El test falla inicialmente <g=2>porque la funcionalidad aún no fue implementada<g/>.\n        Criterios de detección\n\n        La coincidencia NO debe ser textual.\n\n        Debes identificar conceptos aunque:\n\n        estén parafraseados\n        utilicen sinónimos\n        tengan errores gramaticales menores\n        aparezcan en distinto orden\n\n        La coincidencia debe ser semántica.\n\n        Un concepto se considera presente cuando:\n\n        la idea principal está correctamente expresada\n        la terminología utilizada es suficientemente precisa\n        el significado coincide con el concepto definido\n\n        No marques conceptos cuando:\n\n        la idea sea incorrecta\n        la explicación contradiga el concepto\n        el concepto sea mencionado de forma ambigua o incompleta\n        aparezcan únicamente palabras clave sin explicación\n        Reglas de marcado de fragmentos\n\n        Marca el fragmento más pequeño posible que contenga el concepto completo.\n\n        Evita marcar párrafos enteros cuando una frase es suficiente.\n\n        No modifiques palabras.\n\n        No corrijas errores.\n\n        No reordenes texto.\n\n        No elimines contenido.\n\n        Solapamiento de conceptos\n\n        Un mismo fragmento puede satisfacer varios conceptos.\n\n        En ese caso:\n\n        permite anidamiento de etiquetas\n        utiliza siempre el fragmento mínimo necesario para cada concepto\n\n        Ejemplo:\n\n        <e=1><g=2>El ciclo TDD consiste en Rojo, Verde y Refactor</g></e>\n        Salida\n\n        La salida debe contener únicamente la respuesta original con las etiquetas insertadas.\n\n        No agregues:\n\n        comentarios\n        explicaciones\n        análisis\n        puntuaciones\n        observaciones\n        formato Markdown', '{\n  ""pregunta"": ""Explica el ciclo TDD y su importancia en el desarrollo de software."",\n  ""conceptos"": {\n    ""b"": [\n      ""TDD utiliza pruebas/tests"",\n      ""Los tests se escriben antes o durante el desarrollo"",\n      ""Existe un ciclo iterativo entre pruebas y código""\n    ],\n    ""g"": [\n      ""Menciona las fases Rojo y Verde"",\n      ""Explica que primero falla un test"",\n      ""Explica que luego se implementa código para hacerlo pasar"",\n      ""Relaciona el ciclo con la validación del comportamiento esperado""\n    ],\n    ""e"": [\n      ""Describe correctamente las tres fases: Rojo, Verde y Refactor"",\n      ""Explica el propósito de la refactorización"",\n      ""Relaciona TDD con calidad, especificaciones o prevención temprana de errores"",\n      ""Explica que los tests guían el desarrollo""\n    ]\n  }\n}\n']","<e=1>El ciclo TDD es un ciclo en el que se propone escribir primero los <g=1>TDD utiliza pruebas/tests</g> de los requisitos y luego escribir el código que pase dicho <g=1>Los tests se escriben antes o durante el desarrollo</g> test. <e=1>Existe un ciclo iterativo entre pruebas y código</e>. Este ciclo empieza con una fase <g=2>Rojo</g> donde el <g=2>test está en rojo ya que el código aún no está desarrollado</g>. Luego, se pasa a la fase <g=2>Verde</g> donde se implementa el mínimo código para que esté <g=2>Verde el test</g>. Y para finalizar, pasa a la fase <g=2>Refactor</g> donde <g=2>refactorizas el código para optimizarlo</g>. Por ejemplo, para <g=2>refactorizar el código puedes cambiar el nombre de las variables a unos nombres más descriptivos</g>. Este ciclo contiene una serie de <g=2>ventajas que conl",7.0,34.38269543647766
