step,pregunta,respuesta,esperado,nota_directa,tiempo,entropia,perplejidad,masa_acumulada_top_3,masa_notas,masa_no_notas,margen_logit,diferencia_probabilidad,top_3_vocabulario_json,top_3_notas_json
0,Explica el ciclo TDD  y su importancia en el desarrollo de software.,"El TDD en inglés es Test-Driven Development, es un mecanismo de test independientes para el proceso de un proyecto. En primer lugar, está el test en rojo, es decir, los test de la práctica están fallando porque no está implementado. En segundo lugar, el test verde, es decir, se ha implementado los métodos necesarios para probar la ejecución. No importaría el largo del código sino su funcionamiento. Y, por último, está el refactor, se ha corregido dicha implementación para mejorar el código y su implementación. En otras palabras, no se modifica su funcionamiento, pero sí el código para hacerlo más dinámico. Es un ciclo el cuál empieza en rojo -> verde -> refactor. Nos ayuda a comprobar si los métodos implementados han sido utilizados en los test y qué está fallando.",9.0,9.0,15.262,0.020012610291684295,1.0139683426337454,0.9999800324440002,0.9999870092742525,1.2990725747452636e-05,6.375,0.9964768942445517,"[{""token"": ""9"", ""token_id"": 236819, ""probabilidad"": 0.9981774091720581, ""es_nota"": true}, {""token"": ""1"", ""token_id"": 236770, ""probabilidad"": 0.0017005149275064468, ""es_nota"": true}, {""token"": ""8"", ""token_id"": 236828, ""probabilidad"": 0.00010212384950136766, ""es_nota"": true}]","[{""nota"": 9, ""token"": ""9"", ""token_id"": 236819, ""probabilidad"": 0.9981774091720581, ""logit"": 25.125}, {""nota"": 1, ""token"": ""1"", ""token_id"": 236770, ""probabilidad"": 0.0017005149275064468, ""logit"": 18.75}, {""nota"": 8, ""token"": ""8"", ""token_id"": 236828, ""probabilidad"": 0.00010212384950136766, ""logit"": 15.9375}]"
1,Compara TDD con un enfoque tradicional de testing en el desarrollo de software.,"El TDD nos ayuda a comprobar que la implementación de los métodos de la práctica y su uso sean correctos. Se prueba en un inicio que los test funcionan, es decir, fallan porque no hay implementación. Pasamos a implementar los métodos y comprobar su funcionamiento, es decir, pasarían a los test en verde. Corregimos el código, sin modificar su funcionamiento y logar la refactorización. Esto sería el TDD. Sin embargo, el enfoque tradicional de testing sería implementar los métodos de la práctica y al ejecutar, poder comprobar si funciona o no. Ahí sí falla, se cambiaría el método del test y se volvería a ejecutar. En este enfoque sería de muy buena práctica usar git para poder saber en qué punto de los test se encuentra la ejecución.",7.0,9.0,14.984,0.3902191674601849,1.3105924877962951,0.9999724626541138,0.9999818510140385,1.814898596153025e-05,2.5,0.8481195643544197,"[{""token"": ""9"", ""token_id"": 236819, ""probabilidad"": 0.9239630699157715, ""es_nota"": true}, {""token"": ""8"", ""token_id"": 236828, ""probabilidad"": 0.07584350556135178, ""es_nota"": true}, {""token"": ""1"", ""token_id"": 236770, ""probabilidad"": 0.00016590699669905007, ""es_nota"": true}]","[{""nota"": 9, ""token"": ""9"", ""token_id"": 236819, ""probabilidad"": 0.9239630699157715, ""logit"": 24.875}, {""nota"": 8, ""token"": ""8"", ""token_id"": 236828, ""probabilidad"": 0.07584350556135178, ""logit"": 22.375}, {""nota"": 1, ""token"": ""1"", ""token_id"": 236770, ""probabilidad"": 0.00016590699669905007, ""logit"": 16.25}]"
2,Describe las buenas prácticas en TDD y su impacto en la calidad del software.,"Las buenas prácticas del TDD son: 

* El código de cada test tiene que ser independiente de cada uno.

* La implementación debe de ser clara, con comentarios explicando qué realiza cada método.

* La implementación de cada test, de cada método para comprobar el test, tiene que ser independiente de los demás. 

* Primero se haría el test en rojo para comprobar su funcionalidad, en segundo lugar, se implementaría su funcionalidad que pasaría al test en verde. Y por último, haríamos el refactor mejorando el código y su implementación sin modificar su funcionalidad, para un buen uso del mismo y que esté mejor desarrollado.

El impacto de las buenas prácticas en el TDD causarían un impacto bueno en la calidad del software ya que vas probando si dichos test funcionan y comprobamos que esos métodos usados se ejecutan. En el caso que no se ejecute, podemos comprobar con los test en dónde en especifico está fallando.",6.0,8.0,15.397,0.053870408769906404,1.0380460230450441,0.9999901652336121,0.9999911912233681,8.80877663189672e-06,5.125,0.9880737173371017,"[{""token"": ""8"", ""token_id"": 236828, ""probabilidad"": 0.9939841628074646, ""es_nota"": true}, {""token"": ""9"", ""token_id"": 236819, ""probabilidad"": 0.005910445470362902, ""es_nota"": true}, {""token"": ""7"", ""token_id"": 236832, ""probabilidad"": 9.553346171742305e-05, ""es_nota"": true}]","[{""nota"": 8, ""token"": ""8"", ""token_id"": 236828, ""probabilidad"": 0.9939841628074646, ""logit"": 25.875}, {""nota"": 9, ""token"": ""9"", ""token_id"": 236819, ""probabilidad"": 0.005910445470362902, ""logit"": 20.75}, {""nota"": 7, ""token"": ""7"", ""token_id"": 236832, ""probabilidad"": 9.553346171742305e-05, ""logit"": 16.625}]"
3,Explica la importancia de validar entradas en el contexto de TDD y cómo se relaciona con la robustez del software.,"La importancia de validar las entradas en el TDD es necesaria ya que implementa el código con datos verificados, es decir, si estamos comprobando los alumnos de una universidad, un alumno no puede tener años en negativo (-0 años), igual que si comprobamos el ID del estudiante, necesitamos verificar si existe ese ID, el alumno, etc. 

Es importante validar esos datos para realizar un buen proyecto y buen software a comprobar con el TDD ya que va a estar comprobado los test que se implementen en el código.",7.0,8.0,14.74,0.020464294655270384,1.0142858493383653,0.9999931454658508,0.9999936771454458,6.322854554152713e-06,6.375,0.9964340518927202,"[{""token"": ""8"", ""token_id"": 236828, ""probabilidad"": 0.9981344938278198, ""es_nota"": true}, {""token"": ""7"", ""token_id"": 236832, ""probabilidad"": 0.0017004419350996614, ""es_nota"": true}, {""token"": ""9"", ""token_id"": 236819, ""probabilidad"": 0.00015816571249160916, ""es_nota"": true}]","[{""nota"": 8, ""token"": ""8"", ""token_id"": 236828, ""probabilidad"": 0.9981344938278198, ""logit"": 26.375}, {""nota"": 7, ""token"": ""7"", ""token_id"": 236832, ""probabilidad"": 0.0017004419350996614, ""logit"": 20.0}, {""nota"": 9, ""token"": ""9"", ""token_id"": 236819, ""probabilidad"": 0.00015816571249160916, ""logit"": 17.625}]"
4,Explica el ciclo TDD  y su importancia en el desarrollo de software.,"Es una metodología en el desarrolo de proyectos software que se divide en fases, la fase en rojo nos informa que los test no han sido cubiertos de forma correcta y por lo tanto han fallado, la fase verde es la que nos indica que esos test han sido satisfactorios y cubren con lo requerido, y la ultima fase llamada refactor, es la que se encarga de limpiar el codigo y su diseño, evita codigo duplicado y por lo tanto el fin de este ciclo Test Driven Development",8.0,9.0,14.211,0.037569636658059895,1.026383324630255,0.9999696612358093,0.9999782665394288,2.1733460571216057e-05,6.125,0.9942880640737712,"[{""token"": ""9"", ""token_id"": 236819, ""probabilidad"": 0.9964678287506104, ""es_nota"": true}, {""token"": ""8"", ""token_id"": 236828, ""probabilidad"": 0.0021797646768391132, ""es_nota"": true}, {""token"": ""1"", ""token_id"": 236770, ""probabilidad"": 0.0013220940018072724, ""es_nota"": true}]","[{""nota"": 9, ""token"": ""9"", ""token_id"": 236819, ""probabilidad"": 0.9964678287506104, ""logit"": 25.25}, {""nota"": 8, ""token"": ""8"", ""token_id"": 236828, ""probabilidad"": 0.0021797646768391132, ""logit"": 19.125}, {""nota"": 1, ""token"": ""1"", ""token_id"": 236770, ""probabilidad"": 0.0013220940018072724, ""logit"": 18.625}]"
5,Compara TDD con un enfoque tradicional de testing en el desarrollo de software.,"El Test Driven Development nos permite probar paso a paso durante el ciclo del desarrolo software a diferencia del tradicional que es mas rigido, el TDD nos permite realizar pruebas mas frecuentes y de forma mas flexible, por ejemplo, si tuvieramos que desarrollar un software, seria mas fiable una metodologia TDD antes que la tradicional para asegurar que las funcionalidades requeridas se cumplen de forma adecuada sin errores y cubriendo los test.",6.0,7.0,14.282,0.10143929510655779,1.0728432437399724,0.9999926090240479,0.9999933329457901,6.667054209930079e-06,4.375,0.9747635321691632,"[{""token"": ""7"", ""token_id"": 236832, ""probabilidad"": 0.9871904253959656, ""es_nota"": true}, {""token"": ""8"", ""token_id"": 236828, ""probabilidad"": 0.012426893226802349, ""es_nota"": true}, {""token"": ""6"", ""token_id"": 236825, ""probabilidad"": 0.000375259667634964, ""es_nota"": true}]","[{""nota"": 7, ""token"": ""7"", ""token_id"": 236832, ""probabilidad"": 0.9871904253959656, ""logit"": 25.75}, {""nota"": 8, ""token"": ""8"", ""token_id"": 236828, ""probabilidad"": 0.012426893226802349, ""logit"": 21.375}, {""nota"": 6, ""token"": ""6"", ""token_id"": 236825, ""probabilidad"": 0.000375259667634964, ""logit"": 17.875}]"
6,Describe las buenas prácticas en TDD y su impacto en la calidad del software.,"Las buenas practicas del Test Driven Development serian el hecho de realizar test de cobertura que definan lo que queremos que cubra el codigo, es una buena practica el realizar primero los test antes que el codigo para que los test diseñen el codigo y no viceversa, otras buenas practicas son el realizar pruebas y test a lo largo del ciclo del software, no solo al final, ya que si realizamos test a lo largo del proyecto nos facilitaria posibles errores graves que pudieran suceder si fueramos a arreglarlo al final del desarrolo, esta metodologia tiene un gran impacto positivo siendo mas eficiente a la hora de seguir el ciclo de vida del software.",8.0,8.0,15.009,0.7656580953098688,1.7001453544708378,0.9999814033508301,0.999982078740499,1.792125950095258e-05,1.25,0.5545822083950043,"[{""token"": ""8"", ""token_id"": 236828, ""probabilidad"": 0.7772753238677979, ""es_nota"": true}, {""token"": ""9"", ""token_id"": 236819, ""probabilidad"": 0.22269311547279358, ""es_nota"": true}, {""token"": "" "", ""token_id"": 236743, ""probabilidad"": 1.2981819963897578e-05, ""es_nota"": false}]","[{""nota"": 8, ""token"": ""8"", ""token_id"": 236828, ""probabilidad"": 0.7772753238677979, ""logit"": 24.625}, {""nota"": 9, ""token"": ""9"", ""token_id"": 236819, ""probabilidad"": 0.22269311547279358, ""logit"": 23.375}, {""nota"": 7, ""token"": ""7"", ""token_id"": 236832, ""probabilidad"": 6.527668574562995e-06, ""logit"": 12.9375}]"
7,Explica la importancia de validar entradas en el contexto de TDD y cómo se relaciona con la robustez del software.,"Es importante validar las entradas del Test Driven Development en relacion al contexto, cuanto mas test y validaciones se realicen, y estas se cubran y se aprueben, mayor sera la fiabilidad del software, haciendolo mas estable y por ello reduciendo considerablemente errores criticos. Son buenas practicas si queremos un software seguro.",7.0,9.0,14.109,0.6461371889911598,1.5649723730046867,0.999966025352478,0.9999751378312655,2.4862168734540724e-05,1.625,0.6709231436252594,"[{""token"": ""9"", ""token_id"": 236819, ""probabilidad"": 0.8354288339614868, ""es_nota"": true}, {""token"": ""8"", ""token_id"": 236828, ""probabilidad"": 0.16450569033622742, ""es_nota"": true}, {""token"": ""1"", ""token_id"": 236770, ""probabilidad"": 3.144375659758225e-05, ""es_nota"": true}]","[{""nota"": 9, ""token"": ""9"", ""token_id"": 236819, ""probabilidad"": 0.8354288339614868, ""logit"": 24.5}, {""nota"": 8, ""token"": ""8"", ""token_id"": 236828, ""probabilidad"": 0.16450569033622742, ""logit"": 22.875}, {""nota"": 1, ""token"": ""1"", ""token_id"": 236770, ""probabilidad"": 3.144375659758225e-05, ""logit"": 14.3125}]"
8,Explica el ciclo TDD  y su importancia en el desarrollo de software.,"El ciclo TDD (Test-Driven Development) consiste en 3 pasos cíclicos para desarrollar un codigo por completo de manera fiable y modular. Los 3 pasos son los siguientes:

1. Rojo: se hacen test que luego comprobarán el codigo del proyecto. Además, se prueban para que el test falle.

2. Verde: se desarrolla el minimo codigo con el que se pueda pasar el test de esa parte del codigo. Y se prueba para que todos los test pasen.

3. Refactor: se mejora el codigo manteniendo las pruebas test en verde.",10.0,10.0,14.854,0.32784936571315726,1.2551409330030106,0.9999983310699463,0.9999983546332639,1.6453667360805113e-06,2.75,0.879824735224247,"[{""token"": ""1"", ""token_id"": 236770, ""probabilidad"": 0.9399112462997437, ""es_nota"": true}, {""token"": ""9"", ""token_id"": 236819, ""probabilidad"": 0.060086511075496674, ""es_nota"": true}, {""token"": "" "", ""token_id"": 236743, ""probabilidad"": 6.086820576456375e-07, ""es_nota"": false}]","[{""nota"": 1, ""token"": ""1"", ""token_id"": 236770, ""probabilidad"": 0.9399112462997437, ""logit"": 26.25}, {""nota"": 9, ""token"": ""9"", ""token_id"": 236819, ""probabilidad"": 0.060086511075496674, ""logit"": 23.5}, {""nota"": 0, ""token"": ""0"", ""token_id"": 236771, ""probabilidad"": 4.1834059061329754e-07, ""logit"": 11.625}]"
9,Compara TDD con un enfoque tradicional de testing en el desarrollo de software.,"El enfoque tradicional de testing era que priemro se desarrollaba el codigo del proyecto y luego se hacián test para probar que el codigo fucnionase correctamente. Sin embargo, el enfoque TDD, es al contrario, primero se hacen los test y luego se desarrolla el codigo del proyacto que va a hacer que esos test los pasen.

 

El enfoque de desarrollo del TDD hace que el codigo sea mas limpio, fiable y modular. Ya que esta estructura junto con los frameworks de testing pueden confirmar que se ha desarrollado exclusivamente el codigo justo y necesario para cada funcionalidad.",9.0,10.0,14.904,1.0002983738583775,2.000413676773594,0.9999894499778748,0.9999918438302794,8.156169720607842e-06,0.0,0.0,"[{""token"": ""1"", ""token_id"": 236770, ""probabilidad"": 0.49999308586120605, ""es_nota"": true}, {""token"": ""9"", ""token_id"": 236819, ""probabilidad"": 0.49999308586120605, ""es_nota"": true}, {""token"": "" "", ""token_id"": 236743, ""probabilidad"": 3.270194611104671e-06, ""es_nota"": false}]","[{""nota"": 1, ""token"": ""1"", ""token_id"": 236770, ""probabilidad"": 0.49999308586120605, ""logit"": 24.375}, {""nota"": 9, ""token"": ""9"", ""token_id"": 236819, ""probabilidad"": 0.49999308586120605, ""logit"": 24.375}, {""nota"": 8, ""token"": ""8"", ""token_id"": 236828, ""probabilidad"": 3.270194611104671e-06, ""logit"": 12.4375}]"
10,Describe las buenas prácticas en TDD y su impacto en la calidad del software.,"Tenemos diferentes buenas prácticas en TDD:

* Que tengan un nombre descriptivo: es importante que los nombres de los test tengan nombres que describan lo que van a probar, con ello se consigue claridad en cuanto a saber que hace cada test cuando, por ejemplo, otro desarrollador lea los test que tienen que pasar su codigo.

* Test unitarios: es decir, es necesario que un test no dependa de ningún otro. Así, nos podemos asegurar que cada parte del codigo que se necesite probar se desarrolla modularmente.",6.0,7.0,14.865,0.3061411597963916,1.236396229592075,0.9999784231185913,0.9999849843538581,1.5015646141924854e-05,2.875,0.8928100056946278,"[{""token"": ""7"", ""token_id"": 236832, ""probabilidad"": 0.9461904168128967, ""es_nota"": true}, {""token"": ""6"", ""token_id"": 236825, ""probabilidad"": 0.05338041111826897, ""es_nota"": true}, {""token"": ""8"", ""token_id"": 236828, ""probabilidad"": 0.0004075644537806511, ""es_nota"": true}]","[{""nota"": 7, ""token"": ""7"", ""token_id"": 236832, ""probabilidad"": 0.9461904168128967, ""logit"": 26.0}, {""nota"": 6, ""token"": ""6"", ""token_id"": 236825, ""probabilidad"": 0.05338041111826897, ""logit"": 23.125}, {""nota"": 8, ""token"": ""8"", ""token_id"": 236828, ""probabilidad"": 0.0004075644537806511, ""logit"": 18.25}]"
11,Explica el ciclo TDD  y su importancia en el desarrollo de software.,"El TDD es una metodologia en la que se crean unos test y posteriormente se programa las funcionalidades, tiene un ciclo iterativo el cual se basa en Rojo-Verde-Refactor:
-Rojo: Se crean test que fallan por no tener implementadas las funcionalidades.
-Verde: Se crean las funcionalidades para los test para que den correctos.
-Refactor: Se mejoran las funcionalidades sin alterar el comportamiento.

El objetivo del TDD es el de guiar al diseño de software a traves de pruebas automaticas (test).

Gracias al TDD se pueden crear mejores diseños de software y aun que tenga un mayor tiempo de comienzo, al hacer primero los test y luego la programación consigues anteponerte a posibles errores, siempre y cuando sigas las buenas practicas del TDD.",10.0,10.0,15.51,0.001432454744548197,1.0009933950578052,0.9999997615814209,0.9999996739183703,3.260816296979385e-07,9.25,0.9998074573013582,"[{""token"": ""1"", ""token_id"": 236770, ""probabilidad"": 0.9999035596847534, ""es_nota"": true}, {""token"": ""9"", ""token_id"": 236819, ""probabilidad"": 9.610238339519128e-05, ""es_nota"": true}, {""token"": "" "", ""token_id"": 236743, ""probabilidad"": 1.4448409046963206e-07, ""es_nota"": false}]","[{""nota"": 1, ""token"": ""1"", ""token_id"": 236770, ""probabilidad"": 0.9999035596847534, ""logit"": 27.125}, {""nota"": 9, ""token"": ""9"", ""token_id"": 236819, ""probabilidad"": 9.610238339519128e-05, ""logit"": 17.875}, {""nota"": 0, ""token"": ""0"", ""token_id"": 236771, ""probabilidad"": 8.151234354158987e-09, ""logit"": 8.5}]"
12,Compara TDD con un enfoque tradicional de testing en el desarrollo de software.,"Comparado con el testing tradicional que se basa en primero hacer la programación y luego crear los test, el TDD crea antes los test que la programación siguendo un ciclo que le permite anteponerse a errores, y mejorar las funcionalidades de los test, obteniendo asi un mejor diseño, que sea modular y un mejor mantenimiento que el testing tradicional.",8.0,9.0,14.191,0.6453317669250465,1.564098930268276,0.9999895095825195,0.9999924229000936,7.577099906397322e-06,1.625,0.6709568053483963,"[{""token"": ""9"", ""token_id"": 236819, ""probabilidad"": 0.8354707360267639, ""es_nota"": true}, {""token"": ""1"", ""token_id"": 236770, ""probabilidad"": 0.16451393067836761, ""es_nota"": true}, {""token"": ""0"", ""token_id"": 236771, ""probabilidad"": 4.822297796636121e-06, ""es_nota"": true}]","[{""nota"": 9, ""token"": ""9"", ""token_id"": 236819, ""probabilidad"": 0.8354707360267639, ""logit"": 25.0}, {""nota"": 1, ""token"": ""1"", ""token_id"": 236770, ""probabilidad"": 0.16451393067836761, ""logit"": 23.375}, {""nota"": 0, ""token"": ""0"", ""token_id"": 236771, ""probabilidad"": 4.822297796636121e-06, ""logit"": 12.9375}]"
13,Describe las buenas prácticas en TDD y su impacto en la calidad del software.,"Entre las buenas practicas destacan sobre todo las siguientes:
- Que tengan un nombre descriptivo, con ello consigues que sea más claro y facil de ver, evitando asi el poner demasiados comentarios para describir un test.
- Que un test no dependa del anterior, es decir, que el resultado de un test sea todalmente independiente, con ello nos aseguramos de que no haya fallas en ambos si uno sale mal.

-Que las funcionalidades solo vayan a UN solo test, que cada funcionalidad vaya al test que debe ir, sino se podrian agrupar assertions.",6.0,7.0,14.719,0.1342061591309965,1.097488756003542,0.9999849200248718,0.9999888500692491,1.1149930750908865e-05,4.375,0.9712022561579943,"[{""token"": ""7"", ""token_id"": 236832, ""probabilidad"": 0.9835837483406067, ""es_nota"": true}, {""token"": ""6"", ""token_id"": 236825, ""probabilidad"": 0.012381492182612419, ""es_nota"": true}, {""token"": ""8"", ""token_id"": 236828, ""probabilidad"": 0.004019681829959154, ""es_nota"": true}]","[{""nota"": 7, ""token"": ""7"", ""token_id"": 236832, ""probabilidad"": 0.9835837483406067, ""logit"": 26.25}, {""nota"": 6, ""token"": ""6"", ""token_id"": 236825, ""probabilidad"": 0.012381492182612419, ""logit"": 21.875}, {""nota"": 8, ""token"": ""8"", ""token_id"": 236828, ""probabilidad"": 0.004019681829959154, ""logit"": 20.75}]"
14,Explica la importancia de validar entradas en el contexto de TDD y cómo se relaciona con la robustez del software.,"Es muy importante el validar entradas ya que comienzas con una estructura muy robusta y correcta, sino a mitad del proceso se pueden volver los test fragil.",3.0,7.0,13.565,0.7279908474893761,1.6563308148118963,0.9999707341194153,0.9999845715908386,1.542840916135546e-05,1.375,0.5962706357240677,"[{""token"": ""7"", ""token_id"": 236832, ""probabilidad"": 0.7980490326881409, ""es_nota"": true}, {""token"": ""6"", ""token_id"": 236825, ""probabilidad"": 0.20177839696407318, ""es_nota"": true}, {""token"": ""8"", ""token_id"": 236828, ""probabilidad"": 0.000143297846079804, ""es_nota"": true}]","[{""nota"": 7, ""token"": ""7"", ""token_id"": 236832, ""probabilidad"": 0.7980490326881409, ""logit"": 25.25}, {""nota"": 6, ""token"": ""6"", ""token_id"": 236825, ""probabilidad"": 0.20177839696407318, ""logit"": 23.875}, {""nota"": 8, ""token"": ""8"", ""token_id"": 236828, ""probabilidad"": 0.000143297846079804, ""logit"": 16.625}]"
15,Explica el ciclo TDD  y su importancia en el desarrollo de software.,"El ciclo de TDD consiste en un formato de 3 pasos.

El primero consiste en el rojo, que se trata de un test que falla. Por ejemplo, has puesto una función sin definir

El segundo es el verde, que trata de implementar lo mínimo para que pase dicho test. Por ejemplo, como he dicho en el paso anterior definir esa función era lo mínimo para que pase el test

Y por último, refactor, que consiste en mejorar dicho código que ha pasado el test. Por ejemplo, has renombrado las variables que no tenían nombres muy significativos o has mejorado alguna función que era demasiado compleja

Es importante en el desarrollo de software para grupos nuevos debido a que dicho software se desarrolla de manera progresiva",9.0,9.0,15.061,0.08079474309727994,1.0576004846629306,0.9999733567237854,0.9999840810062945,1.591899370545491e-05,4.625,0.9804636016488075,"[{""token"": ""9"", ""token_id"": 236819, ""probabilidad"": 0.9901708960533142, ""es_nota"": true}, {""token"": ""1"", ""token_id"": 236770, ""probabilidad"": 0.009707294404506683, ""es_nota"": true}, {""token"": ""8"", ""token_id"": 236828, ""probabilidad"": 9.516696445643902e-05, ""es_nota"": true}]","[{""nota"": 9, ""token"": ""9"", ""token_id"": 236819, ""probabilidad"": 0.9901708960533142, ""logit"": 25.5}, {""nota"": 1, ""token"": ""1"", ""token_id"": 236770, ""probabilidad"": 0.009707294404506683, ""logit"": 20.875}, {""nota"": 8, ""token"": ""8"", ""token_id"": 236828, ""probabilidad"": 9.516696445643902e-05, ""logit"": 16.25}]"
16,Compara TDD con un enfoque tradicional de testing en el desarrollo de software.,"En el enfoque tradicional de testing en el desarrollo de software es algo que se centra más en el código que pasar los test, los test se consideran algo secundario. 

En el desarrollo del TDD se centra más en el partado de los test que el desarrollo del código en si.",6.0,6.0,14.101,0.732007453876987,1.6609486296729792,0.9998829960823059,0.9999864211648907,1.3578835109329113e-05,1.375,0.5960715711116791,"[{""token"": ""6"", ""token_id"": 236825, ""probabilidad"": 0.7977825999259949, ""es_nota"": true}, {""token"": ""7"", ""token_id"": 236832, ""probabilidad"": 0.2017110288143158, ""es_nota"": true}, {""token"": ""5"", ""token_id"": 236810, ""probabilidad"": 0.00038939391379244626, ""es_nota"": true}]","[{""nota"": 6, ""token"": ""6"", ""token_id"": 236825, ""probabilidad"": 0.7977825999259949, ""logit"": 25.625}, {""nota"": 7, ""token"": ""7"", ""token_id"": 236832, ""probabilidad"": 0.2017110288143158, ""logit"": 24.25}, {""nota"": 5, ""token"": ""5"", ""token_id"": 236810, ""probabilidad"": 0.00038939391379244626, ""logit"": 18.0}]"
17,Describe las buenas prácticas en TDD y su impacto en la calidad del software.,"Las buenas prácticas del TDD trata de mejorar el desarrollo de software progresivamente durante el desarrollo y que sea más accesible para que otros integrantes del grupo puedan seguir mejorando dicho código.

Hace que la calidad del software incremente de manera exponencial y que sea accesible para todos",3.0,6.0,14.093,0.7104607327185821,1.636326603721195,0.9992305636405945,0.9999890016588271,1.0998341172907544e-05,1.625,0.6656393110752106,"[{""token"": ""6"", ""token_id"": 236825, ""probabilidad"": 0.8288494348526001, ""es_nota"": true}, {""token"": ""5"", ""token_id"": 236810, ""probabilidad"": 0.16321012377738953, ""es_nota"": true}, {""token"": ""4"", ""token_id"": 236812, ""probabilidad"": 0.00717095285654068, ""es_nota"": true}]","[{""nota"": 6, ""token"": ""6"", ""token_id"": 236825, ""probabilidad"": 0.8288494348526001, ""logit"": 25.75}, {""nota"": 5, ""token"": ""5"", ""token_id"": 236810, ""probabilidad"": 0.16321012377738953, ""logit"": 24.125}, {""nota"": 4, ""token"": ""4"", ""token_id"": 236812, ""probabilidad"": 0.00717095285654068, ""logit"": 21.0}]"
18,Explica la importancia de validar entradas en el contexto de TDD y cómo se relaciona con la robustez del software.,"Para validar las entradas en el cotexto de TDD vamos a evitar los casos Edge, se refiere a los casos donde nosotros pedimos un dato al usuario y con el teclado se puede equivocar. Por ejemplo, cuando nosotros pedimos un la edad a un usuario en un formulario y te dice que tiene -1 años. Esto se relaciona con la robustez del software para que a lo hora de insertar datos en los usuarios ponga sitios que no sean nulos, datos negativos, etc.",6.0,7.0,14.292,0.08033076379347746,1.057260408746436,0.999991238117218,0.9999924596566093,7.540343390677329e-06,5.0,0.9844665545970201,"[{""token"": ""7"", ""token_id"": 236832, ""probabilidad"": 0.9911448359489441, ""es_nota"": true}, {""token"": ""8"", ""token_id"": 236828, ""probabilidad"": 0.0066782813519239426, ""es_nota"": true}, {""token"": ""6"", ""token_id"": 236825, ""probabilidad"": 0.0021681205835193396, ""es_nota"": true}]","[{""nota"": 7, ""token"": ""7"", ""token_id"": 236832, ""probabilidad"": 0.9911448359489441, ""logit"": 26.0}, {""nota"": 8, ""token"": ""8"", ""token_id"": 236828, ""probabilidad"": 0.0066782813519239426, ""logit"": 21.0}, {""nota"": 6, ""token"": ""6"", ""token_id"": 236825, ""probabilidad"": 0.0021681205835193396, ""logit"": 19.875}]"
19,Explica el ciclo TDD  y su importancia en el desarrollo de software.,"El ciclo TDD (Test Driven Development) es una metodología utilizada en la ingeniería del software que permite implementar los requisitos a código mediante el uso de pruebas o tests. Para ello, sigue el siguiente ciclo de tests:

-Rojo: se escribe un test que no cumple, no pasa, va a fallar (ya que las clases y métodos no están todavía implementados).

-Verde: se implementa el código mínimo para que el test anterior pase sin ningún problema

-Refactor: se mejora  el código o estructura interna sin afectar a la salida o comportamiento del programa.

El TDD es importante en el desarrollo de software porque permite crear programas con códigos completos y eficientes, asegurandonos de que todas las líneas de código están cubiertas y que no se ha creado código innecesario. Es un tipo de programación proactiva en la que primero se crean los tests y luego el código.",10.0,10.0,15.758,7.759166796070572e-05,1.0000537838921835,0.9999998807907104,0.9999997959147194,2.0408528056403696e-07,12.5,0.9999923394548205,"[{""token"": ""1"", ""token_id"": 236770, ""probabilidad"": 0.9999960660934448, ""es_nota"": true}, {""token"": ""9"", ""token_id"": 236819, ""probabilidad"": 3.7266386243572924e-06, ""es_nota"": true}, {""token"": "" "", ""token_id"": 236743, ""probabilidad"": 6.825576548408208e-08, ""es_nota"": false}]","[{""nota"": 1, ""token"": ""1"", ""token_id"": 236770, ""probabilidad"": 0.9999960660934448, ""logit"": 27.0}, {""nota"": 9, ""token"": ""9"", ""token_id"": 236819, ""probabilidad"": 3.7266386243572924e-06, ""logit"": 14.5}, {""nota"": 0, ""token"": ""0"", ""token_id"": 236771, ""probabilidad"": 1.2501479851323438e-09, ""logit"": 6.5}]"
20,Compara TDD con un enfoque tradicional de testing en el desarrollo de software.,"En el TDD se escriben primero los tests y luego el código en base a lo que cubren dichas pruebas, pero en el testing tradicional primero va el código y luego los tests en función de dicho código.

En el TDD se utiliza una programación proactiva y en el testing tradicional se utiliza una programación reactiva.

En el TDD, los tests son obligatorios (ya que el código va a depender de ellos). Sin embargo, en el testing tradicional, los tests son opcionales (pueden estar o no).

En el testing tradicional es más probable que existan bugs y código innecesario o sin ejecutar, mientras que en el TDD se minimiza considerablemente la probabilidad de tener bugs y se implementa el código necesario para que el programa funcione correctamente.",10.0,10.0,15.69,0.0002357240243899997,1.000163404792005,0.9999998211860657,0.9999997828622026,2.171377974091726e-07,11.25,0.9999737606431154,"[{""token"": ""1"", ""token_id"": 236770, ""probabilidad"": 0.9999867677688599, ""es_nota"": true}, {""token"": ""9"", ""token_id"": 236819, ""probabilidad"": 1.3007125744479708e-05, ""es_nota"": true}, {""token"": "" "", ""token_id"": 236743, ""probabilidad"": 6.825513310104725e-08, ""es_nota"": false}]","[{""nota"": 1, ""token"": ""1"", ""token_id"": 236770, ""probabilidad"": 0.9999867677688599, ""logit"": 27.25}, {""nota"": 9, ""token"": ""9"", ""token_id"": 236819, ""probabilidad"": 1.3007125744479708e-05, ""logit"": 16.0}, {""nota"": 0, ""token"": ""0"", ""token_id"": 236771, ""probabilidad"": 2.817225563944703e-09, ""logit"": 7.5625}]"
21,Describe las buenas prácticas en TDD y su impacto en la calidad del software.,"-El uso del principio FIRST debe utilizarse para crear tests rápidos, independientes, reutilizables e invariables en el tiempo.

-Se debe escribir el código estrictamente necesario para que sea cubierto por los tests.

-En cuanto al refactor, se deben incluir mejoras que fomenten la eficiencia de nuestro código, sin afectar al comportamiento del mismo.

-Se debe implementar una estructura AAA (A..., ACT, ASSERT) en los tests para que queden lo más completos posibles.",9.0,9.0,14.107,0.015852630367206366,1.0110487981088458,0.9999766945838928,0.9999889225205254,1.107747947459714e-05,7.0,0.9977756891166791,"[{""token"": ""9"", ""token_id"": 236819, ""probabilidad"": 0.9986863732337952, ""es_nota"": true}, {""token"": ""1"", ""token_id"": 236770, ""probabilidad"": 0.000910684117116034, ""es_nota"": true}, {""token"": ""8"", ""token_id"": 236828, ""probabilidad"": 0.000379629636881873, ""es_nota"": true}]","[{""nota"": 9, ""token"": ""9"", ""token_id"": 236819, ""probabilidad"": 0.9986863732337952, ""logit"": 25.375}, {""nota"": 1, ""token"": ""1"", ""token_id"": 236770, ""probabilidad"": 0.000910684117116034, ""logit"": 18.375}, {""nota"": 8, ""token"": ""8"", ""token_id"": 236828, ""probabilidad"": 0.000379629636881873, ""logit"": 17.5}]"
22,Explica la importancia de validar entradas en el contexto de TDD y cómo se relaciona con la robustez del software.,"Es importante validar entradas en el contexto de TDD puesto que garantiza que el código no devuelva valores erróneos o sin sentido, permitiendo que el código sea eficiente y robusto.",5.0,8.0,13.617,0.023249494364808502,1.0162458736152191,0.9999875426292419,0.9999886558959069,1.1344104093091723e-05,6.5,0.9964349601650611,"[{""token"": ""8"", ""token_id"": 236828, ""probabilidad"": 0.9979352951049805, ""es_nota"": true}, {""token"": ""7"", ""token_id"": 236832, ""probabilidad"": 0.0015003349399194121, ""es_nota"": true}, {""token"": ""9"", ""token_id"": 236819, ""probabilidad"": 0.0005519423866644502, ""es_nota"": true}]","[{""nota"": 8, ""token"": ""8"", ""token_id"": 236828, ""probabilidad"": 0.9979352951049805, ""logit"": 26.25}, {""nota"": 7, ""token"": ""7"", ""token_id"": 236832, ""probabilidad"": 0.0015003349399194121, ""logit"": 19.75}, {""nota"": 9, ""token"": ""9"", ""token_id"": 236819, ""probabilidad"": 0.0005519423866644502, ""logit"": 18.75}]"
23,Explica el ciclo TDD  y su importancia en el desarrollo de software.,"El ciclo TDD (Test Driven Development), se basa en desarrollar aplicaciones siguiendo el ciclo Red - Green - Refactor. Este ciclo consta:
En el primer paso, Red, crear un test que falle. En el segundo paso, Green, escribir lo mínimo necesario para que ese test escrito pase. Y por último en Refactor, optimizar y mejorar el código ya escrito.

Por ejemplo: Escribes un test en un proyecto Maven y ejecutas mvn test, en terminal sale que no se ha pasado correctamente (Red), entonces vuelves a tu código donde tienes el test, y lo modificas para que ese mvn test pase correctamente (Green), y ya finalmente optimizas tu código (Refactor).",5.0,10.0,14.863,0.00037290418400642616,1.0002585108919462,0.9999998807907104,0.9999997596926017,2.403073983137105e-07,10.75,0.9999568589664705,"[{""token"": ""1"", ""token_id"": 236770, ""probabilidad"": 0.9999783039093018, ""es_nota"": true}, {""token"": ""9"", ""token_id"": 236819, ""probabilidad"": 2.144494283129461e-05, ""es_nota"": true}, {""token"": "" "", ""token_id"": 236743, ""probabilidad"": 1.1979047087606887e-07, ""es_nota"": false}]","[{""nota"": 1, ""token"": ""1"", ""token_id"": 236770, ""probabilidad"": 0.9999783039093018, ""logit"": 27.25}, {""nota"": 9, ""token"": ""9"", ""token_id"": 236819, ""probabilidad"": 2.144494283129461e-05, ""logit"": 16.5}, {""nota"": 0, ""token"": ""0"", ""token_id"": 236771, ""probabilidad"": 4.6447805601701475e-09, ""logit"": 8.0625}]"
24,Compara TDD con un enfoque tradicional de testing en el desarrollo de software.,"En el desarrollo de software, en un ciclo tradicional de testing se busca directamente escribir el código lo mejor posible y ya probar tests buscando que salgan verde a la primera. Mientras que en el ciclo TDD, primero escribes un test que sabes que va a fallar, y en base a los fallos, escribes lo mínimo para que este funcione.",7.0,9.0,14.389,0.047850184726478076,1.0337233846673846,0.9999731183052063,0.9999834807472422,1.65192527578073e-05,6.0,0.9928614916279912,"[{""token"": ""9"", ""token_id"": 236819, ""probabilidad"": 0.9953286647796631, ""es_nota"": true}, {""token"": ""8"", ""token_id"": 236828, ""probabilidad"": 0.0024671731516718864, ""es_nota"": true}, {""token"": ""1"", ""token_id"": 236770, ""probabilidad"": 0.002177272690460086, ""es_nota"": true}]","[{""nota"": 9, ""token"": ""9"", ""token_id"": 236819, ""probabilidad"": 0.9953286647796631, ""logit"": 25.25}, {""nota"": 8, ""token"": ""8"", ""token_id"": 236828, ""probabilidad"": 0.0024671731516718864, ""logit"": 19.25}, {""nota"": 1, ""token"": ""1"", ""token_id"": 236770, ""probabilidad"": 0.002177272690460086, ""logit"": 19.125}]"
25,Describe las buenas prácticas en TDD y su impacto en la calidad del software.,"Una buena práctica del TDD es la nomenclatura, es decir, que los tests tengan un nombre que represente lo que hace el test. Ejemplo: tenemos un test que comprueba si se cumple una condición Booleana, entonces lo óptimo sería llamarlo BooleanConditionComprobation, en vez de llamarlo Test1 por ejemplo.

 

Otra buena práctica es la arquitectura AAA (Arrange, Act, Assert), esta práctica se basa en escribir cada test con una estructura específica que, en un test, trata de hacer que primero se preparen los datos (Arrange), luego se actúe sobre esos datos (Act) y finalmente se compruebe (Assert).

 

Estas dos buenas prácticas tienen un impacto alto en la calidad del software, la primera por que a la hora de desarrollar software, está bien que todo tenga un nombre descriptivo, para que tu mismo lo entiendas si lo ves después de haberlo hecho, y para que si una persona tiene que continuar tu código, entienda para que son esos tests. Y la segunda, simplemente por un tema de orden, pero que cuando tienes muchos tests escritos te ayuda a que todo sea más legible.",6.0,8.0,16.507,0.039520246187931686,1.0277719945214698,0.9999895095825195,0.9999912443697894,8.755630210632859e-06,5.75,0.9929412857163697,"[{""token"": ""8"", ""token_id"": 236828, ""probabilidad"": 0.9961116909980774, ""es_nota"": true}, {""token"": ""7"", ""token_id"": 236832, ""probabilidad"": 0.0031704052817076445, ""es_nota"": true}, {""token"": ""9"", ""token_id"": 236819, ""probabilidad"": 0.0007074130116961896, ""es_nota"": true}]","[{""nota"": 8, ""token"": ""8"", ""token_id"": 236828, ""probabilidad"": 0.9961116909980774, ""logit"": 26.625}, {""nota"": 7, ""token"": ""7"", ""token_id"": 236832, ""probabilidad"": 0.0031704052817076445, ""logit"": 20.875}, {""nota"": 9, ""token"": ""9"", ""token_id"": 236819, ""probabilidad"": 0.0007074130116961896, ""logit"": 19.375}]"
26,Explica la importancia de validar entradas en el contexto de TDD y cómo se relaciona con la robustez del software.,La validación de entradas en los ciclos TDD es importante ya que te encargas de que las entradas existen y evitas que haya algún tipo de inconsistencia de datos.,4.0,7.0,13.462,0.0477557024756331,1.0336556882303167,0.9999885559082031,0.9999893127985757,1.0687201424275372e-05,5.5,0.9910541106946766,"[{""token"": ""7"", ""token_id"": 236832, ""probabilidad"": 0.9951209425926208, ""es_nota"": true}, {""token"": ""6"", ""token_id"": 236825, ""probabilidad"": 0.004066831897944212, ""es_nota"": true}, {""token"": ""8"", ""token_id"": 236828, ""probabilidad"": 0.0008008066797628999, ""es_nota"": true}]","[{""nota"": 7, ""token"": ""7"", ""token_id"": 236832, ""probabilidad"": 0.9951209425926208, ""logit"": 26.0}, {""nota"": 6, ""token"": ""6"", ""token_id"": 236825, ""probabilidad"": 0.004066831897944212, ""logit"": 20.5}, {""nota"": 8, ""token"": ""8"", ""token_id"": 236828, ""probabilidad"": 0.0008008066797628999, ""logit"": 18.875}]"
27,Explica el ciclo TDD  y su importancia en el desarrollo de software.,"El ciclo TDD es una metodología de desarrollo la cual sigue 3 pasos, el paso red, el primero, se realizan test, y por supuesto este test falla porque no hay nada implementado, luego sigue el verde, en el que se implementa un método o funcionalidad que valide el test del paso rojo de cualquier forma, y luego llegamos al tercer y ultimo paso que es el refactor en el cual se implementa la forma óptima para pasar el test. Y tiene una gran importancia ya que permite solucionar el fallo lo antes posible sin necesidad de buscar la forma óptima que requiere más tiempo.",8.0,9.0,14.755,0.6468344147153188,1.5657288757100094,0.9999527931213379,0.9999748990558764,2.5100944123557234e-05,1.625,0.670890748500824,"[{""token"": ""9"", ""token_id"": 236819, ""probabilidad"": 0.8353884816169739, ""es_nota"": true}, {""token"": ""8"", ""token_id"": 236828, ""probabilidad"": 0.1644977331161499, ""es_nota"": true}, {""token"": ""1"", ""token_id"": 236770, ""probabilidad"": 6.656321784248576e-05, ""es_nota"": true}]","[{""nota"": 9, ""token"": ""9"", ""token_id"": 236819, ""probabilidad"": 0.8353884816169739, ""logit"": 25.125}, {""nota"": 8, ""token"": ""8"", ""token_id"": 236828, ""probabilidad"": 0.1644977331161499, ""logit"": 23.5}, {""nota"": 1, ""token"": ""1"", ""token_id"": 236770, ""probabilidad"": 6.656321784248576e-05, ""logit"": 15.6875}]"
28,Compara TDD con un enfoque tradicional de testing en el desarrollo de software.,"El mecanismo TDD se ejecutan pruebas y luego se escribe el código, mientras que el enfoque tradicional se realiza el código y luego se ejecutan los test",6.0,8.0,14.039,0.7058374000806724,1.6310911430887918,0.9991068243980408,0.9999630212050832,3.697879491681988e-05,1.5,0.6339747756719589,"[{""token"": ""8"", ""token_id"": 236828, ""probabilidad"": 0.8160630464553833, ""es_nota"": true}, {""token"": ""9"", ""token_id"": 236819, ""probabilidad"": 0.18208827078342438, ""es_nota"": true}, {""token"": ""1"", ""token_id"": 236770, ""probabilidad"": 0.0009555115248076618, ""es_nota"": true}]","[{""nota"": 8, ""token"": ""8"", ""token_id"": 236828, ""probabilidad"": 0.8160630464553833, ""logit"": 25.375}, {""nota"": 9, ""token"": ""9"", ""token_id"": 236819, ""probabilidad"": 0.18208827078342438, ""logit"": 23.875}, {""nota"": 1, ""token"": ""1"", ""token_id"": 236770, ""probabilidad"": 0.0009555115248076618, ""logit"": 18.625}]"
29,Describe las buenas prácticas en TDD y su impacto en la calidad del software.,"poner nombres simples e intuitivos, seguir el enfoque de las tres AAA y no probar varias funcionalidades en un mismo test, hacer varias que prueben y testeen una por una",6.0,7.0,13.658,0.8787363228292198,1.8387639960504192,0.9999172687530518,0.9999783923691119,2.1607630888098583e-05,0.875,0.4114256203174591,"[{""token"": ""7"", ""token_id"": 236832, ""probabilidad"": 0.7055373191833496, ""es_nota"": true}, {""token"": ""6"", ""token_id"": 236825, ""probabilidad"": 0.2941116988658905, ""es_nota"": true}, {""token"": ""8"", ""token_id"": 236828, ""probabilidad"": 0.00026819517370313406, ""es_nota"": true}]","[{""nota"": 7, ""token"": ""7"", ""token_id"": 236832, ""probabilidad"": 0.7055373191833496, ""logit"": 25.375}, {""nota"": 6, ""token"": ""6"", ""token_id"": 236825, ""probabilidad"": 0.2941116988658905, ""logit"": 24.5}, {""nota"": 8, ""token"": ""8"", ""token_id"": 236828, ""probabilidad"": 0.00026819517370313406, ""logit"": 17.5}]"
30,Explica la importancia de validar entradas en el contexto de TDD y cómo se relaciona con la robustez del software.,"es importante validar entradas ya que cuando ejecutamos un código este puede fallar al no interpretar caracteres o interpretarlos mal que es tal y como pasaría en la vida real si un usuario ejecuta un test manualmente y pese a ser funcional y pasar los test el programa podría romperse, por lo que validar entradas otorga una mayor robustez al código ya que se ajusta mas a la realidad",5.0,8.0,14.324,0.8413223462709072,1.7916916192282575,0.9999476075172424,0.9999721442256823,2.785577431774211e-05,1.0,0.46207940578460693,"[{""token"": ""8"", ""token_id"": 236828, ""probabilidad"": 0.7309988737106323, ""es_nota"": true}, {""token"": ""9"", ""token_id"": 236819, ""probabilidad"": 0.2689194679260254, ""es_nota"": true}, {""token"": ""1"", ""token_id"": 236770, ""probabilidad"": 2.9287682991707698e-05, ""es_nota"": true}]","[{""nota"": 8, ""token"": ""8"", ""token_id"": 236828, ""probabilidad"": 0.7309988737106323, ""logit"": 24.375}, {""nota"": 9, ""token"": ""9"", ""token_id"": 236819, ""probabilidad"": 0.2689194679260254, ""logit"": 23.375}, {""nota"": 1, ""token"": ""1"", ""token_id"": 236770, ""probabilidad"": 2.9287682991707698e-05, ""logit"": 14.25}]"
31,Explica el ciclo TDD  y su importancia en el desarrollo de software.,"El ciclo TDD o desarrollo de pruebas guiado , es una metodologia, en el que las pruebas se desarrollan antes que el codigo de produccion. Es un ciclo corto y continuo y se divide en tres fases:

Ciclo Rojo, se desarrolla el el test y este no pasara ya que todavia no se ha implementado el codigo.

Ciclo Verde, se implementa el codigo minimo, y los test pasaran.

Ciclo Refactor, se mejora el codigo, manteniendolos test.

Esto garantiza un codigo limpio, bien modulado, reduciendo la cantidad de codigo y el debugging",10.0,10.0,14.84,0.15788333854999992,1.1156491033245066,0.9999992251396179,0.9999989242793801,1.0757206199141223e-06,3.75,0.9540440551936626,"[{""token"": ""1"", ""token_id"": 236770, ""probabilidad"": 0.9770213961601257, ""es_nota"": true}, {""token"": ""9"", ""token_id"": 236819, ""probabilidad"": 0.02297734096646309, ""es_nota"": true}, {""token"": "" "", ""token_id"": 236743, ""probabilidad"": 4.6290372779367317e-07, ""es_nota"": false}]","[{""nota"": 1, ""token"": ""1"", ""token_id"": 236770, ""probabilidad"": 0.9770213961601257, ""logit"": 26.25}, {""nota"": 9, ""token"": ""9"", ""token_id"": 236819, ""probabilidad"": 0.02297734096646309, ""logit"": 22.5}, {""nota"": 0, ""token"": ""0"", ""token_id"": 236771, ""probabilidad"": 1.5997524371869076e-07, ""logit"": 10.625}]"
32,Compara TDD con un enfoque tradicional de testing en el desarrollo de software.,"Las principales ventajas de TDD respecto a un enfoque tradicional de testing en desarrollo software, son que el codigo se reduce, mayor seguridad al refactorizar, codigo mas limpio y mas modulado, menos errores y tambien disminuye el tiempo de debugging.",4.0,7.0,14.035,0.5342614102905647,1.4482005564742904,0.999959409236908,0.9999840725516931,1.592744830691828e-05,2.0,0.7611430510878563,"[{""token"": ""7"", ""token_id"": 236832, ""probabilidad"": 0.8802753686904907, ""es_nota"": true}, {""token"": ""6"", ""token_id"": 236825, ""probabilidad"": 0.11913231760263443, ""es_nota"": true}, {""token"": ""8"", ""token_id"": 236828, ""probabilidad"": 0.0005516920355148613, ""es_nota"": true}]","[{""nota"": 7, ""token"": ""7"", ""token_id"": 236832, ""probabilidad"": 0.8802753686904907, ""logit"": 25.5}, {""nota"": 6, ""token"": ""6"", ""token_id"": 236825, ""probabilidad"": 0.11913231760263443, ""logit"": 23.5}, {""nota"": 8, ""token"": ""8"", ""token_id"": 236828, ""probabilidad"": 0.0005516920355148613, ""logit"": 18.125}]"
33,Describe las buenas prácticas en TDD y su impacto en la calidad del software.,"Desarrollar buenas en TDD es muy importante ya mejora la calidad del software notablemente, en el desarrollo de los tests prima la calidad a la cantidad, tambien es muy importante desarrollar codigo bien estructurado, ya que esto los errores,",3.0,6.0,14.031,0.49285001895846114,1.4072220744112014,0.9989320635795593,0.9999899148850578,1.0085114942159912e-05,2.25,0.8061157315969467,"[{""token"": ""6"", ""token_id"": 236825, ""probabilidad"": 0.9010899066925049, ""es_nota"": true}, {""token"": ""5"", ""token_id"": 236810, ""probabilidad"": 0.09497417509555817, ""es_nota"": true}, {""token"": ""4"", ""token_id"": 236812, ""probabilidad"": 0.0028679717797785997, ""es_nota"": true}]","[{""nota"": 6, ""token"": ""6"", ""token_id"": 236825, ""probabilidad"": 0.9010899066925049, ""logit"": 26.0}, {""nota"": 5, ""token"": ""5"", ""token_id"": 236810, ""probabilidad"": 0.09497417509555817, ""logit"": 23.75}, {""nota"": 4, ""token"": ""4"", ""token_id"": 236812, ""probabilidad"": 0.0028679717797785997, ""logit"": 20.25}]"
34,Explica la importancia de validar entradas en el contexto de TDD y cómo se relaciona con la robustez del software.,Validar la entradas de contexto es importante ya que evita conflictos en el codigo y esto hace que el codigo sea mas robusto.,4.0,6.0,13.557,0.49572636619251126,1.4100304967481407,0.9999669194221497,0.9999859463634891,1.4053636510857892e-05,2.125,0.7862499505281448,"[{""token"": ""6"", ""token_id"": 236825, ""probabilidad"": 0.8928905129432678, ""es_nota"": true}, {""token"": ""7"", ""token_id"": 236832, ""probabilidad"": 0.10664056241512299, ""es_nota"": true}, {""token"": ""5"", ""token_id"": 236810, ""probabilidad"": 0.00043581562931649387, ""es_nota"": true}]","[{""nota"": 6, ""token"": ""6"", ""token_id"": 236825, ""probabilidad"": 0.8928905129432678, ""logit"": 25.875}, {""nota"": 7, ""token"": ""7"", ""token_id"": 236832, ""probabilidad"": 0.10664056241512299, ""logit"": 23.75}, {""nota"": 5, ""token"": ""5"", ""token_id"": 236810, ""probabilidad"": 0.00043581562931649387, ""logit"": 18.25}]"
35,Explica el ciclo TDD  y su importancia en el desarrollo de software.,"El tdd, signfica test-driven-development, y es una metodologia de desarrollo de software, que se basa principalmente en test.

Se caracteriza por:

un test en rojo, donde el codigo proporcionado no pasa el test,

luego un test en verde el cual pasa el test pero con un codigo minimo.

y finalmente refactor, donde mientras el test esta en verde, depuramos el codigo, hacemos una limpieza de variables, las duplicadas las eliminamos, etc...

rojo --> verde --> refactor

Es importante este ciclo en el desarrollo ya que, trabajamos en base a los test, los cuales pueden ahorrarnos ciertos bugs, aunque es mas tedioso primero hacer el test, seguirlos, puede hacer que hagamos un codigo mas simple",9.0,9.0,15.479,0.09711046145997745,1.0696289820156804,0.9999837875366211,0.9999895103292161,1.0489670783875304e-05,4.375,0.975106711499393,"[{""token"": ""9"", ""token_id"": 236819, ""probabilidad"": 0.9875379800796509, ""es_nota"": true}, {""token"": ""1"", ""token_id"": 236770, ""probabilidad"": 0.012431268580257893, ""es_nota"": true}, {""token"": ""8"", ""token_id"": 236828, ""probabilidad"": 1.4555518646375276e-05, ""es_nota"": true}]","[{""nota"": 9, ""token"": ""9"", ""token_id"": 236819, ""probabilidad"": 0.9875379800796509, ""logit"": 25.25}, {""nota"": 1, ""token"": ""1"", ""token_id"": 236770, ""probabilidad"": 0.012431268580257893, ""logit"": 20.875}, {""nota"": 8, ""token"": ""8"", ""token_id"": 236828, ""probabilidad"": 1.4555518646375276e-05, ""logit"": 14.125}]"
36,Compara TDD con un enfoque tradicional de testing en el desarrollo de software.,"TDD -->

-Realizamos el test, y luego hacemos en codigo de produccion en base al mismo

-Usamos los test a modo de especificacion

-Es un enfoque proactivo

-Los test son obligatorios

Enfoque tradicional -->

-Primero realizamos el codigo y luego el test

-Usamos los test a modo de verificacion

-Hacemos los test de manera reactiva, es decir, en base al codigo

-Los test no son obligatorios, son opcionales",10.0,10.0,15.064,0.00015905072551194028,1.00011025163922,0.9999998807907104,0.9999998225296503,1.7747034974924247e-07,11.6875,0.999983018860803,"[{""token"": ""1"", ""token_id"": 236770, ""probabilidad"": 0.9999914169311523, ""es_nota"": true}, {""token"": ""9"", ""token_id"": 236819, ""probabilidad"": 8.398070349358022e-06, ""es_nota"": true}, {""token"": "" "", ""token_id"": 236743, ""probabilidad"": 4.6911242890246285e-08, ""es_nota"": false}]","[{""nota"": 1, ""token"": ""1"", ""token_id"": 236770, ""probabilidad"": 0.9999914169311523, ""logit"": 27.25}, {""nota"": 9, ""token"": ""9"", ""token_id"": 236819, ""probabilidad"": 8.398070349358022e-06, ""logit"": 15.5625}, {""nota"": 0, ""token"": ""0"", ""token_id"": 236771, ""probabilidad"": 2.6465512004136826e-09, ""logit"": 7.5}]"
37,Describe las buenas prácticas en TDD y su impacto en la calidad del software.,"Para realizar buenas practicas nos basaremos sobre todo en la practica FIRST, cuyas siglas significan -->

F  <fast> Los test deben ser rapidos

I   <independency> los test deben ser aislados, ejecutarse de manera independiente 

R <repeteable> Los test se pueden ejecutar sin importar el entorno donde se ejecuten 

S <self-validating> Se debe ver claramente si los test pasan o estan en rojo

T <timely> Debemos saber en que momentos puntuales hay que añadir codigo o test, no hacerlo a lo loco",8.0,8.0,14.897,0.18680985444695286,1.1382439999335074,0.9999727010726929,0.9999841780817192,1.5821918280756186e-05,3.625,0.9469793904572725,"[{""token"": ""8"", ""token_id"": 236828, ""probabilidad"": 0.9729064702987671, ""es_nota"": true}, {""token"": ""7"", ""token_id"": 236832, ""probabilidad"": 0.02592707984149456, ""es_nota"": true}, {""token"": ""9"", ""token_id"": 236819, ""probabilidad"": 0.0011391564039513469, ""es_nota"": true}]","[{""nota"": 8, ""token"": ""8"", ""token_id"": 236828, ""probabilidad"": 0.9729064702987671, ""logit"": 26.5}, {""nota"": 7, ""token"": ""7"", ""token_id"": 236832, ""probabilidad"": 0.02592707984149456, ""logit"": 22.875}, {""nota"": 9, ""token"": ""9"", ""token_id"": 236819, ""probabilidad"": 0.0011391564039513469, ""logit"": 19.75}]"
38,Explica la importancia de validar entradas en el contexto de TDD y cómo se relaciona con la robustez del software.,"Porque no puedes escribir codigo a lo loco, al final necesitas ajustarte a unos parametros para que el test pueda pasar por esas lineas que va a comprobar, y que este pueda entenderlo",3.0,5.0,13.596,1.142256886891555,2.207260470831479,0.9998860359191895,0.9999941615037184,5.838496281551642e-06,0.0,0.0,"[{""token"": ""5"", ""token_id"": 236810, ""probabilidad"": 0.4877999424934387, ""es_nota"": true}, {""token"": ""4"", ""token_id"": 236812, ""probabilidad"": 0.4877999424934387, ""es_nota"": true}, {""token"": ""6"", ""token_id"": 236825, ""probabilidad"": 0.02428612858057022, ""es_nota"": true}]","[{""nota"": 4, ""token"": ""4"", ""token_id"": 236812, ""probabilidad"": 0.4877999424934387, ""logit"": 25.125}, {""nota"": 5, ""token"": ""5"", ""token_id"": 236810, ""probabilidad"": 0.4877999424934387, ""logit"": 25.125}, {""nota"": 6, ""token"": ""6"", ""token_id"": 236825, ""probabilidad"": 0.02428612858057022, ""logit"": 22.125}]"
39,Explica el ciclo TDD  y su importancia en el desarrollo de software.,"El ciclo TDD (Test driven development) es una metodología de desarrollo de software que se basa en ir haciendo tests a lo largo del desarrollo de manera que se pueden ir resolviendo los problemas y bugs de maneras mas claras y sencillas. Se empieza haciendo un test rojo (un primer test con sus debidos errores) luego un test verde (test que funciona pero que todavía no es perfecto) y por último tests refactores (tests solucionando cada error hasta que este perfecto o casi perfecto el codigo). El TDD ofrece varias ventajas a la hora de diseñar cada función, como puede ser la granularidad (testear con los fragmentos de código lo mas pequeños posibles para identificar facilmente cualquier error) o aislamiento (probar las funciones individualmente a ver si funcionan por su cuenta en vez de probarlas junto con el resto del código).",7.0,9.0,15.029,0.14450906034618102,1.1053544444503334,0.9999784231185913,0.9999846760923357,1.5323907664344105e-05,3.875,0.959266260266304,"[{""token"": ""9"", ""token_id"": 236819, ""probabilidad"": 0.9795971512794495, ""es_nota"": true}, {""token"": ""8"", ""token_id"": 236828, ""probabilidad"": 0.020330891013145447, ""es_nota"": true}, {""token"": ""1"", ""token_id"": 236770, ""probabilidad"": 5.039524330641143e-05, ""es_nota"": true}]","[{""nota"": 9, ""token"": ""9"", ""token_id"": 236819, ""probabilidad"": 0.9795971512794495, ""logit"": 25.125}, {""nota"": 8, ""token"": ""8"", ""token_id"": 236828, ""probabilidad"": 0.020330891013145447, ""logit"": 21.25}, {""nota"": 1, ""token"": ""1"", ""token_id"": 236770, ""probabilidad"": 5.039524330641143e-05, ""logit"": 15.25}]"
40,Compara TDD con un enfoque tradicional de testing en el desarrollo de software.,"Un enfoque tradicional al desarrollar un programa suele ser ir escribiendo codigo e ir probando si compila el programa entero a medida que lo vas haciendo, lo que suele dar muchos problemas por varias cosas muy minimas que hasta resulta dificil de identificar donde esta el problema. En cambio, al desarrollar un programa con la metodología del TDD puedes identificar esos errores en cada función mucho mas facil, ya que estan en ese fragmento de código y se puede identificar perfectamente que es lo que falla, a parte, al ir probando cada función por separado puedes asegurarte de que todas funcionan por su cuenta antes de juntarlo todo.",6.0,9.0,14.881,0.389522910310462,1.3099601370866254,0.9999700784683228,0.9999793814946052,2.061850539480936e-05,2.5,0.8481673821806908,"[{""token"": ""9"", ""token_id"": 236819, ""probabilidad"": 0.9240151643753052, ""es_nota"": true}, {""token"": ""8"", ""token_id"": 236828, ""probabilidad"": 0.07584778219461441, ""es_nota"": true}, {""token"": ""1"", ""token_id"": 236770, ""probabilidad"": 0.00010712365474319085, ""es_nota"": true}]","[{""nota"": 9, ""token"": ""9"", ""token_id"": 236819, ""probabilidad"": 0.9240151643753052, ""logit"": 24.75}, {""nota"": 8, ""token"": ""8"", ""token_id"": 236828, ""probabilidad"": 0.07584778219461441, ""logit"": 22.25}, {""nota"": 1, ""token"": ""1"", ""token_id"": 236770, ""probabilidad"": 0.00010712365474319085, ""logit"": 15.6875}]"
41,Describe las buenas prácticas en TDD y su impacto en la calidad del software.,"Entre las ventajas del TDD podemos ver que suele ser muy útil por aspectos como los que mencioné anteriormente de la granularidad o el aislamiento por ejemplo. La granularidad consiste en hacer tests con los fragmentos de código mas pequeños posibles, haciendo mucho mas fácil identificar cualquier problema presente. El aislamiento consiste en probar las diferentes funciones del código por separado y cada una por su cuenta en lugar de todas juntas en el programa, para así poder perfeccionar cada función antes de que se junte todo en un mismo programa. Aspectos como estos hacen muy útil el TDD a la hora de desarrollar programas de calidad, sobretodo el hecho de testear tantas veces el código e ir mejorando cada mínimo error con los tests refactores.",6.0,8.0,14.934,0.03718501878909818,1.0261097306003624,0.9999890327453613,0.9999906593495431,9.340650456879374e-06,6.125,0.994307333836332,"[{""token"": ""8"", ""token_id"": 236828, ""probabilidad"": 0.9964871406555176, ""es_nota"": true}, {""token"": ""7"", ""token_id"": 236832, ""probabilidad"": 0.0021798068191856146, ""es_nota"": true}, {""token"": ""9"", ""token_id"": 236819, ""probabilidad"": 0.0013221196131780744, ""es_nota"": true}]","[{""nota"": 8, ""token"": ""8"", ""token_id"": 236828, ""probabilidad"": 0.9964871406555176, ""logit"": 26.375}, {""nota"": 7, ""token"": ""7"", ""token_id"": 236832, ""probabilidad"": 0.0021798068191856146, ""logit"": 20.25}, {""nota"": 9, ""token"": ""9"", ""token_id"": 236819, ""probabilidad"": 0.0013221196131780744, ""logit"": 19.75}]"
42,Explica la importancia de validar entradas en el contexto de TDD y cómo se relaciona con la robustez del software.,"Validar entradas es necesario si quieres un software de calidad que funcione perfecto sin importar que. Es algo importante y pesado, aportando mas líneas al programa para poder cubrir cualquier caso y validar las entradas haciendo del código uno mas robusto en el sentido de que, a parte de ser bastante código, también es un código mucho mas resistente y menos propenso a fallar.",5.0,7.0,14.216,0.8040959550349177,1.7460513099577768,0.9999853372573853,0.9999891409019963,1.0859098003690448e-05,1.125,0.5098088979721069,"[{""token"": ""7"", ""token_id"": 236832, ""probabilidad"": 0.7548837661743164, ""es_nota"": true}, {""token"": ""8"", ""token_id"": 236828, ""probabilidad"": 0.24507486820220947, ""es_nota"": true}, {""token"": ""6"", ""token_id"": 236825, ""probabilidad"": 2.6690802769735456e-05, ""es_nota"": true}]","[{""nota"": 7, ""token"": ""7"", ""token_id"": 236832, ""probabilidad"": 0.7548837661743164, ""logit"": 25.25}, {""nota"": 8, ""token"": ""8"", ""token_id"": 236828, ""probabilidad"": 0.24507486820220947, ""logit"": 24.125}, {""nota"": 6, ""token"": ""6"", ""token_id"": 236825, ""probabilidad"": 2.6690802769735456e-05, ""logit"": 15.0}]"
43,Explica el ciclo TDD  y su importancia en el desarrollo de software.,"El ciclo TDD se trata de un desarrollo basado en los tests, de ahí su nombre: Test-Drive-Development. Consta de las siguientes fases:

1. Fase RED: se crea un test que va a fallar. Por ejemplo se crea un test llamado comprobarDescuento, pues falla ya que no hay un modelo existente descuento.java o un método existente aplicarDescuento.

2. Fase GREEN: se implementa el mínimo código necesario para que el test funcione (pase verde). Siguiendo el ejemplo anterior: se implementaría el modelo y el método mencionado para que ya funcione.

3. Fase REFACTOR: fase donde se mejora el código test anterior, bien sea optimizando el código o desarrollándolo de manera más eficiente con la intención simplemente de mejora. Como ejemplo se modificaría el test comprobarDescuento.

La importancia del ciclo TDD en el desarrollo de software es que permite llevar a cabo una metodología donde al ser el test lo más importante del desarrollo, permite simplificar otros procesos. Tiene sentido para proyectos más grandes, donde al haber tanto código, el principal objetivo es que generalmente ese código sea eficiente, es decir, que cumpla la función que tenga que cumplir.",6.0,9.0,16.34,0.6052560737682293,1.5212487460792172,0.9999903440475464,0.9999914886528855,8.511347114548151e-06,1.75,0.7038946151733398,"[{""token"": ""9"", ""token_id"": 236819, ""probabilidad"": 0.8519394993782043, ""es_nota"": true}, {""token"": ""1"", ""token_id"": 236770, ""probabilidad"": 0.1480448842048645, ""es_nota"": true}, {""token"": ""0"", ""token_id"": 236771, ""probabilidad"": 5.931462510488927e-06, ""es_nota"": true}]","[{""nota"": 9, ""token"": ""9"", ""token_id"": 236819, ""probabilidad"": 0.8519394993782043, ""logit"": 25.25}, {""nota"": 1, ""token"": ""1"", ""token_id"": 236770, ""probabilidad"": 0.1480448842048645, ""logit"": 23.5}, {""nota"": 0, ""token"": ""0"", ""token_id"": 236771, ""probabilidad"": 5.931462510488927e-06, ""logit"": 13.375}]"
44,Compara TDD con un enfoque tradicional de testing en el desarrollo de software.,"El ciclo TDD destaca por ser un proceso monitorizado principalmente por los test de código. Consta de 3 fases: red (test que falla), green (test con código mínimo para que pase), refactor (mejora del test). A diferencia de un enfoque tradicional, en esta no se sigue una metodología donde los test son los que dirigen el desarrollo. Los test son utilizados como verificador final del código que se ha realizado, y en base a ellos se evalúa si el código en cuestión cumple con su función o no. 

Por ejemplo, en un enfoque general, queremos realizar una función que añada un elemento a otro (a+b). Se implementarían los modelos y métodos necesarios. Y por último se añadiría el test que verificará finalmente si es verdad que se cumple esa acción. En cambio, en un ciclo TDD, se implementaría el test lo primero de todo, se seguirían las distintas fases mencionadas anteriormente. Pero por lo que destaca el enfoque TDD es el hecho de que el desarrollo gire en torno al test.",7.0,10.0,15.693,0.38749369773805653,1.308118917041586,0.9999973773956299,0.9999973125706102,2.687429389802709e-06,2.5,0.8482807949185371,"[{""token"": ""1"", ""token_id"": 236770, ""probabilidad"": 0.9241387248039246, ""es_nota"": true}, {""token"": ""9"", ""token_id"": 236819, ""probabilidad"": 0.07585792988538742, ""es_nota"": true}, {""token"": "" "", ""token_id"": 236743, ""probabilidad"": 7.218900464067701e-07, ""es_nota"": false}]","[{""nota"": 1, ""token"": ""1"", ""token_id"": 236770, ""probabilidad"": 0.9241387248039246, ""logit"": 25.75}, {""nota"": 9, ""token"": ""9"", ""token_id"": 236819, ""probabilidad"": 0.07585792988538742, ""logit"": 23.25}, {""nota"": 0, ""token"": ""0"", ""token_id"": 236771, ""probabilidad"": 5.281460175865504e-07, ""logit"": 11.375}]"
45,Describe las buenas prácticas en TDD y su impacto en la calidad del software.,"Las buenas prácticas en el TDD, se conocen con el acrónimo de FIRST. Cada letra define una característica distinta:

F: Fiable

I: Independiente

R: Repetible

S: 

T:

Todas estas prácticas contribuyen en la calidad del software de manera positiva ya que hace que no haya código dependiente, por ejemplo, si tenemos varios test, es importante que no haya test que dependan de otros para ser ejecutados. Además, el código al ser pasado por una etapa donde únicamente se emplea para mejorar el código, se vuelve un código mucho más fiable.",4.0,7.0,14.745,0.3304516829533874,1.257406985358749,0.9999307990074158,0.9999683251026723,3.1674897327693685e-05,2.875,0.890448797494173,"[{""token"": ""7"", ""token_id"": 236832, ""probabilidad"": 0.9436880350112915, ""es_nota"": true}, {""token"": ""6"", ""token_id"": 236825, ""probabilidad"": 0.053239237517118454, ""es_nota"": true}, {""token"": ""8"", ""token_id"": 236828, ""probabilidad"": 0.003003552323207259, ""es_nota"": true}]","[{""nota"": 7, ""token"": ""7"", ""token_id"": 236832, ""probabilidad"": 0.9436880350112915, ""logit"": 25.75}, {""nota"": 6, ""token"": ""6"", ""token_id"": 236825, ""probabilidad"": 0.053239237517118454, ""logit"": 22.875}, {""nota"": 8, ""token"": ""8"", ""token_id"": 236828, ""probabilidad"": 0.003003552323207259, ""logit"": 20.0}]"
46,Explica la importancia de validar entradas en el contexto de TDD y cómo se relaciona con la robustez del software.,"Validar las entradas en el contexto del TDD es de las acciones más importantes en el proceso ya que te garantizan el cumplimiento y seguimiento de que el desarrollador sigue las etapas de manera correcta. En relación con la rrobustez del software, permite de manera mucho más sencilla luego realizar el código de producción basado en los test.",3.0,7.0,14.185,0.99954059184352,1.999363226454878,0.9999350905418396,0.9999864521744748,1.3547825525206392e-05,0.125,0.06240874528884888,"[{""token"": ""7"", ""token_id"": 236832, ""probabilidad"": 0.5311242341995239, ""es_nota"": true}, {""token"": ""6"", ""token_id"": 236825, ""probabilidad"": 0.46871548891067505, ""es_nota"": true}, {""token"": ""8"", ""token_id"": 236828, ""probabilidad"": 9.536877041682601e-05, ""es_nota"": true}]","[{""nota"": 7, ""token"": ""7"", ""token_id"": 236832, ""probabilidad"": 0.5311242341995239, ""logit"": 24.75}, {""nota"": 6, ""token"": ""6"", ""token_id"": 236825, ""probabilidad"": 0.46871548891067505, ""logit"": 24.625}, {""nota"": 8, ""token"": ""8"", ""token_id"": 236828, ""probabilidad"": 9.536877041682601e-05, ""logit"": 16.125}]"
47,Explica el ciclo TDD  y su importancia en el desarrollo de software.,"El ciclo TDD (Test-Driven Development), es una metodologia que se bass en la implementacion de test al principio del desarrollo del codigo para asi evitar errores tardios que son dificiles de gestionar y resolver. TDD tiene distintas etapas en las que encontramos: 1. Red: es en la parte en la que crear un test que va a dar error. 2. Green: es la etapa en la que se ejecuta un codigo minimo para resolver este test y que salga de color verde. Por ultimo tenemos la fase refactor, en la cual sin modificar los test en verde, mejoramos, optimizamos y organizamos el codigo para que este sea mas eficiente y no haya codigo duplicado o codigo inecesario. Esto en el desarollo de software es clave ya que nos resuelve un gran numero de problemas y podemos hacer que nuestro codigo sea mas fiable y no tenga tantos errores a la hora de desplegar la aplicacion. Tambien si trabajamos en equipo es una ventaja, ya que los test nos permiten entender el fucionamiento del codigo o si hay errores donde los podemos detectar.",10.0,10.0,15.724,0.11783803697963749,1.0851075463011606,0.9999990463256836,0.9999986457586263,1.3542413737077652e-06,4.125,0.9681857489049435,"[{""token"": ""1"", ""token_id"": 236770, ""probabilidad"": 0.984092116355896, ""es_nota"": true}, {""token"": ""9"", ""token_id"": 236819, ""probabilidad"": 0.01590636745095253, ""es_nota"": true}, {""token"": "" "", ""token_id"": 236743, ""probabilidad"": 5.62409411486442e-07, ""es_nota"": false}]","[{""nota"": 1, ""token"": ""1"", ""token_id"": 236770, ""probabilidad"": 0.984092116355896, ""logit"": 26.375}, {""nota"": 9, ""token"": ""9"", ""token_id"": 236819, ""probabilidad"": 0.01590636745095253, ""logit"": 22.25}, {""nota"": 0, ""token"": ""0"", ""token_id"": 236771, ""probabilidad"": 1.421993829353596e-07, ""logit"": 10.625}]"
48,Compara TDD con un enfoque tradicional de testing en el desarrollo de software.,"La comparacion de TDD con la metodologia tradicional de testing en el desarrollo de software, se basa en que en la metodologia tradicional, los test no tienen la misma importancia que en la metodología TDD, ya que hay veces que los test no se realizan. Por otra parte en la metodología tradicional al realizar las pruebas al final, el codigo ya ha sido desarrollado al completo por lo que aplicar o solucionar cambios va a ser mas costoso o dificiles de resolver. Tambien puede darse el caso de que haya codigo duplicado o inecesario, ya que no se realiza la fase de refactor la cual es clave en la metodologia TDD para modificar u optimizar el codigo. Además en TDD, los test sirven para entender como funciona el flujo del programa y tambien sirven como una documentacion viva del codigo del programa.",8.0,9.0,15.483,0.014986941466388914,1.0104423004412828,0.9999768733978271,0.9999848017777236,1.5198222276358031e-05,6.875,0.9977096889633685,"[{""token"": ""9"", ""token_id"": 236819, ""probabilidad"": 0.9987416863441467, ""es_nota"": true}, {""token"": ""1"", ""token_id"": 236770, ""probabilidad"": 0.0010319973807781935, ""es_nota"": true}, {""token"": ""8"", ""token_id"": 236828, ""probabilidad"": 0.00020321234478615224, ""es_nota"": true}]","[{""nota"": 9, ""token"": ""9"", ""token_id"": 236819, ""probabilidad"": 0.9987416863441467, ""logit"": 25.0}, {""nota"": 1, ""token"": ""1"", ""token_id"": 236770, ""probabilidad"": 0.0010319973807781935, ""logit"": 18.125}, {""nota"": 8, ""token"": ""8"", ""token_id"": 236828, ""probabilidad"": 0.00020321234478615224, ""logit"": 16.5}]"
49,Describe las buenas prácticas en TDD y su impacto en la calidad del software.,"Las buenas practicas de TDD sirven para tener un codigo bien estructurado y optimizado entre otras cosas. Unas de las buenas practicas son las siguientes: dar nombres claros a los metodos que se realizan y que nos sea facil saber que hace y para que se usa ese método. Tambien tener test que solo solucionen una parte del codigo, no intentar que un test se base en gran parte del codigo ya que puede ser un error. Tambien es crucial aplicar la regla AAA para comprobar que el codigo que se ha implementado tenga coherencia. Por ultimo otro de los principios es que los test tienen que ser independientes, no tienen que depender de ningun servicio y se tienen que poder ejecutar de manera independiente",6.0,8.0,14.762,0.02170898531491803,1.015161305928334,0.9999936819076538,0.9999941572137414,5.842786258591914e-06,6.375,0.9963323611300439,"[{""token"": ""8"", ""token_id"": 236828, ""probabilidad"": 0.9980326294898987, ""es_nota"": true}, {""token"": ""7"", ""token_id"": 236832, ""probabilidad"": 0.0017002683598548174, ""es_nota"": true}, {""token"": ""9"", ""token_id"": 236819, ""probabilidad"": 0.0002607445348985493, ""es_nota"": true}]","[{""nota"": 8, ""token"": ""8"", ""token_id"": 236828, ""probabilidad"": 0.9980326294898987, ""logit"": 26.5}, {""nota"": 7, ""token"": ""7"", ""token_id"": 236832, ""probabilidad"": 0.0017002683598548174, ""logit"": 20.125}, {""nota"": 9, ""token"": ""9"", ""token_id"": 236819, ""probabilidad"": 0.0002607445348985493, ""logit"": 18.25}]"
50,Explica la importancia de validar entradas en el contexto de TDD y cómo se relaciona con la robustez del software.,Son clave ya que permiten usar un test para distintos casos y asi evitar codigo duplicado. Gracias a esto se tiene una mejor estructuracion del codigo y por tanto sea mas eficaz.,3.0,6.0,13.34,0.8177534096960399,1.762659010439832,0.9990472197532654,0.9999914627318631,8.537268136876719e-06,1.5,0.6225732564926147,"[{""token"": ""6"", ""token_id"": 236825, ""probabilidad"": 0.801386833190918, ""es_nota"": true}, {""token"": ""5"", ""token_id"": 236810, ""probabilidad"": 0.17881357669830322, ""es_nota"": true}, {""token"": ""4"", ""token_id"": 236812, ""probabilidad"": 0.01884681172668934, ""es_nota"": true}]","[{""nota"": 6, ""token"": ""6"", ""token_id"": 236825, ""probabilidad"": 0.801386833190918, ""logit"": 25.5}, {""nota"": 5, ""token"": ""5"", ""token_id"": 236810, ""probabilidad"": 0.17881357669830322, ""logit"": 24.0}, {""nota"": 4, ""token"": ""4"", ""token_id"": 236812, ""probabilidad"": 0.01884681172668934, ""logit"": 21.75}]"
51,Explica el ciclo TDD  y su importancia en el desarrollo de software.,"El ciclo del TDD es una fase en el desarrollo e implementacion del software la cual consiste en la evaluación del codigo mediante pruebas de este. Existen multiples formas de evaluar, en Java, existen frameworks como JUnit5, Maven test o JaCoCo que nos permiten realizar estas pruebas unitarias y test para verificar el codigo.
Los test suelen estar clasificados en 3 tipos que son TDD rojo donde se indica que el test falla y no pasa, TDD verde donde se implementa el codigo minimo necesario para pasar el test y el TDD refactor donde se refactoriza el codigo minimo implementado para mejorarlo y que aún supere las pruebas.

Un ejemplo de test pueden ser los assertion test los cuales en funcion del tipo de test sabremos si este pasa o no, un ejemplo de ellos son los AssertionNull donde comprobamos si el parametro es nulo o no",6.0,8.0,15.484,0.3023862521373748,1.2331824406879466,0.9999727606773376,0.9999841824845298,1.581751547019561e-05,2.875,0.8930972889065742,"[{""token"": ""8"", ""token_id"": 236828, ""probabilidad"": 0.9464948773384094, ""es_nota"": true}, {""token"": ""9"", ""token_id"": 236819, ""probabilidad"": 0.053397588431835175, ""es_nota"": true}, {""token"": ""7"", ""token_id"": 236832, ""probabilidad"": 8.028002048376948e-05, ""es_nota"": true}]","[{""nota"": 8, ""token"": ""8"", ""token_id"": 236828, ""probabilidad"": 0.9464948773384094, ""logit"": 25.5}, {""nota"": 9, ""token"": ""9"", ""token_id"": 236819, ""probabilidad"": 0.053397588431835175, ""logit"": 22.625}, {""nota"": 7, ""token"": ""7"", ""token_id"": 236832, ""probabilidad"": 8.028002048376948e-05, ""logit"": 16.125}]"
52,Compara TDD con un enfoque tradicional de testing en el desarrollo de software.,"TDD a diferencia del enfoque tradicional, como su propia definicion de las siglas Test driven development son test que se desarrollan en funcion del desarrollo de software, es decir, son test que se van implementando a medida que vamos desarrollando el software y además, vamos probando si el software pasa las pruebas que se le establecen o no. Un ejemplo de ello puede ser si queremos comprobar mediante test unitarios si un metodo nuevo que acabamos de implementar pasaria un test de assertion de array, donde queremos esperar un resultado, comprobariamos mediante un test si el array retornado por nuestro metodo pasa dicho test mediante una comprobacion por uso de test mientras que un test tradicional tendria que esperar a la finalizacion del desarrollo de software para poder realizar la comprobacion. En resumen, con TDD se comprueba a medida que se desarrolla y no tenemos que esperar a la finalizacion del desarrollo para comprobar el codigo y luego refactorizar en funcion del resultado",6.0,8.0,15.523,0.8759101734563924,1.835165498127732,0.9999580979347229,0.9999829747823746,1.7025217625366018e-05,0.875,0.41152119636535645,"[{""token"": ""8"", ""token_id"": 236828, ""probabilidad"": 0.7057012319564819, ""es_nota"": true}, {""token"": ""7"", ""token_id"": 236832, ""probabilidad"": 0.2941800355911255, ""es_nota"": true}, {""token"": ""9"", ""token_id"": 236819, ""probabilidad"": 7.685706077609211e-05, ""es_nota"": true}]","[{""nota"": 8, ""token"": ""8"", ""token_id"": 236828, ""probabilidad"": 0.7057012319564819, ""logit"": 25.25}, {""nota"": 7, ""token"": ""7"", ""token_id"": 236832, ""probabilidad"": 0.2941800355911255, ""logit"": 24.375}, {""nota"": 9, ""token"": ""9"", ""token_id"": 236819, ""probabilidad"": 7.685706077609211e-05, ""logit"": 16.125}]"
53,Describe las buenas prácticas en TDD y su impacto en la calidad del software.,"Entre las buenas practicas del TDD podemos identificar 2 principalmente: 
El desarrollo AAA (Arrange-apply-assertion). El cual nos define que la estructura principal de los test consiste en la definicion de las variables del test y lo que vamos a necesitar, apply donde se aplican las pruebas en cuestion dentro del test y assertion donde se obtienen y devuelven los resultados obtenidos.

Tambien dentro de las buenas practicas encontramos el Named, que es identificar los test por un nombre acorde a la accion que este test realiza, es decir, si nosotros queremos hacer una comprobacion de valores en un array, un ejemplo de nombre podria ser ComprobacionDeArray que es mas correcto que llamarlo simplemente Test1

Estas 2 practicas son un ejemplo de las buenas practicas que se han de tener en cuenta en el desarrollo del TDD y tienen un impacto en el orden del codigo y su legibilidad a la hora de su modificacion o implementacion",6.0,7.0,15.515,0.5672422516846011,1.48168857645872,0.9999884963035583,0.9999911931898977,8.806810102290896e-06,1.875,0.7339845597743988,"[{""token"": ""7"", ""token_id"": 236832, ""probabilidad"": 0.8669330477714539, ""es_nota"": true}, {""token"": ""8"", ""token_id"": 236828, ""probabilidad"": 0.13294848799705505, ""es_nota"": true}, {""token"": ""6"", ""token_id"": 236825, ""probabilidad"": 0.00010698803816922009, ""es_nota"": true}]","[{""nota"": 7, ""token"": ""7"", ""token_id"": 236832, ""probabilidad"": 0.8669330477714539, ""logit"": 25.75}, {""nota"": 8, ""token"": ""8"", ""token_id"": 236828, ""probabilidad"": 0.13294848799705505, ""logit"": 23.875}, {""nota"": 6, ""token"": ""6"", ""token_id"": 236825, ""probabilidad"": 0.00010698803816922009, ""logit"": 16.75}]"
54,Explica la importancia de validar entradas en el contexto de TDD y cómo se relaciona con la robustez del software.,"En el contexto de TDD, validar las entradas es un paso fundamental para analizar que tipos de datos estamos utilizando en nuestro desarrollo, por ejemplo, si queremos recibir en un momento especifico un tipo de array, mediante el uso de TDD podemos analizar si el array que recibimos es el esperado, esto nos ayuda a buscar los datos que estamos buscando y poder trabajar sobre los valores esperados aportando robustez sobre el software. Otro ejemplo es cuando buscamos un tipo de dato concreto y lo tenemos que transformar como un float, mediante el uso de parse podemos convertir nuestra entrada al tipo de valor que buscamos pero gracias al TDD realizamos una comprobacion previa sobre si el tipo de dato es el esperado o no. En conclusion, es un analizador sobre si los datos que el usuario introduce son los correctos y los esperados o si no lo son",6.0,9.0,15.204,0.4556010231727301,1.3713539886620578,0.9999696612358093,0.9999764383511706,2.3561648829439896e-05,2.25,0.8092250674962997,"[{""token"": ""9"", ""token_id"": 236819, ""probabilidad"": 0.9045655727386475, ""es_nota"": true}, {""token"": ""8"", ""token_id"": 236828, ""probabilidad"": 0.09534050524234772, ""es_nota"": true}, {""token"": ""1"", ""token_id"": 236770, ""probabilidad"": 6.360614497680217e-05, ""es_nota"": true}]","[{""nota"": 9, ""token"": ""9"", ""token_id"": 236819, ""probabilidad"": 0.9045655727386475, ""logit"": 24.5}, {""nota"": 8, ""token"": ""8"", ""token_id"": 236828, ""probabilidad"": 0.09534050524234772, ""logit"": 22.25}, {""nota"": 1, ""token"": ""1"", ""token_id"": 236770, ""probabilidad"": 6.360614497680217e-05, ""logit"": 14.9375}]"
55,Explica el ciclo TDD  y su importancia en el desarrollo de software.,"La importancia de TDD (Test Driven Development) es una metodología de desarrollo en el cual se diseñan una serie de tests, con tal de acotar el alcance de nuestro programa además de tener herramientas para probar nuestro código. Esto sirve para la detección de bugs, ya que al ir cubriendo el código, se van cubriendo una gran parte importante de los bugs.",5.0,6.0,13.886,0.44201937184432566,1.3585045257993547,0.9993447661399841,0.9999945125471454,5.487452854557873e-06,2.375,0.828119121491909,"[{""token"": ""6"", ""token_id"": 236825, ""probabilidad"": 0.9130455851554871, ""es_nota"": true}, {""token"": ""5"", ""token_id"": 236810, ""probabilidad"": 0.08492646366357803, ""es_nota"": true}, {""token"": ""4"", ""token_id"": 236812, ""probabilidad"": 0.001372708473354578, ""es_nota"": true}]","[{""nota"": 6, ""token"": ""6"", ""token_id"": 236825, ""probabilidad"": 0.9130455851554871, ""logit"": 26.25}, {""nota"": 5, ""token"": ""5"", ""token_id"": 236810, ""probabilidad"": 0.08492646366357803, ""logit"": 23.875}, {""nota"": 4, ""token"": ""4"", ""token_id"": 236812, ""probabilidad"": 0.001372708473354578, ""logit"": 19.75}]"
56,Compara TDD con un enfoque tradicional de testing en el desarrollo de software.,"En un entorno tradicional de testing, se prueban los códigos una vez finalizado la escritura inicial. Lo que hace que TDD se diferencie, es que se empieza escribiendo codigos en red, lo que nos dice si un test es correcto y no que siempre sea verde al principio. Luego se desarrolla el código lo que permite no expandir de más nuestro código inicial (ser conciso). También esta metodología permite la refactorización de código sea más sencilla al estar el código hecho para los tests y no viceversa.",7.0,8.0,14.701,0.388939349648731,1.3094303739711366,0.999988317489624,0.9999909660881108,9.033911889222423e-06,2.5,0.8481983989477158,"[{""token"": ""8"", ""token_id"": 236828, ""probabilidad"": 0.9240489602088928, ""es_nota"": true}, {""token"": ""7"", ""token_id"": 236832, ""probabilidad"": 0.07585056126117706, ""es_nota"": true}, {""token"": ""9"", ""token_id"": 236819, ""probabilidad"": 8.881187386577949e-05, ""es_nota"": true}]","[{""nota"": 8, ""token"": ""8"", ""token_id"": 236828, ""probabilidad"": 0.9240489602088928, ""logit"": 26.0}, {""nota"": 7, ""token"": ""7"", ""token_id"": 236832, ""probabilidad"": 0.07585056126117706, ""logit"": 23.5}, {""nota"": 9, ""token"": ""9"", ""token_id"": 236819, ""probabilidad"": 8.881187386577949e-05, ""logit"": 16.75}]"
57,Describe las buenas prácticas en TDD y su impacto en la calidad del software.,"Es importante seguir el ciclo de tdd, (RED, GREEN, REFACTOR)

Para la escritura de los test es necesario basarse en los test unitarios. Estos test se les caracteriza por lo siguiente:

-abarcan pequeños fragmentos de código, es decir funciones.

-son test únicos ( no reutilizables

-son reutilizables

-suelen referirse a un solo requisito

-deben empezar en Rojo

 

Además de los test unitarios, se deben hacer pruebas de integración.

Con esto disminulle considerablemente la tasa de bugs, hace que el código sea más profesional, nos da herramientas útiles para la refactorización del código, además de que se evita la escritura del código inutil ya que con los test, se acota el desarrollo.",7.0,8.0,15.565,0.7660101112493057,1.700560238605817,0.9999638199806213,0.9999803403528651,1.965964713490642e-05,1.25,0.5545703768730164,"[{""token"": ""8"", ""token_id"": 236828, ""probabilidad"": 0.7772587537765503, ""es_nota"": true}, {""token"": ""9"", ""token_id"": 236819, ""probabilidad"": 0.22268837690353394, ""es_nota"": true}, {""token"": ""7"", ""token_id"": 236832, ""probabilidad"": 1.6668631360516883e-05, ""es_nota"": true}]","[{""nota"": 8, ""token"": ""8"", ""token_id"": 236828, ""probabilidad"": 0.7772587537765503, ""logit"": 24.375}, {""nota"": 9, ""token"": ""9"", ""token_id"": 236819, ""probabilidad"": 0.22268837690353394, ""logit"": 23.125}, {""nota"": 7, ""token"": ""7"", ""token_id"": 236832, ""probabilidad"": 1.6668631360516883e-05, ""logit"": 13.625}]"
58,Explica la importancia de validar entradas en el contexto de TDD y cómo se relaciona con la robustez del software.,"La importancia de la validación de entradas en TDD es la acotación de las funciones, prevenir que variables con distintos formatos esperados nos arruinen los test y comprobar que las funciones tengan los valores necesarios para su correcto funcionamiento. Esto a su vez hace que se acote por independiente las funciones.",7.0,8.0,14.15,0.053739932709070744,1.0379521473278237,0.9999890923500061,0.9999909025496024,9.097450397566043e-06,5.125,0.9880837895907462,"[{""token"": ""8"", ""token_id"": 236828, ""probabilidad"": 0.9939942955970764, ""es_nota"": true}, {""token"": ""9"", ""token_id"": 236819, ""probabilidad"": 0.005910506006330252, ""es_nota"": true}, {""token"": ""7"", ""token_id"": 236832, ""probabilidad"": 8.430883463006467e-05, ""es_nota"": true}]","[{""nota"": 8, ""token"": ""8"", ""token_id"": 236828, ""probabilidad"": 0.9939942955970764, ""logit"": 25.875}, {""nota"": 9, ""token"": ""9"", ""token_id"": 236819, ""probabilidad"": 0.005910506006330252, ""logit"": 20.75}, {""nota"": 7, ""token"": ""7"", ""token_id"": 236832, ""probabilidad"": 8.430883463006467e-05, ""logit"": 16.5}]"
59,Explica el ciclo TDD  y su importancia en el desarrollo de software.,"El ciclo TDD, es una metodología de desarrollo de software que se basa en la producción de tests para la reducción de bugs y problemas a la hora del desarrollo.
Este consta de 3 fases:
- La primera fase en la que se crean los tests antes que el código (al no haber código para los tests, los resultados salen en rojo y los tests fallan)
-La segunda fase en la que se crea el código en base a los tests previamente creados (ahora los tests salen en verde y pasan)
-La tercera fase donde se refactoriza, se mejora el codigo ya escrito manteniendo los tests en verde.",9.0,10.0,14.509,0.17375349652877276,1.1279893891292934,0.999998152256012,0.9999982948355846,1.7051644154442158e-06,3.625,0.9480830933898687,"[{""token"": ""1"", ""token_id"": 236770, ""probabilidad"": 0.9740403890609741, ""es_nota"": true}, {""token"": ""9"", ""token_id"": 236819, ""probabilidad"": 0.025957295671105385, ""es_nota"": true}, {""token"": "" "", ""token_id"": 236743, ""probabilidad"": 4.912549798063992e-07, ""es_nota"": false}]","[{""nota"": 1, ""token"": ""1"", ""token_id"": 236770, ""probabilidad"": 0.9740403890609741, ""logit"": 26.625}, {""nota"": 9, ""token"": ""9"", ""token_id"": 236819, ""probabilidad"": 0.025957295671105385, ""logit"": 23.0}, {""nota"": 0, ""token"": ""0"", ""token_id"": 236771, ""probabilidad"": 3.376343045147223e-07, ""logit"": 11.75}]"
60,Compara TDD con un enfoque tradicional de testing en el desarrollo de software.,"El TDD comparado a un enfoque tradicional de testing en el desarrollo de software difiere en varias metodologías y procesos de desarrollo:

En el TDD el codigo se crea a partir de tests previamente creados (los tests son lo inicial y lo importante)
En un enfoque tradicional los tests van después del codigo ya creado.

En el TDD se prioriza la cobertura general del codigo (que todos los caminos del codigo tomen parte dentro de los tests).
En un enfoque tradicional esto puede no ser asi, y puede carecer de tests suficientes para cubrir todo el codigo.

El TDD pasa por varias fases para garantizar el buen desarrollo del codigo, a partir de los tests (fase inicial de test rojos, fase de codigo con tests verdes y refactorizacion de codigo donde se mejora el codigo y los tests siguen verdes)
En un enfoque tradicional el codigo es lo primero y se mejora sin tener en cuenta las guias de los tests",10.0,10.0,15.292,0.1433532476543178,1.104469246241606,0.9999986290931702,0.9999984339826592,1.5660173408038602e-06,3.875,0.9593335017561913,"[{""token"": ""1"", ""token_id"": 236770, ""probabilidad"": 0.9796658158302307, ""es_nota"": true}, {""token"": ""9"", ""token_id"": 236819, ""probabilidad"": 0.02033231407403946, ""es_nota"": true}, {""token"": "" "", ""token_id"": 236743, ""probabilidad"": 4.6415664201049367e-07, ""es_nota"": false}]","[{""nota"": 1, ""token"": ""1"", ""token_id"": 236770, ""probabilidad"": 0.9796658158302307, ""logit"": 26.375}, {""nota"": 9, ""token"": ""9"", ""token_id"": 236819, ""probabilidad"": 0.02033231407403946, ""logit"": 22.5}, {""nota"": 0, ""token"": ""0"", ""token_id"": 236771, ""probabilidad"": 2.333926119035823e-07, ""logit"": 11.125}]"
61,Describe las buenas prácticas en TDD y su impacto en la calidad del software.,"Algunas buenas practicas en TDD pueden ser:

* Variacion en los tipos de tests

* Tests unitarios y end to end

* Refactorizacion de codigo a partir de tests

* Cobertura general del codigo por encima del 70%

Estas practicas tienen un gran impacto en la calidad del software al probar todo tipo de combinaciones y tests para todo tipo de situaciones asi como probar todos los metodos, branches y componentes solitarios del codigo para asegurarse que cada parte del codigo funciona de forma correcta.

La cobertura general asegura que al menos el 70% del codigo esta testeado y por ende hay una mayoria libre de errores/bugs aunque los tests en verde no aseguren al 100% que no haya bugs",6.0,8.0,14.773,0.04921757151496455,1.0347036124552824,0.9999926090240479,0.9999932142849877,6.785715012336269e-06,5.25,0.9894147906452417,"[{""token"": ""8"", ""token_id"": 236828, ""probabilidad"": 0.9946341514587402, ""es_nota"": true}, {""token"": ""7"", ""token_id"": 236832, ""probabilidad"": 0.005219360813498497, ""es_nota"": true}, {""token"": ""9"", ""token_id"": 236819, ""probabilidad"": 0.00013909126573707908, ""es_nota"": true}]","[{""nota"": 8, ""token"": ""8"", ""token_id"": 236828, ""probabilidad"": 0.9946341514587402, ""logit"": 26.5}, {""nota"": 7, ""token"": ""7"", ""token_id"": 236832, ""probabilidad"": 0.005219360813498497, ""logit"": 21.25}, {""nota"": 9, ""token"": ""9"", ""token_id"": 236819, ""probabilidad"": 0.00013909126573707908, ""logit"": 17.625}]"
62,Explica la importancia de validar entradas en el contexto de TDD y cómo se relaciona con la robustez del software.,"La validación de entradas en el contexto de TDD, es realmente importante ya que cualquier zona del código que permita el input/entrada es potencialmente una brecha de seguridad que debe ser testeada de distintas formas para confirmar que es seguro mantener una entrada allí.

Esto naturalmente conlleva a un software mas robusto y seguro.",7.0,8.0,13.903,0.5663265813006295,1.4807484554745276,0.9999819993972778,0.9999841515955822,1.584840441781754e-05,1.875,0.7340358197689056,"[{""token"": ""8"", ""token_id"": 236828, ""probabilidad"": 0.8669936060905457, ""es_nota"": true}, {""token"": ""7"", ""token_id"": 236832, ""probabilidad"": 0.13295778632164001, ""es_nota"": true}, {""token"": ""9"", ""token_id"": 236819, ""probabilidad"": 3.065472628804855e-05, ""es_nota"": true}]","[{""nota"": 8, ""token"": ""8"", ""token_id"": 236828, ""probabilidad"": 0.8669936060905457, ""logit"": 25.75}, {""nota"": 7, ""token"": ""7"", ""token_id"": 236832, ""probabilidad"": 0.13295778632164001, ""logit"": 23.875}, {""nota"": 9, ""token"": ""9"", ""token_id"": 236819, ""probabilidad"": 3.065472628804855e-05, ""logit"": 15.5}]"
63,Explica el ciclo TDD  y su importancia en el desarrollo de software.,"El ciclo TDD (Test Driven Development) es una manera de realizar proyectos de informatica que implican y tienen una parte muy importante de programacion. Su ciclo es:

-red: En este punto se ha hecho un test el cual no pasa las pruebas correspondientes

-green: En este punto se ha hecho el minimo codigo necesario como para que se pase el test 

-refactor: Aquí se implementa de una manera mas profunda y detallada codigo para que pase los diferentes test, ademas de que sea profesional, y este bien organizado y estructurado. 

El TDD no deja de ser una manera de implementar software, pero se basa en hacer tests que vamos mejorando e implementando para que así el codigo este bien implementado, sin errores y cubriendo cualquier posibilidad ante algun problema. Es muy importante en el desarrollo de software ya que con esto nos aseguramos de que el codigo que vamos implementando, es estable correcto y no van a surgir fallos posteriormente; estando el codigo lo mas cubierto posible.",7.0,9.0,15.469,0.4902125780039159,1.404651832909515,0.9999882578849792,0.9999895513579997,1.0448642000282504e-05,2.125,0.7866057455539703,"[{""token"": ""9"", ""token_id"": 236819, ""probabilidad"": 0.8932945728302002, ""es_nota"": true}, {""token"": ""1"", ""token_id"": 236770, ""probabilidad"": 0.10668882727622986, ""es_nota"": true}, {""token"": ""0"", ""token_id"": 236771, ""probabilidad"": 4.843665010412224e-06, ""es_nota"": true}]","[{""nota"": 9, ""token"": ""9"", ""token_id"": 236819, ""probabilidad"": 0.8932945728302002, ""logit"": 24.75}, {""nota"": 1, ""token"": ""1"", ""token_id"": 236770, ""probabilidad"": 0.10668882727622986, ""logit"": 22.625}, {""nota"": 0, ""token"": ""0"", ""token_id"": 236771, ""probabilidad"": 4.843665010412224e-06, ""logit"": 12.625}]"
64,Compara TDD con un enfoque tradicional de testing en el desarrollo de software.,"TDD nos permite validar y comprobar todas las partes de nuestro codigo, ya que todo lo que vamos haciendo parte de los diferentes tests que se van desarrollando e implementando; y a medida que vamos avanzando se alcanza una mayor cobertura y estabilidad en nuestro codigo. 

Esto es diferente de otras maneras de desarrollo tradicional como incremental o XP (Extreme Programing), ya que en estos enfoques se busca hacer el codigo y que haya cierta cobertura pero sin embargo no es el enfoque principal a la hora de programar. Ya que en estas metodologías se va programando de una manera tradicional podriamos decir y una vez ya este el codigo realizado se da comienzo a la parte de tests, y es aquí donde se marca la diferencia con TDD ya que en esta metodología se parte siempre teniendo en cuenta los tests y para dar la mayor cobertura al codigo posible.",9.0,8.0,15.082,0.07033495118568953,1.0499604251325516,0.9999812841415405,0.9999862121918496,1.3787808150422798e-05,5.375,0.9879999915137887,"[{""token"": ""8"", ""token_id"": 236828, ""probabilidad"": 0.9925966262817383, ""es_nota"": true}, {""token"": ""7"", ""token_id"": 236832, ""probabilidad"": 0.004596634767949581, ""es_nota"": true}, {""token"": ""9"", ""token_id"": 236819, ""probabilidad"": 0.0027879998087882996, ""es_nota"": true}]","[{""nota"": 8, ""token"": ""8"", ""token_id"": 236828, ""probabilidad"": 0.9925966262817383, ""logit"": 26.125}, {""nota"": 7, ""token"": ""7"", ""token_id"": 236832, ""probabilidad"": 0.004596634767949581, ""logit"": 20.75}, {""nota"": 9, ""token"": ""9"", ""token_id"": 236819, ""probabilidad"": 0.0027879998087882996, ""logit"": 20.25}]"
65,Describe las buenas prácticas en TDD y su impacto en la calidad del software.,"Entre las buenas prácticas del TDD tenemos, utilizar diferentes herramientas como hemos visto en las diferentes prácticas es decir no solo hacer por ejemplo tests con JUnit 5 sino llevarlo mas hayá y implementar mas herramientas de testing como JaCoCo o MockMvc que son algunas de las que hemos visto. Otras herramientas que tambien nos pueden ayudar son Thunder Client o Postam, nose si estas se conssideran herramientas de tests pero no dejan de ser dos herramientas que nos permiten probar el codigo antes de tener que ejecutarlo y probar y tienen como consecuencia otra buena práctica que es probar que el codigo realizado cumpla con su funcionalidad antes de llevarlo a produccion. 

Si continuamos con buenas practicas, tambien debemos de aplicar conceptos básicos a la hora de programacion como SOLID o SMART. Esto es una buena practica generica a la hora de programar pero no deja de influir a la hora de hacer TDD ya que el codigo debe de estar bien organizado e implementado. 
Por ultimo tambien tendriamos la cobertura de los tests, es decir hacer tests verificando que cumplen lo que tienen que hacer y van a ser funcionales; dando la maxima cobertura posible y asegurandonos de que estos esten bien realizados e implementados.",5.0,6.0,16.052,0.7576082517071954,1.6906854250098426,0.9991362690925598,0.9999906029698371,9.397030162894282e-06,1.625,0.660283625125885,"[{""token"": ""6"", ""token_id"": 236825, ""probabilidad"": 0.8221805691719055, ""es_nota"": true}, {""token"": ""5"", ""token_id"": 236810, ""probabilidad"": 0.1618969440460205, ""es_nota"": true}, {""token"": ""4"", ""token_id"": 236812, ""probabilidad"": 0.015058762393891811, ""es_nota"": true}]","[{""nota"": 6, ""token"": ""6"", ""token_id"": 236825, ""probabilidad"": 0.8221805691719055, ""logit"": 25.75}, {""nota"": 5, ""token"": ""5"", ""token_id"": 236810, ""probabilidad"": 0.1618969440460205, ""logit"": 24.125}, {""nota"": 4, ""token"": ""4"", ""token_id"": 236812, ""probabilidad"": 0.015058762393891811, ""logit"": 21.75}]"
66,Explica la importancia de validar entradas en el contexto de TDD y cómo se relaciona con la robustez del software.,"Validar las entradas es uno de los primeros pasos y mas importante ya que en funcion de la entrada que se reciba se debera de ejecutar un codigo correspondiente. Lo que pasa es que si la entrada ya la validamos mal, todo el codigo que sigue va a fallar por eso nos tenemos que asegurar que la entrada es correta; así el codigo que que continua deberia de tener una correcta ejecucion y cobertura. 
Esto nos va a ayudar con la robustez del software ya que nos aseguramos que si los primeros datos estan bien el codigo va a funcionar como se espera y en caso de que estos datos esten mal, el codigo que continua no va a dar errores sino que se va a tratar el error para informar al usuario (o persona que lo utilice) y que este sepa como deben de ser los datos de entrada",6.0,9.0,15.307,0.03839624716401769,1.026971572539869,0.999970018863678,0.9999815499012885,1.8450098711486618e-05,5.625,0.9925246743950993,"[{""token"": ""9"", ""token_id"": 236819, ""probabilidad"": 0.9961172342300415, ""es_nota"": true}, {""token"": ""8"", ""token_id"": 236828, ""probabilidad"": 0.0035925598349422216, ""es_nota"": true}, {""token"": ""1"", ""token_id"": 236770, ""probabilidad"": 0.00026024412363767624, ""es_nota"": true}]","[{""nota"": 9, ""token"": ""9"", ""token_id"": 236819, ""probabilidad"": 0.9961172342300415, ""logit"": 25.25}, {""nota"": 8, ""token"": ""8"", ""token_id"": 236828, ""probabilidad"": 0.0035925598349422216, ""logit"": 19.625}, {""nota"": 1, ""token"": ""1"", ""token_id"": 236770, ""probabilidad"": 0.00026024412363767624, ""logit"": 17.0}]"
67,Explica el ciclo TDD  y su importancia en el desarrollo de software.,"El ciclo TDD (Test-Driven Development) es una metodología en la cual se hacen los tests antes del código. Tiene importancia en el desarrollo del software ya que lo primero que hacer al desarrollar es hacer los tests que actuán como prerequisitos, lo que hace que se vaya desarollando el código según los tests. 

El ciclo que sigue el desarrollo es Rojo-Verde-Refactor:

* Rojo: Se hace el test y falla (se pone en rojo) ya que no hay código.

* Verde: Una vez hecho el test, se hace el código para que pase el test correctamente (verde).

* Refactro: Manteniendo el verde, se edita el código para hacerlo más legible, sencillo, etc.",10.0,10.0,14.803,0.006794036125985209,1.00472037301002,0.9999997615814209,0.9999996330885615,3.6691143845413166e-07,7.5,0.9988940308685414,"[{""token"": ""1"", ""token_id"": 236770, ""probabilidad"": 0.9994468092918396, ""es_nota"": true}, {""token"": ""9"", ""token_id"": 236819, ""probabilidad"": 0.0005527784232981503, ""es_nota"": true}, {""token"": "" "", ""token_id"": 236743, ""probabilidad"": 1.8543651947311446e-07, ""es_nota"": false}]","[{""nota"": 1, ""token"": ""1"", ""token_id"": 236770, ""probabilidad"": 0.9994468092918396, ""logit"": 27.25}, {""nota"": 9, ""token"": ""9"", ""token_id"": 236819, ""probabilidad"": 0.0005527784232981503, ""logit"": 19.75}, {""nota"": 0, ""token"": ""0"", ""token_id"": 236771, ""probabilidad"": 2.3575605467840433e-08, ""logit"": 9.6875}]"
68,Compara TDD con un enfoque tradicional de testing en el desarrollo de software.,"Si comparamos TDD con un enfoque tradicional (EF) de testing podemos ver que:

* En TDD se hacen primero los tests y después el código, y en el EF se hace primero el código y después el test.

* En TDD se usan los test (como prerequisito) para ir desarollando el código y que este los pase, y en el EF se van desarollando los test para lograr que pasen el código.

* TDD es proactivo y el EF es reactivo.",10.0,10.0,14.609,0.0028041828778776388,1.0019456016871766,0.9999996423721313,0.9999995948035559,4.051964440643374e-07,8.5,0.999592665626551,"[{""token"": ""1"", ""token_id"": 236770, ""probabilidad"": 0.9997960925102234, ""es_nota"": true}, {""token"": ""9"", ""token_id"": 236819, ""probabilidad"": 0.00020342688367236406, ""es_nota"": true}, {""token"": "" "", ""token_id"": 236743, ""probabilidad"": 1.4446855800542835e-07, ""es_nota"": false}]","[{""nota"": 1, ""token"": ""1"", ""token_id"": 236770, ""probabilidad"": 0.9997960925102234, ""logit"": 27.375}, {""nota"": 9, ""token"": ""9"", ""token_id"": 236819, ""probabilidad"": 0.00020342688367236406, ""logit"": 18.875}, {""nota"": 8, ""token"": ""8"", ""token_id"": 236828, ""probabilidad"": 3.431429007605402e-08, ""logit"": 10.1875}]"
69,Describe las buenas prácticas en TDD y su impacto en la calidad del software.,"Las buenas prácticas en TDD son aquellas que inician el desarrollo de código una vez desarrollados los tests, por lo que lo primero es hacer estos. A su vez, escribir el menor código posible para pasar de fase roja a verde, y en la fase refactor no volver al rojo, sino mantenerse en verde, mientras mejoramos el código. Esto hace que el código sea lo más eficiente posible y claro.",9.0,9.0,13.878,0.013395245951680576,1.0093281151512448,0.9999808669090271,0.9999863425368469,1.3657463153071703e-05,7.375,0.9982985007227398,"[{""token"": ""9"", ""token_id"": 236819, ""probabilidad"": 0.9989245533943176, ""es_nota"": true}, {""token"": ""8"", ""token_id"": 236828, ""probabilidad"": 0.0006260526715777814, ""es_nota"": true}, {""token"": ""1"", ""token_id"": 236770, ""probabilidad"": 0.00043027932406403124, ""es_nota"": true}]","[{""nota"": 9, ""token"": ""9"", ""token_id"": 236819, ""probabilidad"": 0.9989245533943176, ""logit"": 25.0}, {""nota"": 8, ""token"": ""8"", ""token_id"": 236828, ""probabilidad"": 0.0006260526715777814, ""logit"": 17.625}, {""nota"": 1, ""token"": ""1"", ""token_id"": 236770, ""probabilidad"": 0.00043027932406403124, ""logit"": 17.25}]"
70,Explica la importancia de validar entradas en el contexto de TDD y cómo se relaciona con la robustez del software.,"La importancia de validar las entradas en el contesto de TDD está en que los test no pueden generar errores ni (si no recuerdo mal) estar duplicados, ya que esto generaría que las respuestas de la cobertura nos dieran pie a error ya que nos haría pensar que hay código que no se ejecuta porque no responde al test, cuando en realidad los tests están mal y no ejecutan el código. Esto se realciona directamente con la robustez del software ya que si se validan las entradas, los tests reflejarán bien el código ejecutado y nos ayudará a desarollar código suficiente, eficaz, ordenado y necesario.",2.0,6.0,14.7,0.9786627619465331,1.9706379723617442,0.9998654723167419,0.9999869906306524,1.3009369347560806e-05,0.375,0.18528589606285095,"[{""token"": ""6"", ""token_id"": 236825, ""probabilidad"": 0.5925154089927673, ""es_nota"": true}, {""token"": ""7"", ""token_id"": 236832, ""probabilidad"": 0.4072295129299164, ""es_nota"": true}, {""token"": ""8"", ""token_id"": 236828, ""probabilidad"": 0.00012055814295308664, ""es_nota"": true}]","[{""nota"": 6, ""token"": ""6"", ""token_id"": 236825, ""probabilidad"": 0.5925154089927673, ""logit"": 25.125}, {""nota"": 7, ""token"": ""7"", ""token_id"": 236832, ""probabilidad"": 0.4072295129299164, ""logit"": 24.75}, {""nota"": 8, ""token"": ""8"", ""token_id"": 236828, ""probabilidad"": 0.00012055814295308664, ""logit"": 16.625}]"
71,Explica el ciclo TDD  y su importancia en el desarrollo de software.,"TDD (Test Driven Development) es una metodología de desarrollo de software según la cual antes de empezar a programar se definen unos test o pruebas mínimas que deben superar. El proceso se divide en 3 fases: rojo, verde y refactor.  

La primera fase (rojo) es la definión de dichos test iniciales, los cuales marcan unos procesos o metas mínimas que debe cumplir el programa para cumplir su funcionamiento. Su nombre proviene del resultado que dan los test si se prueban en ese momento: rojo. Esto es debido a que en ese momento aún no se ha implementado un código que pueda superar dicho test.

La segunda fase (verde) es la implementación del código. En esta se escriben las funciones necesarias para que dichos test pasen las distintas pruebas. No deben ser perfecto, solo pasar el test (de ahí el nombre, el color que da el test aprobado).

Por último esta la fase de refactor o refactorización, tomando el nombre del proceso homónimo. En esta si se busca optimizar el código y mejorarlo, todo sin alterar ese estado verde del test conseguido en el paso anterior. Se podría decir que aquí es donde se alcanza esa calidad final.

En general, su importancia surge en productos acotados y de carácter empresarial, pues da una estructura robusta y con una especificación clara. Sin embargo, para productos más abiertos, esta metodología podría no tener sentido.",10.0,9.0,16.888,0.685663063997181,1.6084410526544104,0.9999906420707703,0.9999903880664319,9.611933568076658e-06,1.5,0.6351393759250641,"[{""token"": ""9"", ""token_id"": 236819, ""probabilidad"": 0.8175621628761292, ""es_nota"": true}, {""token"": ""1"", ""token_id"": 236770, ""probabilidad"": 0.18242278695106506, ""es_nota"": true}, {""token"": "" "", ""token_id"": 236743, ""probabilidad"": 5.692116701538907e-06, ""es_nota"": false}]","[{""nota"": 9, ""token"": ""9"", ""token_id"": 236819, ""probabilidad"": 0.8175621628761292, ""logit"": 24.75}, {""nota"": 1, ""token"": ""1"", ""token_id"": 236770, ""probabilidad"": 0.18242278695106506, ""logit"": 23.25}, {""nota"": 0, ""token"": ""0"", ""token_id"": 236771, ""probabilidad"": 5.023275662097149e-06, ""logit"": 12.75}]"
72,Compara TDD con un enfoque tradicional de testing en el desarrollo de software.,"En un proceso tradicional, lo primero a realizar es el código de una funcionalidad. Tras llegar a un estado aceptable del mismo, se diseñan unas pruebas que definan una calidad mínima para este programa. Por otro lado, TDD funciona al revés, primero los test y luego el código, el cual se adapta a esos requerimientos iniciales.

Ambas técnicas son igual de válidas, peor cada una en su campo o enfoque. El TDD otorga una estabilidad y robusted que al estilo tradicional le costaría alcanzar, pero por contraparte limita el desarrollo en lo que se define inicialmente, reduciendo la flexibilidad de las funcionalidades. Por otro lado, el estilo tradicional da plena libertad al desarrollador de funcionabilidad para marcar las cotas de proyecto, pero por el contrario los test nunca serán tan precisos, pudiendo perder el enfoque de lo que se debe probar.",9.0,9.0,15.467,0.10847190210227942,1.0780857266426154,0.9999760985374451,0.9999850104979717,1.4989502028273094e-05,4.25,0.9717630231752992,"[{""token"": ""9"", ""token_id"": 236819, ""probabilidad"": 0.9858250617980957, ""es_nota"": true}, {""token"": ""1"", ""token_id"": 236770, ""probabilidad"": 0.014062038622796535, ""es_nota"": true}, {""token"": ""8"", ""token_id"": 236828, ""probabilidad"": 8.9008710347116e-05, ""es_nota"": true}]","[{""nota"": 9, ""token"": ""9"", ""token_id"": 236819, ""probabilidad"": 0.9858250617980957, ""logit"": 25.25}, {""nota"": 1, ""token"": ""1"", ""token_id"": 236770, ""probabilidad"": 0.014062038622796535, ""logit"": 21.0}, {""nota"": 8, ""token"": ""8"", ""token_id"": 236828, ""probabilidad"": 8.9008710347116e-05, ""logit"": 15.9375}]"
73,Describe las buenas prácticas en TDD y su impacto en la calidad del software.,"Lo primordial es seguir el proceso de red-green-refactor a raja tabla, complentando una fase antes de pasar a la siguiente, pues de no hacerlo el desarrollo perdería el sentido. Por otro lado, en TDD el peso del desarrollo recae principalmente en el desarrollo de los test, teniendo que programar todas las características que se quieran implementar antes tan siquiera de hacerlo.",5.0,8.0,14.067,0.9899655556958818,1.9861375713285325,0.9999620914459229,0.9999816310771126,1.8368922887423977e-05,0.25,0.12434419989585876,"[{""token"": ""8"", ""token_id"": 236828, ""probabilidad"": 0.5621367692947388, ""es_nota"": true}, {""token"": ""7"", ""token_id"": 236832, ""probabilidad"": 0.43779256939888, ""es_nota"": true}, {""token"": ""6"", ""token_id"": 236825, ""probabilidad"": 3.276957431808114e-05, ""es_nota"": true}]","[{""nota"": 8, ""token"": ""8"", ""token_id"": 236828, ""probabilidad"": 0.5621367692947388, ""logit"": 25.125}, {""nota"": 7, ""token"": ""7"", ""token_id"": 236832, ""probabilidad"": 0.43779256939888, ""logit"": 24.875}, {""nota"": 6, ""token"": ""6"", ""token_id"": 236825, ""probabilidad"": 3.276957431808114e-05, ""logit"": 15.375}]"
74,Explica la importancia de validar entradas en el contexto de TDD y cómo se relaciona con la robustez del software.,"La validación de entradas es probablemente una de las partes más básicas de TDD, pues se busca que el código solo reciba ciertos tipos de datos desde el primer momento, cumpliendo así con las especificaciones iniciales. Esta prueba inicial del dato logicamente otorga robusted al código, pues desde un primer momento nos encargamos de que solo acepte los datos que tengan sentido o con los que busquemos trabajar.",6.0,9.0,14.156,0.016596957034234402,1.0115705610075092,0.9999735951423645,0.9999858316421063,1.4168357893695749e-05,6.875,0.9975748835131526,"[{""token"": ""9"", ""token_id"": 236819, ""probabilidad"": 0.9986067414283752, ""es_nota"": true}, {""token"": ""1"", ""token_id"": 236770, ""probabilidad"": 0.0010318579152226448, ""es_nota"": true}, {""token"": ""8"", ""token_id"": 236828, ""probabilidad"": 0.00033499521669000387, ""es_nota"": true}]","[{""nota"": 9, ""token"": ""9"", ""token_id"": 236819, ""probabilidad"": 0.9986067414283752, ""logit"": 25.25}, {""nota"": 1, ""token"": ""1"", ""token_id"": 236770, ""probabilidad"": 0.0010318579152226448, ""logit"": 18.375}, {""nota"": 8, ""token"": ""8"", ""token_id"": 236828, ""probabilidad"": 0.00033499521669000387, ""logit"": 17.25}]"
75,Explica el ciclo TDD  y su importancia en el desarrollo de software.,"El ciclo TDD es un ciclo en el que se propone escribir primero los tests de los requisitos y luego escribir el código que pase dicho test. Este ciclo empieza con una fase roja donde el test está en rojo ya que el código aún no está desarrollado. Luego, se pasa a la fase verde donde se implementa el mínimo código para que esté verde el test. Y para finalizar, pasa a la fase refactor donde refactorizas el código para optimizarlo. Por ejemplo, para refactorizar el código puedes cambiar el nombre de las variables a unos nombres más descriptivos. Este ciclo contiene una series de ventajas que conllevan la importancia en el desarrollo de software.",7.0,10.0,14.893,0.7652279644481138,1.6996385418996263,0.9999953508377075,0.9999955741302317,4.425869768343027e-06,1.25,0.5545959174633026,"[{""token"": ""1"", ""token_id"": 236770, ""probabilidad"": 0.7772945165634155, ""es_nota"": true}, {""token"": ""9"", ""token_id"": 236819, ""probabilidad"": 0.22269859910011292, ""es_nota"": true}, {""token"": ""0"", ""token_id"": 236771, ""probabilidad"": 2.255957724628388e-06, ""es_nota"": true}]","[{""nota"": 1, ""token"": ""1"", ""token_id"": 236770, ""probabilidad"": 0.7772945165634155, ""logit"": 25.375}, {""nota"": 9, ""token"": ""9"", ""token_id"": 236819, ""probabilidad"": 0.22269859910011292, ""logit"": 24.125}, {""nota"": 0, ""token"": ""0"", ""token_id"": 236771, ""probabilidad"": 2.255957724628388e-06, ""logit"": 12.625}]"
76,Compara TDD con un enfoque tradicional de testing en el desarrollo de software.,"Por un lado, el enfoque tradicional proponía escribir primero el código y luego los tests. Por otro lado, el enfoque TDD escribe primero los tests y luego los códigos. En el enfoque tradicional, los tests servían como comprobación del código y podían a llegar a ser prescindibles. Sin embargo, en el enfoque TDD son imprescindibles los tests ya que sin ellos no se desarrolla el software.",9.0,10.0,14.224,0.001792309077749547,1.0012431060004656,0.9999997615814209,0.9999996863324216,3.136675783554921e-07,9.0,0.9997528662206605,"[{""token"": ""1"", ""token_id"": 236770, ""probabilidad"": 0.9998762607574463, ""es_nota"": true}, {""token"": ""9"", ""token_id"": 236819, ""probabilidad"": 0.00012339453678578138, ""es_nota"": true}, {""token"": "" "", ""token_id"": 236743, ""probabilidad"": 1.357265375645511e-07, ""es_nota"": false}]","[{""nota"": 1, ""token"": ""1"", ""token_id"": 236770, ""probabilidad"": 0.9998762607574463, ""logit"": 27.25}, {""nota"": 9, ""token"": ""9"", ""token_id"": 236819, ""probabilidad"": 0.00012339453678578138, ""logit"": 18.25}, {""nota"": 0, ""token"": ""0"", ""token_id"": 236771, ""probabilidad"": 1.4305471474074238e-08, ""logit"": 9.1875}]"
77,Describe las buenas prácticas en TDD y su impacto en la calidad del software.,"Una buena práctica en TDD es desarrollar métodos con AAA (Arrange-Act-Assert). Mediante el empleo de AAA en el código de una clase mantienes un orden y diseño de código óptimo. Por ejemplo, en una función de sumar dos números primero (arrange) declaras las variables, luego (act) operas con ellas y finalizas (assert) con el resultado. Por otro lado, otra buena práctica es escribir nombres de clases, variables, métodos descriptivos. Por ejemplo, método escenario resultado: add_dividirPorCero_lanzarExcepcion.",5.0,7.0,14.754,0.08883928036092693,1.0635141882981236,0.9999829530715942,0.9999858945048933,1.4105495106719879e-05,5.0,0.98348816530779,"[{""token"": ""7"", ""token_id"": 236832, ""probabilidad"": 0.990159809589386, ""es_nota"": true}, {""token"": ""6"", ""token_id"": 236825, ""probabilidad"": 0.006671644281595945, ""es_nota"": true}, {""token"": ""8"", ""token_id"": 236828, ""probabilidad"": 0.0031514617148786783, ""es_nota"": true}]","[{""nota"": 7, ""token"": ""7"", ""token_id"": 236832, ""probabilidad"": 0.990159809589386, ""logit"": 26.0}, {""nota"": 6, ""token"": ""6"", ""token_id"": 236825, ""probabilidad"": 0.006671644281595945, ""logit"": 21.0}, {""nota"": 8, ""token"": ""8"", ""token_id"": 236828, ""probabilidad"": 0.0031514617148786783, ""logit"": 20.25}]"
78,Explica la importancia de validar entradas en el contexto de TDD y cómo se relaciona con la robustez del software.,"Dentro de nuestro software tenemos excepciones que debemos evitar, por ejemplo, en una división que no se divida por cero. Dentro del enfoque TDD, es vital validar las entradas para que en el método organizado por AAA podamos pasar a la parte assert sin tener que actuar con la entrada inválida en la parte act. Esto deriva en un software robusto donde maneja las excepciones sin crear errores en nuestro software.",7.0,9.0,14.051,0.933931340559141,1.9104749490010726,0.9999667406082153,0.9999763022412446,2.369775875543656e-05,0.625,0.302690714597702,"[{""token"": ""9"", ""token_id"": 236819, ""probabilidad"": 0.6513139605522156, ""es_nota"": true}, {""token"": ""8"", ""token_id"": 236828, ""probabilidad"": 0.34862324595451355, ""es_nota"": true}, {""token"": ""1"", ""token_id"": 236770, ""probabilidad"": 2.9569609978352673e-05, ""es_nota"": true}]","[{""nota"": 9, ""token"": ""9"", ""token_id"": 236819, ""probabilidad"": 0.6513139605522156, ""logit"": 24.125}, {""nota"": 8, ""token"": ""8"", ""token_id"": 236828, ""probabilidad"": 0.34862324595451355, ""logit"": 23.5}, {""nota"": 1, ""token"": ""1"", ""token_id"": 236770, ""probabilidad"": 2.9569609978352673e-05, ""logit"": 14.125}]"
79,Explica el ciclo TDD  y su importancia en el desarrollo de software.,"El TDD (Tests-Driven Developement) es una metodología de desarrollo software que sigue un ciclo el cual es: RED (probamos que los tests fallan), VERDE (Probamos que los tests funcionen con el código más simple posible) y por último REFACTOR (En el cual mejoramos la calidad de los tests una vez ya funcionan).

Es importante ya que nos ayuda a reducir la cantidad de debugs y a la simplificación de código.",7.0,9.0,14.174,0.015676324904400844,1.0109252497983054,0.9999774694442749,0.999984880066694,1.5119933306051436e-05,6.625,0.9972875835373998,"[{""token"": ""9"", ""token_id"": 236819, ""probabilidad"": 0.9986125230789185, ""es_nota"": true}, {""token"": ""1"", ""token_id"": 236770, ""probabilidad"": 0.0013249395415186882, ""es_nota"": true}, {""token"": ""8"", ""token_id"": 236828, ""probabilidad"": 4.000970511697233e-05, ""es_nota"": true}]","[{""nota"": 9, ""token"": ""9"", ""token_id"": 236819, ""probabilidad"": 0.9986125230789185, ""logit"": 24.875}, {""nota"": 1, ""token"": ""1"", ""token_id"": 236770, ""probabilidad"": 0.0013249395415186882, ""logit"": 18.25}, {""nota"": 8, ""token"": ""8"", ""token_id"": 236828, ""probabilidad"": 4.000970511697233e-05, ""logit"": 14.75}]"
80,Compara TDD con un enfoque tradicional de testing en el desarrollo de software.,"Enfoque tradicional:

* Primero realiza el código y luego los tests.

* Usa los tests a modo de verificación.

* Es reactivo.

* Los tests no son obligatorios, son opcionales.

TDD:

* Primero realiza los tests y a continuación el código.

* Usa los tests a modo de especificación.

* Es proactivo.

* Los tests son obligatorios.",10.0,10.0,14.84,2.6958176311469207e-05,1.0000186861584874,1.0,0.9999999493930609,5.060693908376379e-08,13.6875,0.999997671343408,"[{""token"": ""1"", ""token_id"": 236770, ""probabilidad"": 0.9999988079071045, ""es_nota"": true}, {""token"": ""9"", ""token_id"": 236819, ""probabilidad"": 1.1365636964910664e-06, ""es_nota"": true}, {""token"": "" "", ""token_id"": 236743, ""probabilidad"": 3.028839401508776e-08, ""es_nota"": false}]","[{""nota"": 1, ""token"": ""1"", ""token_id"": 236770, ""probabilidad"": 0.9999988079071045, ""logit"": 27.125}, {""nota"": 9, ""token"": ""9"", ""token_id"": 236819, ""probabilidad"": 1.1365636964910664e-06, ""logit"": 13.4375}, {""nota"": 8, ""token"": ""8"", ""token_id"": 236828, ""probabilidad"": 1.9977359766443215e-09, ""logit"": 7.09375}]"
81,Describe las buenas prácticas en TDD y su impacto en la calidad del software.,"Para llevar a cabo unas buenas prácticas en el TDD debemos hacer uso de la metodología FIRST la cual consta con cinco puntos clave:

* Fast (F): Los tests funcionan con rapidez.

* Independency (I): Los tests deben de ser independientes entre si.

* Repeteable (R): Los tests deben realizar el mismo funcionamiento y de igual manera en cualquier entorno.

* Self-Validation (S): Tienen una validación propia para saber si funcionan o no.

* Timely (T): 

Su mpacto de calidad en el software es la mejora de código, la reducción de debugging, documentación viva, etc.",6.0,8.0,14.856,0.07743730242334079,1.0551420979360302,0.9999767541885376,0.9999861209548486,1.3879045151377056e-05,5.125,0.9857259863056242,"[{""token"": ""8"", ""token_id"": 236828, ""probabilidad"": 0.9916223883628845, ""es_nota"": true}, {""token"": ""9"", ""token_id"": 236819, ""probabilidad"": 0.005896402057260275, ""es_nota"": true}, {""token"": ""7"", ""token_id"": 236832, ""probabilidad"": 0.0024579863529652357, ""es_nota"": true}]","[{""nota"": 8, ""token"": ""8"", ""token_id"": 236828, ""probabilidad"": 0.9916223883628845, ""logit"": 26.125}, {""nota"": 9, ""token"": ""9"", ""token_id"": 236819, ""probabilidad"": 0.005896402057260275, ""logit"": 21.0}, {""nota"": 7, ""token"": ""7"", ""token_id"": 236832, ""probabilidad"": 0.0024579863529652357, ""logit"": 20.125}]"
82,Explica la importancia de validar entradas en el contexto de TDD y cómo se relaciona con la robustez del software.,"La validación de entradas es clave para tener un código consistente y que no de marguen a errores imprevisto o respuestas no esperadas, de esta manera impedimos que el sistema reciba algo para lo cual no está entrenado dando un mal servicio.",5.0,8.0,14.049,0.05960424471603968,1.0421798343352002,0.9999889135360718,0.9999912993953443,8.700604655742517e-06,5.0,0.9865091778337955,"[{""token"": ""8"", ""token_id"": 236828, ""probabilidad"": 0.9932013154029846, ""es_nota"": true}, {""token"": ""9"", ""token_id"": 236819, ""probabilidad"": 0.006692137569189072, ""es_nota"": true}, {""token"": ""7"", ""token_id"": 236832, ""probabilidad"": 9.545822103973478e-05, ""es_nota"": true}]","[{""nota"": 8, ""token"": ""8"", ""token_id"": 236828, ""probabilidad"": 0.9932013154029846, ""logit"": 26.0}, {""nota"": 9, ""token"": ""9"", ""token_id"": 236819, ""probabilidad"": 0.006692137569189072, ""logit"": 21.0}, {""nota"": 7, ""token"": ""7"", ""token_id"": 236832, ""probabilidad"": 9.545822103973478e-05, ""logit"": 16.75}]"
83,Explica el ciclo TDD  y su importancia en el desarrollo de software.,"El ciclo TDD (Test Driven Development) describe el ciclo tomado por la metodología de desarrollo de software conocida como TDD. Este ciclo tiene tres pasos principales: Red, Green, Refactor.

El primer paso, Red, consiste en escribir un test que fallé (ya que el código fuente no esta implementado).

Luego, en el paso Green, se escribe el código mínimo para superar el test.

Por último, en el paso Refactor, se mejora el código de la fase previa manteniendo los tests verdes. 

Es decir, el ciclo TDD tiene la siguiente secuencia: Red --> Green --> Refactor.

Siendo TDD una metodología de desarrollo de software, este ciclo es importante para llevar a cabo dicha metodología para trabajar con un test first approach en el desarrollo de un proyecto. Este método de trabajo facilita la detección temprana de bugs, la identificación de fallos, mejora el diseño del código, y sirve como una manera segura y predecible de desarrollar software.",10.0,10.0,15.561,6.241390448689666e-05,1.0000432629577376,0.9999998807907104,0.9999998061641352,1.9383586480348214e-07,12.75,0.9999939982469641,"[{""token"": ""1"", ""token_id"": 236770, ""probabilidad"": 0.9999969005584717, ""es_nota"": true}, {""token"": ""9"", ""token_id"": 236819, ""probabilidad"": 2.902311507568811e-06, ""es_nota"": true}, {""token"": "" "", ""token_id"": 236743, ""probabilidad"": 7.734397655667635e-08, ""es_nota"": false}]","[{""nota"": 1, ""token"": ""1"", ""token_id"": 236770, ""probabilidad"": 0.9999969005584717, ""logit"": 27.0}, {""nota"": 9, ""token"": ""9"", ""token_id"": 236819, ""probabilidad"": 2.902311507568811e-06, ""logit"": 14.25}, {""nota"": 0, ""token"": ""0"", ""token_id"": 236771, ""probabilidad"": 1.3730200310035912e-09, ""logit"": 6.59375}]"
84,Compara TDD con un enfoque tradicional de testing en el desarrollo de software.,"La metodología de desarrollo de software conocida como TDD (Test Driven Development) tiene como base el desarrollo guiado por tests. En este enfoque, los tests son obligatorios, el desarrollo se basa en dichos tests, y los tests sirven como especificación. Primero se escriben los tests, y luego el código fuente.

En un enfoque tradicional de testing en el desarrollo de software, primero se escribe el código y luego se verifica este código mediante los tests, al contrario que el enfoque visto en TDD. En un enfoque traidicional, los tests no son obligatorios y sirven como verificación del código, no como especificación.",10.0,10.0,14.813,8.083811616315103e-05,1.000056034282162,1.0,0.9999999231212716,7.687872838335608e-08,12.4375,0.9999919798983683,"[{""token"": ""1"", ""token_id"": 236770, ""probabilidad"": 0.9999959468841553, ""es_nota"": true}, {""token"": ""9"", ""token_id"": 236819, ""probabilidad"": 3.966985786973964e-06, ""es_nota"": true}, {""token"": "" "", ""token_id"": 236743, ""probabilidad"": 3.8890959785931045e-08, ""es_nota"": false}]","[{""nota"": 1, ""token"": ""1"", ""token_id"": 236770, ""probabilidad"": 0.9999959468841553, ""logit"": 27.125}, {""nota"": 9, ""token"": ""9"", ""token_id"": 236819, ""probabilidad"": 3.966985786973964e-06, ""logit"": 14.6875}, {""nota"": 8, ""token"": ""8"", ""token_id"": 236828, ""probabilidad"": 4.944430198605687e-09, ""logit"": 8.0}]"
85,Describe las buenas prácticas en TDD y su impacto en la calidad del software.,"Existen varias buenas prácticas en TDD. Entre estas se encuentran:

* La nomenclatura de los tests que deben ser descriptivos en cuanto a que se esta testeando y que resultado se espera

* Cada test debe ser independiente. Es decir, se considera buena práctica hacer más tests que verifican funcionalidades individuales y no agrupar varias verificaciones en un mismo test.

* En el paso Green, escribir el código mínimo que cumpla un test.

* En el paso Refactor, mejorar el código de la fase previa sin alterar su funcionalidad. Esto podría ser mejorar la estructura del proyecto (separación de carpetas, etc.), optimizar algortimos, añadir validaciones, etc.

En relación con la calidad del software, seguir estas y otras buenas prácticas dentro de la metodología TDD garantizan un código mas modular, legible y fiable durante su desarrollo.",8.0,9.0,15.459,0.014079781534435183,1.0098071387364709,0.99997878074646,0.9999835702704015,1.6429729598477216e-05,7.0,0.9979268278111704,"[{""token"": ""9"", ""token_id"": 236819, ""probabilidad"": 0.9988376498222351, ""es_nota"": true}, {""token"": ""1"", ""token_id"": 236770, ""probabilidad"": 0.000910822011064738, ""es_nota"": true}, {""token"": ""8"", ""token_id"": 236828, ""probabilidad"": 0.00023029185831546783, ""es_nota"": true}]","[{""nota"": 9, ""token"": ""9"", ""token_id"": 236819, ""probabilidad"": 0.9988376498222351, ""logit"": 25.125}, {""nota"": 1, ""token"": ""1"", ""token_id"": 236770, ""probabilidad"": 0.000910822011064738, ""logit"": 18.125}, {""nota"": 8, ""token"": ""8"", ""token_id"": 236828, ""probabilidad"": 0.00023029185831546783, ""logit"": 16.75}]"
86,Explica la importancia de validar entradas en el contexto de TDD y cómo se relaciona con la robustez del software.,"En el contexto de TDD (Test Driven Development), la validación de entradas es crucial para el desarrollo y la robustez del software.

La validación de entradas minimiza la aparición de errores, excepciones a base de casos edge y optimiza la seguridad, fiabilidad y robustez del software.",6.0,9.0,14.016,0.04032683850951055,1.028346769341159,0.999971330165863,0.9999843576570013,1.5642342998667402e-05,5.5,0.9917237628251314,"[{""token"": ""9"", ""token_id"": 236819, ""probabilidad"": 0.995793342590332, ""es_nota"": true}, {""token"": ""1"", ""token_id"": 236770, ""probabilidad"": 0.004069579765200615, ""es_nota"": true}, {""token"": ""8"", ""token_id"": 236828, ""probabilidad"": 0.00010845063661690801, ""es_nota"": true}]","[{""nota"": 9, ""token"": ""9"", ""token_id"": 236819, ""probabilidad"": 0.995793342590332, ""logit"": 25.5}, {""nota"": 1, ""token"": ""1"", ""token_id"": 236770, ""probabilidad"": 0.004069579765200615, ""logit"": 20.0}, {""nota"": 8, ""token"": ""8"", ""token_id"": 236828, ""probabilidad"": 0.00010845063661690801, ""logit"": 16.375}]"
87,Explica el ciclo TDD  y su importancia en el desarrollo de software.,"TDD tiene estas fases:

-Rojo: hacer un test que falle.

-Verde: hacer que el test salga verde (que no de errores) con la minima implementacion de codigo.

-Refactor: mejorar los test manteniendo el verde en los test.

Tiene bastante importancia en el desarrollo de software ya que de esta forma nos vamos enterando al instante de los errores en los test.",6.0,9.0,14.06,0.4550722817046137,1.3708514854680545,0.9999707341194153,0.9999803257115132,1.9674288486815072e-05,2.25,0.8092559427022934,"[{""token"": ""9"", ""token_id"": 236819, ""probabilidad"": 0.9046000838279724, ""es_nota"": true}, {""token"": ""8"", ""token_id"": 236828, ""probabilidad"": 0.09534414112567902, ""es_nota"": true}, {""token"": ""1"", ""token_id"": 236770, ""probabilidad"": 2.65159978880547e-05, ""es_nota"": true}]","[{""nota"": 9, ""token"": ""9"", ""token_id"": 236819, ""probabilidad"": 0.9046000838279724, ""logit"": 24.875}, {""nota"": 8, ""token"": ""8"", ""token_id"": 236828, ""probabilidad"": 0.09534414112567902, ""logit"": 22.625}, {""nota"": 1, ""token"": ""1"", ""token_id"": 236770, ""probabilidad"": 2.65159978880547e-05, ""logit"": 14.4375}]"
88,Compara TDD con un enfoque tradicional de testing en el desarrollo de software.,"Diferencias:

-TDD empieza haciendo los test y después el código y el tradicional empieza por el código y después hace los test.

-TDD tiene un código preventivo y el tradicional proactivo.

-TDD utiliza menos código.",4.0,7.0,14.08,0.5145037592251775,1.4285026961616354,0.9999650716781616,0.9999834312622443,1.656873775568446e-05,2.125,0.7846226245164871,"[{""token"": ""7"", ""token_id"": 236832, ""probabilidad"": 0.8910424709320068, ""es_nota"": true}, {""token"": ""8"", ""token_id"": 236828, ""probabilidad"": 0.10641984641551971, ""es_nota"": true}, {""token"": ""6"", ""token_id"": 236825, ""probabilidad"": 0.0025027550291270018, ""es_nota"": true}]","[{""nota"": 7, ""token"": ""7"", ""token_id"": 236832, ""probabilidad"": 0.8910424709320068, ""logit"": 25.75}, {""nota"": 8, ""token"": ""8"", ""token_id"": 236828, ""probabilidad"": 0.10641984641551971, ""logit"": 23.625}, {""nota"": 6, ""token"": ""6"", ""token_id"": 236825, ""probabilidad"": 0.0025027550291270018, ""logit"": 19.875}]"
89,Describe las buenas prácticas en TDD y su impacto en la calidad del software.,"-Empezar haciendo un test que salga rojo(error).

-Modificar el test rojo con la menor implementación de codigo para que salga verde(funciona).

-Refactor: mejorar la calidad del test verde.

Esto tiene bastante impacto en la calidad del software ya que todo el código está de manera eficiente y nos permite darnos cuenta de los errores al momento.",4.0,9.0,14.079,0.041637541282916454,1.0292814571168556,0.9999767541885376,0.9999820542203269,1.794577967306754e-05,6.0,0.9935415596701205,"[{""token"": ""9"", ""token_id"": 236819, ""probabilidad"": 0.996010422706604, ""es_nota"": true}, {""token"": ""8"", ""token_id"": 236828, ""probabilidad"": 0.0024688630364835262, ""es_nota"": true}, {""token"": ""1"", ""token_id"": 236770, ""probabilidad"": 0.0014974410878494382, ""es_nota"": true}]","[{""nota"": 9, ""token"": ""9"", ""token_id"": 236819, ""probabilidad"": 0.996010422706604, ""logit"": 25.375}, {""nota"": 8, ""token"": ""8"", ""token_id"": 236828, ""probabilidad"": 0.0024688630364835262, ""logit"": 19.375}, {""nota"": 1, ""token"": ""1"", ""token_id"": 236770, ""probabilidad"": 0.0014974410878494382, ""logit"": 18.875}]"
90,Explica la importancia de validar entradas en el contexto de TDD y cómo se relaciona con la robustez del software.,"La validación de entradas sirve para comprobar duplicaciones o errores, manteniendo la robustez del software.

Por ejemplo si hay un error de entrada o una duplicación eso dará error, perjudicando la robustez del software.",4.0,6.0,13.974,0.7667254070508696,1.7014035943837162,0.9999663233757019,0.9999803363846558,1.9663615344223118e-05,1.25,0.5545396506786346,"[{""token"": ""6"", ""token_id"": 236825, ""probabilidad"": 0.7772156596183777, ""es_nota"": true}, {""token"": ""7"", ""token_id"": 236832, ""probabilidad"": 0.22267600893974304, ""es_nota"": true}, {""token"": ""5"", ""token_id"": 236810, ""probabilidad"": 7.469947740901262e-05, ""es_nota"": true}]","[{""nota"": 6, ""token"": ""6"", ""token_id"": 236825, ""probabilidad"": 0.7772156596183777, ""logit"": 25.375}, {""nota"": 7, ""token"": ""7"", ""token_id"": 236832, ""probabilidad"": 0.22267600893974304, ""logit"": 24.125}, {""nota"": 5, ""token"": ""5"", ""token_id"": 236810, ""probabilidad"": 7.469947740901262e-05, ""logit"": 16.125}]"
91,Explica el ciclo TDD  y su importancia en el desarrollo de software.,"El ciclo TDD es una manejar de probar el código a base de tests, primero se ejecutan los tests y luego el código, para ello se hace uso de 3 fases:

-Test rojo: Se ejecutan los test para que falle

-Test verde: Se añade el código mínimo para que los test pasen

-Refactor: Mejoras el código del test, este debe seguir pasando.

Es importante para el desarrollo ya que al corregir primero los test cuando  han fallado con lo mínimo, cuando haces el refactor mejoras esto y minimizas riesgos de error.",6.0,9.0,14.887,0.15893804909366932,1.1164650187215994,0.9999756217002869,0.9999829835361501,1.7016463849883756e-05,3.75,0.9539846293628216,"[{""token"": ""9"", ""token_id"": 236819, ""probabilidad"": 0.9769605398178101, ""es_nota"": true}, {""token"": ""8"", ""token_id"": 236828, ""probabilidad"": 0.02297591045498848, ""es_nota"": true}, {""token"": ""1"", ""token_id"": 236770, ""probabilidad"": 3.914221088052727e-05, ""es_nota"": true}]","[{""nota"": 9, ""token"": ""9"", ""token_id"": 236819, ""probabilidad"": 0.9769605398178101, ""logit"": 25.0}, {""nota"": 8, ""token"": ""8"", ""token_id"": 236828, ""probabilidad"": 0.02297591045498848, ""logit"": 21.25}, {""nota"": 1, ""token"": ""1"", ""token_id"": 236770, ""probabilidad"": 3.914221088052727e-05, ""logit"": 14.875}]"
92,Compara TDD con un enfoque tradicional de testing en el desarrollo de software.,"* TDD primero reliza los test y luego el código, mientras que el tradicional, lo realiza al reves, primero el código y luego los tests.

* TDD contiene menor código",4.0,7.0,14.14,0.579709183761671,1.494547949600673,0.9999677538871765,0.9999797846867471,2.0215313252913703e-05,1.875,0.733092188835144,"[{""token"": ""7"", ""token_id"": 236832, ""probabilidad"": 0.8658790588378906, ""es_nota"": true}, {""token"": ""8"", ""token_id"": 236828, ""probabilidad"": 0.13278687000274658, ""es_nota"": true}, {""token"": ""6"", ""token_id"": 236825, ""probabilidad"": 0.001301796524785459, ""es_nota"": true}]","[{""nota"": 7, ""token"": ""7"", ""token_id"": 236832, ""probabilidad"": 0.8658790588378906, ""logit"": 25.75}, {""nota"": 8, ""token"": ""8"", ""token_id"": 236828, ""probabilidad"": 0.13278687000274658, ""logit"": 23.875}, {""nota"": 6, ""token"": ""6"", ""token_id"": 236825, ""probabilidad"": 0.001301796524785459, ""logit"": 19.25}]"
93,Describe las buenas prácticas en TDD y su impacto en la calidad del software.,"* En la fase de test verde, escribir la menor cantidad de código posible

* En la fase de test rojo no pasar los tests

* En la fase de refactor, mejorar el código del verde para mejorar su rendimiento

Estas buenas prácticas, son las que suponen el correcto funcionamiento de este método, y si se realizan correctamente esto supone un código más eficiente y claro ya que al ir mejorando poco a poco vas a saber posibles errores.

Un ejemplo que demuestra esto es, al pasar de la fase verde a refactor, si un test te da error al mejorarlo, sabes que el problema es en el test, no en el código",5.0,8.0,14.848,0.6067355275260512,1.5228095551797283,0.9999518990516663,0.9999759529865244,2.4047013475581025e-05,1.75,0.7038268595933914,"[{""token"": ""8"", ""token_id"": 236828, ""probabilidad"": 0.8518574833869934, ""es_nota"": true}, {""token"": ""9"", ""token_id"": 236819, ""probabilidad"": 0.148030623793602, ""es_nota"": true}, {""token"": ""7"", ""token_id"": 236832, ""probabilidad"": 6.376309465849772e-05, ""es_nota"": true}]","[{""nota"": 8, ""token"": ""8"", ""token_id"": 236828, ""probabilidad"": 0.8518574833869934, ""logit"": 24.875}, {""nota"": 9, ""token"": ""9"", ""token_id"": 236819, ""probabilidad"": 0.148030623793602, ""logit"": 23.125}, {""nota"": 7, ""token"": ""7"", ""token_id"": 236832, ""probabilidad"": 6.376309465849772e-05, ""logit"": 15.375}]"
94,Explica la importancia de validar entradas en el contexto de TDD y cómo se relaciona con la robustez del software.,"Validar las entradas es muy necesario, ya que los test TDD no pueden estar duplicados o tener erorres, si esto sucediera, el test daría error y no por el código que analizamos con el test, si no por el propio test. Esta da una gran robustez al sotfware porque el programador confia en el valor de los tests existentes",2.0,6.0,14.251,0.2791173151999529,1.2134522301679493,0.9997187256813049,0.9999833730078089,1.662699219107111e-05,3.125,0.9133981391787529,"[{""token"": ""6"", ""token_id"": 236825, ""probabilidad"": 0.9553743600845337, ""es_nota"": true}, {""token"": ""7"", ""token_id"": 236832, ""probabilidad"": 0.04197622090578079, ""es_nota"": true}, {""token"": ""5"", ""token_id"": 236810, ""probabilidad"": 0.0023681363090872765, ""es_nota"": true}]","[{""nota"": 6, ""token"": ""6"", ""token_id"": 236825, ""probabilidad"": 0.9553743600845337, ""logit"": 26.0}, {""nota"": 7, ""token"": ""7"", ""token_id"": 236832, ""probabilidad"": 0.04197622090578079, ""logit"": 22.875}, {""nota"": 5, ""token"": ""5"", ""token_id"": 236810, ""probabilidad"": 0.0023681363090872765, ""logit"": 20.0}]"
95,Explica el ciclo TDD  y su importancia en el desarrollo de software.,"Test-driven development es una metodólogía de desarrollo basada en los test, en esta se desarrollan las pruebas antes que el codigo de poducción. Esta metodologia sigue el ciclo red->green->refactor, primero se desarrolla un test que de error(red), sin el cual no podremos empezar a desarrollar el código de producción, despues se desarrollan tests que corran de manera general y a grandes rasgos (green) y por último se mejora la cobertura del codigo y la estructura de la clase test (Refactor).

 

Su importancia se basa en que reducir el codigo de produccion, solo se escribe lo necesario.",5.0,8.0,14.782,0.6061574590635284,1.5221995081378512,0.9999620318412781,0.9999740531916887,2.594680831125018e-05,1.75,0.7038548290729523,"[{""token"": ""8"", ""token_id"": 236828, ""probabilidad"": 0.8518913388252258, ""es_nota"": true}, {""token"": ""9"", ""token_id"": 236819, ""probabilidad"": 0.14803650975227356, ""es_nota"": true}, {""token"": ""7"", ""token_id"": 236832, ""probabilidad"": 3.413127706153318e-05, ""es_nota"": true}]","[{""nota"": 8, ""token"": ""8"", ""token_id"": 236828, ""probabilidad"": 0.8518913388252258, ""logit"": 24.875}, {""nota"": 9, ""token"": ""9"", ""token_id"": 236819, ""probabilidad"": 0.14803650975227356, ""logit"": 23.125}, {""nota"": 7, ""token"": ""7"", ""token_id"": 236832, ""probabilidad"": 3.413127706153318e-05, ""logit"": 14.75}]"
96,Compara TDD con un enfoque tradicional de testing en el desarrollo de software.,"Tradicional: Las Clases test son creadas despues de produccion, test reactivos, tests basados en el código de producción.

TDD: Las clases test son creadas antes que código de procuccion, tests proactivos, código de producción guiado por tests.",9.0,10.0,14.279,0.20975230907788375,1.1564896134784104,0.9999974370002747,0.9999978538650043,2.1461349957174747e-06,3.375,0.9338235892355442,"[{""token"": ""1"", ""token_id"": 236770, ""probabilidad"": 0.9669094085693359, ""es_nota"": true}, {""token"": ""9"", ""token_id"": 236819, ""probabilidad"": 0.03308581933379173, ""es_nota"": true}, {""token"": ""8"", ""token_id"": 236828, ""probabilidad"": 2.1855337308807066e-06, ""es_nota"": true}]","[{""nota"": 1, ""token"": ""1"", ""token_id"": 236770, ""probabilidad"": 0.9669094085693359, ""logit"": 26.625}, {""nota"": 9, ""token"": ""9"", ""token_id"": 236819, ""probabilidad"": 0.03308581933379173, ""logit"": 23.25}, {""nota"": 8, ""token"": ""8"", ""token_id"": 236828, ""probabilidad"": 2.1855337308807066e-06, ""logit"": 13.625}]"
97,Describe las buenas prácticas en TDD y su impacto en la calidad del software.,"FIRST

Fast: Tests rápidos.

Independency: Los tests deben ser independientes.

Repeteable: Los tests deben funcionar en cualquier entorno.
Self-verified: Los tests muestran claramente si pasan o no.
Timely: Tests escritos en el momento preciso.

La calidad del software se ve afectada debido a que esto es lo necesario para que las pruebas sean eficientes(Fast), que los tests no impacten unos con otros (independency), poder trasladar las pruebas a otros entornos(Repeteable), evitar confusiones (Self-verified)",6.0,8.0,15.026,0.8476493130868564,1.7995663720615291,0.9998445510864258,0.9999761236770093,2.387632299072351e-05,1.0,0.4618337154388428,"[{""token"": ""8"", ""token_id"": 236828, ""probabilidad"": 0.730610191822052, ""es_nota"": true}, {""token"": ""7"", ""token_id"": 236832, ""probabilidad"": 0.26877647638320923, ""es_nota"": true}, {""token"": ""9"", ""token_id"": 236819, ""probabilidad"": 0.00045789286377839744, ""es_nota"": true}]","[{""nota"": 8, ""token"": ""8"", ""token_id"": 236828, ""probabilidad"": 0.730610191822052, ""logit"": 25.625}, {""nota"": 7, ""token"": ""7"", ""token_id"": 236832, ""probabilidad"": 0.26877647638320923, ""logit"": 24.625}, {""nota"": 9, ""token"": ""9"", ""token_id"": 236819, ""probabilidad"": 0.00045789286377839744, ""logit"": 18.25}]"
98,Explica la importancia de validar entradas en el contexto de TDD y cómo se relaciona con la robustez del software.,"Las entradas deben ser validadas debido a que existirán parámetros en los que no cualquier tipo de dato será admitido, char, valores negativos... Esto dará robustez a un sistema ya que si por ejemplo el código espera un numero para operar con el y recibe una palabra este fallará.",3.0,8.0,14.229,0.043833652822984806,1.030849451828603,0.9999922513961792,0.9999928772529546,7.122747045396061e-06,5.375,0.9906895360909402,"[{""token"": ""8"", ""token_id"": 236828, ""probabilidad"": 0.9952986836433411, ""es_nota"": true}, {""token"": ""7"", ""token_id"": 236832, ""probabilidad"": 0.004609147552400827, ""es_nota"": true}, {""token"": ""9"", ""token_id"": 236819, ""probabilidad"": 8.441947284154594e-05, ""es_nota"": true}]","[{""nota"": 8, ""token"": ""8"", ""token_id"": 236828, ""probabilidad"": 0.9952986836433411, ""logit"": 26.25}, {""nota"": 7, ""token"": ""7"", ""token_id"": 236832, ""probabilidad"": 0.004609147552400827, ""logit"": 20.875}, {""nota"": 9, ""token"": ""9"", ""token_id"": 236819, ""probabilidad"": 8.441947284154594e-05, ""logit"": 16.875}]"
99,Explica el ciclo TDD  y su importancia en el desarrollo de software.,"El ciclo TDD consiste en la elaboración de los tests antes del código en sí. Para ello, se pasa por 3 fases distintas:
1. Rojo: Elaboración inicial del test. En este paso salen errores, ya que el método aún no ha sido creado.

2. Verde: Se escribe el código que comprobarán los tests, de manera que estos ya funcionan.

3. Refactor: En esta fase se mejoran detalles de los tests, haciendo así que estos estén más completos, como dar nombres más precisos a las variables.

Gracias al método TDD, se obtienen códigos más completos y con un funcionamiento garantizado, ya que se deben contemplar la mayor cantidad de posibilidades a la hora de realizar los tests, asegurándose el programador de que no queden casos sin cubrir.",9.0,9.0,15.608,0.17439131144569447,1.128488183050047,0.9999837875366211,0.9999906246368163,9.375363183683483e-06,3.625,0.9480501394718885,"[{""token"": ""9"", ""token_id"": 236819, ""probabilidad"": 0.9740065336227417, ""es_nota"": true}, {""token"": ""1"", ""token_id"": 236770, ""probabilidad"": 0.025956394150853157, ""es_nota"": true}, {""token"": ""8"", ""token_id"": 236828, ""probabilidad"": 2.088796827592887e-05, ""es_nota"": true}]","[{""nota"": 9, ""token"": ""9"", ""token_id"": 236819, ""probabilidad"": 0.9740065336227417, ""logit"": 25.5}, {""nota"": 1, ""token"": ""1"", ""token_id"": 236770, ""probabilidad"": 0.025956394150853157, ""logit"": 21.875}, {""nota"": 8, ""token"": ""8"", ""token_id"": 236828, ""probabilidad"": 2.088796827592887e-05, ""logit"": 14.75}]"
100,Compara TDD con un enfoque tradicional de testing en el desarrollo de software.,"La diferencia principal entre el enfoque tradicional de testing y el TDD consiste en el momento de elaboración de los tests, ya que en el primero que escribe el código y luego el test, al contrario que en el segundo. Además, en el TDD se realizan tests de integración, mientras que el enfoque tradicional realiza tests unitarios. También hallamos una gran diferencia en cómo se realizan estos tests, ya que en el TDD contamos con 3 fases y en el tradicional sólo con 1.",5.0,7.0,14.781,0.15458883373629176,1.1131043396885156,0.9999827742576599,0.9999868296263608,1.3170373639237454e-05,4.0,0.9616700652986765,"[{""token"": ""7"", ""token_id"": 236832, ""probabilidad"": 0.9796122908592224, ""es_nota"": true}, {""token"": ""6"", ""token_id"": 236825, ""probabilidad"": 0.01794222556054592, ""es_nota"": true}, {""token"": ""8"", ""token_id"": 236828, ""probabilidad"": 0.0024282161612063646, ""es_nota"": true}]","[{""nota"": 7, ""token"": ""7"", ""token_id"": 236832, ""probabilidad"": 0.9796122908592224, ""logit"": 25.75}, {""nota"": 6, ""token"": ""6"", ""token_id"": 236825, ""probabilidad"": 0.01794222556054592, ""logit"": 21.75}, {""nota"": 8, ""token"": ""8"", ""token_id"": 236828, ""probabilidad"": 0.0024282161612063646, ""logit"": 19.75}]"
101,Describe las buenas prácticas en TDD y su impacto en la calidad del software.,"El TDD tiene un gran impacto en la calidad el software, puesto que cuanto más se cubra con los test, menos posibilidad de error habrá. En cuanto a sus buenas prácticas,",3.0,3.0,13.853,0.9891870895589192,1.9850661572517343,0.9968816637992859,0.9999912786901177,8.721309882275818e-06,1.0,0.45187267661094666,"[{""token"": ""3"", ""token_id"": 236800, ""probabilidad"": 0.7148520946502686, ""es_nota"": true}, {""token"": ""4"", ""token_id"": 236812, ""probabilidad"": 0.2629794180393219, ""es_nota"": true}, {""token"": ""2"", ""token_id"": 236778, ""probabilidad"": 0.01905016414821148, ""es_nota"": true}]","[{""nota"": 3, ""token"": ""3"", ""token_id"": 236800, ""probabilidad"": 0.7148520946502686, ""logit"": 26.625}, {""nota"": 4, ""token"": ""4"", ""token_id"": 236812, ""probabilidad"": 0.2629794180393219, ""logit"": 25.625}, {""nota"": 2, ""token"": ""2"", ""token_id"": 236778, ""probabilidad"": 0.01905016414821148, ""logit"": 23.0}]"
102,Explica la importancia de validar entradas en el contexto de TDD y cómo se relaciona con la robustez del software.,"Es esencial que una de los tests realizados en la elaboración de TDD consista en la validación de las entradas, puesto que para llevar a cabo las sucesivas pruebas que permitan comprobar si el código es correcto, las entradas deben serlo. Por ejemplo, en caso de que el código consista en realizar una multiplicación, no sería válido el introducir una letra, puesto que no sería posible llevar a cabo la operación. Esto está relacionado con la robustez del software en el sentido de que el código no dará error simplemente por un fallo inconsciente del usuario.",7.0,10.0,14.916,0.9973936772404928,1.9963901311688583,0.9999931454658508,0.9999936499357093,6.350064290727708e-06,0.125,0.06241816282272339,"[{""token"": ""1"", ""token_id"": 236770, ""probabilidad"": 0.5312044620513916, ""es_nota"": true}, {""token"": ""9"", ""token_id"": 236819, ""probabilidad"": 0.4687862992286682, ""es_nota"": true}, {""token"": "" "", ""token_id"": 236743, ""probabilidad"": 2.3878712909208843e-06, ""es_nota"": false}]","[{""nota"": 1, ""token"": ""1"", ""token_id"": 236770, ""probabilidad"": 0.5312044620513916, ""logit"": 24.5}, {""nota"": 9, ""token"": ""9"", ""token_id"": 236819, ""probabilidad"": 0.4687862992286682, ""logit"": 24.375}, {""nota"": 0, ""token"": ""0"", ""token_id"": 236771, ""probabilidad"": 2.1072889921924798e-06, ""logit"": 12.0625}]"
103,Explica el ciclo TDD  y su importancia en el desarrollo de software.,"El Test Driven Development es un ciclo de desarrollo de software donde se realizan las pruebas antes que el código, es decir, se utiliza un enfoque proactivo y preventivo, en vez del reactivo de los test normales. Estos test tienen tres tipos de resultados: 

* Rojo: El test da error ya que no está la parte del código sobre la que se realiza el test desarrollada

* Verde: Se ha realizado el mínimo de código para que pase el test

* Refactorización: Se mejora el código.",9.0,10.0,14.892,0.030930569860498077,1.0216709133064008,0.9999993443489075,0.9999992522034136,7.477965864310931e-07,5.75,0.993653730256483,"[{""token"": ""1"", ""token_id"": 236770, ""probabilidad"": 0.9968264102935791, ""es_nota"": true}, {""token"": ""9"", ""token_id"": 236819, ""probabilidad"": 0.0031726800370961428, ""es_nota"": true}, {""token"": "" "", ""token_id"": 236743, ""probabilidad"": 2.5279709348069446e-07, ""es_nota"": false}]","[{""nota"": 1, ""token"": ""1"", ""token_id"": 236770, ""probabilidad"": 0.9968264102935791, ""logit"": 27.25}, {""nota"": 9, ""token"": ""9"", ""token_id"": 236819, ""probabilidad"": 0.0031726800370961428, ""logit"": 21.5}, {""nota"": 0, ""token"": ""0"", ""token_id"": 236771, ""probabilidad"": 8.736434153888695e-08, ""logit"": 11.0}]"
104,Compara TDD con un enfoque tradicional de testing en el desarrollo de software.,"El TDD es proactivo y preventivo, es decir, el código se basa en el test, al contrario que el enfoque tradicional donde tenemos reactivdad y el test basándose en el código.",8.0,9.0,14.091,0.12344021468594597,1.0893293555828818,0.9999614953994751,0.999971756453659,2.824354634101134e-05,4.75,0.9770472990348935,"[{""token"": ""9"", ""token_id"": 236819, ""probabilidad"": 0.9855741858482361, ""es_nota"": true}, {""token"": ""8"", ""token_id"": 236828, ""probabilidad"": 0.008526886813342571, ""es_nota"": true}, {""token"": ""1"", ""token_id"": 236770, ""probabilidad"": 0.005860438104718924, ""es_nota"": true}]","[{""nota"": 9, ""token"": ""9"", ""token_id"": 236819, ""probabilidad"": 0.9855741858482361, ""logit"": 25.5}, {""nota"": 8, ""token"": ""8"", ""token_id"": 236828, ""probabilidad"": 0.008526886813342571, ""logit"": 20.75}, {""nota"": 1, ""token"": ""1"", ""token_id"": 236770, ""probabilidad"": 0.005860438104718924, ""logit"": 20.375}]"
105,Describe las buenas prácticas en TDD y su impacto en la calidad del software.,"Estructura dividida en tres pasos: preparacción, desarrollo y comparación.

Nomenclatura:  ()_parte afectado_resultado esperado",2.0,2.0,13.493,0.8540773741871117,1.8076023956913239,0.9994350671768188,0.9999972518325073,2.748167492683251e-06,1.0,0.461548388004303,"[{""token"": ""2"", ""token_id"": 236778, ""probabilidad"": 0.730158805847168, ""es_nota"": true}, {""token"": ""3"", ""token_id"": 236800, ""probabilidad"": 0.268610417842865, ""es_nota"": true}, {""token"": ""4"", ""token_id"": 236812, ""probabilidad"": 0.0006658186321146786, ""es_nota"": true}]","[{""nota"": 2, ""token"": ""2"", ""token_id"": 236778, ""probabilidad"": 0.730158805847168, ""logit"": 26.25}, {""nota"": 3, ""token"": ""3"", ""token_id"": 236800, ""probabilidad"": 0.268610417842865, ""logit"": 25.25}, {""nota"": 4, ""token"": ""4"", ""token_id"": 236812, ""probabilidad"": 0.0006658186321146786, ""logit"": 19.25}]"
106,Explica el ciclo TDD  y su importancia en el desarrollo de software.,"El ciclo TDD es una metodología de desarrollo de software en la que primero se hacen los test que evaluarán los métodos necesarios. Al ejecutarse los tests estosdarán error (red) debido a que no hay métodos, por lo que la siguiente fase consiste en crear los métodos de manera que los tests dejen de dar error (green) y solo dejen de dar error. Finalmente se mejora el código hasta obtener la versión final del método.

Su importancia reside en que con esta metodología se puede desarrollar un software mucho más organizado e independiente entre módulos, a parte de que los tests sirven de autodocumentación del propio código. Aunque esta métodologia también tiene limitaciones como que el desarrollo es más lento y se necesita un cambio de mentalidad en comparación al desarrollo normal si eres nuevo en la metodología.",9.0,9.0,15.034,0.020318922666934507,1.0141836508016313,0.9999786019325256,0.9999860165539092,1.3983446090826135e-05,6.375,0.9964544614776969,"[{""token"": ""9"", ""token_id"": 236819, ""probabilidad"": 0.9981549382209778, ""es_nota"": true}, {""token"": ""1"", ""token_id"": 236770, ""probabilidad"": 0.0017004767432808876, ""es_nota"": true}, {""token"": ""8"", ""token_id"": 236828, ""probabilidad"": 0.00012318210792727768, ""es_nota"": true}]","[{""nota"": 9, ""token"": ""9"", ""token_id"": 236819, ""probabilidad"": 0.9981549382209778, ""logit"": 25.125}, {""nota"": 1, ""token"": ""1"", ""token_id"": 236770, ""probabilidad"": 0.0017004767432808876, ""logit"": 18.75}, {""nota"": 8, ""token"": ""8"", ""token_id"": 236828, ""probabilidad"": 0.00012318210792727768, ""logit"": 16.125}]"
107,Compara TDD con un enfoque tradicional de testing en el desarrollo de software.,"En el TDD lo primero que se hacen son los tests de los métodos que se van a desarrollar y más adelante estos son desarrollados para eliminar el error que nos indique el test para finalmente perfeccionar el código.

En el enfoque tradicional lo normal es desarrollar primero el código para una vez terminado hacer los tests.",8.0,9.0,14.31,0.27697474052561527,1.2116514460046521,0.9999792575836182,0.999989021963758,1.0978036241948708e-05,3.0,0.905056394636631,"[{""token"": ""9"", ""token_id"": 236819, ""probabilidad"": 0.9524774551391602, ""es_nota"": true}, {""token"": ""1"", ""token_id"": 236770, ""probabilidad"": 0.047421060502529144, ""es_nota"": true}, {""token"": ""8"", ""token_id"": 236828, ""probabilidad"": 8.078745304374024e-05, ""es_nota"": true}]","[{""nota"": 9, ""token"": ""9"", ""token_id"": 236819, ""probabilidad"": 0.9524774551391602, ""logit"": 25.375}, {""nota"": 1, ""token"": ""1"", ""token_id"": 236770, ""probabilidad"": 0.047421060502529144, ""logit"": 22.375}, {""nota"": 8, ""token"": ""8"", ""token_id"": 236828, ""probabilidad"": 8.078745304374024e-05, ""logit"": 16.0}]"
108,Describe las buenas prácticas en TDD y su impacto en la calidad del software.,"Las buenas prácticas más importantes son:

* El desarrollo primero de los tests.

* La independencia de los módulos entre sí.

* El determinismo de los tests (siempre se sepa que salida se espera).",7.0,7.0,14.151,0.23939873663046704,1.1805005687433048,0.9999688267707825,0.9999792097422492,2.0790257750813446e-05,3.25,0.9246010780334473,"[{""token"": ""7"", ""token_id"": 236832, ""probabilidad"": 0.9618979096412659, ""es_nota"": true}, {""token"": ""6"", ""token_id"": 236825, ""probabilidad"": 0.037296831607818604, ""es_nota"": true}, {""token"": ""8"", ""token_id"": 236828, ""probabilidad"": 0.0007740710279904306, ""es_nota"": true}]","[{""nota"": 7, ""token"": ""7"", ""token_id"": 236832, ""probabilidad"": 0.9618979096412659, ""logit"": 25.75}, {""nota"": 6, ""token"": ""6"", ""token_id"": 236825, ""probabilidad"": 0.037296831607818604, ""logit"": 22.5}, {""nota"": 8, ""token"": ""8"", ""token_id"": 236828, ""probabilidad"": 0.0007740710279904306, ""logit"": 18.625}]"
109,Explica la importancia de validar entradas en el contexto de TDD y cómo se relaciona con la robustez del software.,"Es importante puesto que hay ciertas excepciones (como pueden ser la inserción de negativos o divisiones entre 0) que suelen ser olvidadas al final del desarrollo. Pero si lo primero que se hace antes de empezar a desarrollar código es tener en cuenta los tests que han de ser necesarios que pasen los métodos para que se pueda perfeccionar su desarrollo, estas excepciones no se te deberían olvidar",7.0,8.0,14.184,0.0987610707629013,1.0708534611148104,0.9999856948852539,0.9999887802377398,1.1219762260150645e-05,4.375,0.974988061003387,"[{""token"": ""8"", ""token_id"": 236828, ""probabilidad"": 0.9874178171157837, ""es_nota"": true}, {""token"": ""9"", ""token_id"": 236819, ""probabilidad"": 0.012429756112396717, ""es_nota"": true}, {""token"": ""7"", ""token_id"": 236832, ""probabilidad"": 0.0001380821195198223, ""es_nota"": true}]","[{""nota"": 8, ""token"": ""8"", ""token_id"": 236828, ""probabilidad"": 0.9874178171157837, ""logit"": 25.875}, {""nota"": 9, ""token"": ""9"", ""token_id"": 236819, ""probabilidad"": 0.012429756112396717, ""logit"": 21.5}, {""nota"": 7, ""token"": ""7"", ""token_id"": 236832, ""probabilidad"": 0.0001380821195198223, ""logit"": 17.0}]"
110,Explica el ciclo TDD  y su importancia en el desarrollo de software.,"El ciclo TDD (test-driven-developmen) es una metodología de software consiste en una secuencia de tres fases que se utliliza para hacer pruebas unitarias.
La primera fase se llama la fase roja, donde el se escribe la prueba unitaria, pero no la clase que la ejecuta. Ejemplo: Queremos probar si 2+2 = 4 utlilizando la funcion sumar. En el test se escribirá la prueba, pero la función sumar no existirá. 
La segunda fase, es la fase verde, donde se implementa esa función o clase necesaria para que el test salga en verde. Continuando el ejemplo anterior, se implementaría la función sumar con dos argumentos.

La tercera fase, es la fase refractor, donde se añaden test y se mejora la clase o función con el objetivo de que lo test tengan mas cobertura. Ejemplo: Se añade la funcionalidad de sumar numeros negativos o se añade una excepción si en vez de un int se recibe un string",8.0,9.0,15.628,0.1460867821495967,1.1065639140107086,0.9999675750732422,0.9999761877628046,2.3812237195386388e-05,3.875,0.9591553043574095,"[{""token"": ""9"", ""token_id"": 236819, ""probabilidad"": 0.9794838428497314, ""es_nota"": true}, {""token"": ""8"", ""token_id"": 236828, ""probabilidad"": 0.020328538492321968, ""es_nota"": true}, {""token"": ""1"", ""token_id"": 236770, ""probabilidad"": 0.00015521030582021922, ""es_nota"": true}]","[{""nota"": 9, ""token"": ""9"", ""token_id"": 236819, ""probabilidad"": 0.9794838428497314, ""logit"": 25.375}, {""nota"": 8, ""token"": ""8"", ""token_id"": 236828, ""probabilidad"": 0.020328538492321968, ""logit"": 21.5}, {""nota"": 1, ""token"": ""1"", ""token_id"": 236770, ""probabilidad"": 0.00015521030582021922, ""logit"": 16.625}]"
111,Compara TDD con un enfoque tradicional de testing en el desarrollo de software.,"TDD:

* Primero se realiza el test y luego la clase o función

* Test obligatorios

* Se basa en tres fases

* Test unitarios

Enfoque tracicional:

* Se realiza primero la clase y luego se ejecuta el test

* Test opcionales

*  Una sola fase

* Test unitarios o de componentes",8.0,9.0,14.839,0.15405895814889245,1.1126955918244628,0.9999724626541138,0.9999833842646961,1.661573530387095e-05,3.875,0.9584526754915714,"[{""token"": ""9"", ""token_id"": 236819, ""probabilidad"": 0.9787663221359253, ""es_nota"": true}, {""token"": ""1"", ""token_id"": 236770, ""probabilidad"": 0.020313646644353867, ""es_nota"": true}, {""token"": ""8"", ""token_id"": 236828, ""probabilidad"": 0.0008925193687900901, ""es_nota"": true}]","[{""nota"": 9, ""token"": ""9"", ""token_id"": 236819, ""probabilidad"": 0.9787663221359253, ""logit"": 25.75}, {""nota"": 1, ""token"": ""1"", ""token_id"": 236770, ""probabilidad"": 0.020313646644353867, ""logit"": 21.875}, {""nota"": 8, ""token"": ""8"", ""token_id"": 236828, ""probabilidad"": 0.0008925193687900901, ""logit"": 18.75}]"
112,Describe las buenas prácticas en TDD y su impacto en la calidad del software.,"Las buenas prácticas de TDD se basan en que con esta metodología, los test son obligatorios y por lo tanto el sistema una vez se saque a producción será mas fiable que uno que no ha utilizado esta metodología, además de estar separado en capas y ser bastante intuitivo.",3.0,6.0,14.146,0.08479124201223101,1.0605342709446075,0.9999640583992004,0.9999906351292744,9.364870725558916e-06,4.875,0.9829270029440522,"[{""token"": ""6"", ""token_id"": 236825, ""probabilidad"": 0.9904894828796387, ""es_nota"": true}, {""token"": ""7"", ""token_id"": 236832, ""probabilidad"": 0.0075624799355864525, ""es_nota"": true}, {""token"": ""5"", ""token_id"": 236810, ""probabilidad"": 0.0019120945362374187, ""es_nota"": true}]","[{""nota"": 6, ""token"": ""6"", ""token_id"": 236825, ""probabilidad"": 0.9904894828796387, ""logit"": 26.125}, {""nota"": 7, ""token"": ""7"", ""token_id"": 236832, ""probabilidad"": 0.0075624799355864525, ""logit"": 21.25}, {""nota"": 5, ""token"": ""5"", ""token_id"": 236810, ""probabilidad"": 0.0019120945362374187, ""logit"": 19.875}]"
113,Explica la importancia de validar entradas en el contexto de TDD y cómo se relaciona con la robustez del software.,Validar entradas es un aspecto muy importante del TDD ya que la robsutez del software depende mayoritariamente de estas,2.0,6.0,13.548,0.674853474339756,1.596434624435256,0.9914627075195312,0.9999903239994374,9.676000562564013e-06,2.0,0.7468118742108345,"[{""token"": ""6"", ""token_id"": 236825, ""probabilidad"": 0.8637011051177979, ""es_nota"": true}, {""token"": ""5"", ""token_id"": 236810, ""probabilidad"": 0.11688923090696335, ""es_nota"": true}, {""token"": ""4"", ""token_id"": 236812, ""probabilidad"": 0.010872392915189266, ""es_nota"": true}]","[{""nota"": 6, ""token"": ""6"", ""token_id"": 236825, ""probabilidad"": 0.8637011051177979, ""logit"": 26.5}, {""nota"": 5, ""token"": ""5"", ""token_id"": 236810, ""probabilidad"": 0.11688923090696335, ""logit"": 24.5}, {""nota"": 4, ""token"": ""4"", ""token_id"": 236812, ""probabilidad"": 0.010872392915189266, ""logit"": 22.125}]"
114,Explica el ciclo TDD  y su importancia en el desarrollo de software.,"El ciclo TDD (test-driven development) se basa en: 

* Rojo: un codigo que falle (queremos que falle)

* Verde: codigo minimo que pase

* Refactor: mejorar el codigo manteniendo el codigo verde para que pase. Esa mejora puede ser: mejora de nombres de variables y métodos, eliminar duplicación, reorganizar estructura...

El TDD es valioso ya que es mucho más especifico que el testing tradicional. En el TDD primero va el test y luego el codigo, es proactivo, especifico.",10.0,10.0,14.966,0.38747672156186413,1.3081035245116792,0.9999983310699463,0.9999979648267658,2.035173234160581e-06,2.5,0.8482815623283386,"[{""token"": ""1"", ""token_id"": 236770, ""probabilidad"": 0.9241395592689514, ""es_nota"": true}, {""token"": ""9"", ""token_id"": 236819, ""probabilidad"": 0.07585799694061279, ""es_nota"": true}, {""token"": "" "", ""token_id"": 236743, ""probabilidad"": 7.684486149628356e-07, ""es_nota"": false}]","[{""nota"": 1, ""token"": ""1"", ""token_id"": 236770, ""probabilidad"": 0.9241395592689514, ""logit"": 25.875}, {""nota"": 9, ""token"": ""9"", ""token_id"": 236819, ""probabilidad"": 0.07585799694061279, ""logit"": 23.375}, {""nota"": 0, ""token"": ""0"", ""token_id"": 236771, ""probabilidad"": 3.2033705110734445e-07, ""logit"": 11.0}]"
115,Compara TDD con un enfoque tradicional de testing en el desarrollo de software.,"Tradiconal

TDD

Primero codigo, luego test

Primero test, luego codigo

Activo

proactivo

Se basa en la referencia

Se basa en la especificacion

Puede ser opcional

Es obligatorio",9.0,10.0,14.259,1.0988157593241021,2.141788109928182,0.9998533725738525,0.9999888819190725,1.111808092746358e-05,0.0,0.0,"[{""token"": ""9"", ""token_id"": 236819, ""probabilidad"": 0.4924907088279724, ""es_nota"": true}, {""token"": ""1"", ""token_id"": 236770, ""probabilidad"": 0.4924907088279724, ""es_nota"": true}, {""token"": ""8"", ""token_id"": 236828, ""probabilidad"": 0.014871930703520775, ""es_nota"": true}]","[{""nota"": 1, ""token"": ""1"", ""token_id"": 236770, ""probabilidad"": 0.4924907088279724, ""logit"": 25.75}, {""nota"": 9, ""token"": ""9"", ""token_id"": 236819, ""probabilidad"": 0.4924907088279724, ""logit"": 25.75}, {""nota"": 8, ""token"": ""8"", ""token_id"": 236828, ""probabilidad"": 0.014871930703520775, ""logit"": 22.25}]"
116,Describe las buenas prácticas en TDD y su impacto en la calidad del software.,"* Seguir el ciclo: rojo, verde, refactor

* Definir primero el text y luego el código

* Tener una estructura organizada",5.0,7.0,13.527,0.6458154756258591,1.5646234313484317,0.999984860420227,0.9999869966290287,1.3003370971320649e-05,1.625,0.6709344536066055,"[{""token"": ""7"", ""token_id"": 236832, ""probabilidad"": 0.8354429006576538, ""es_nota"": true}, {""token"": ""8"", ""token_id"": 236828, ""probabilidad"": 0.16450844705104828, ""es_nota"": true}, {""token"": ""6"", ""token_id"": 236825, ""probabilidad"": 3.347226447658613e-05, ""es_nota"": true}]","[{""nota"": 7, ""token"": ""7"", ""token_id"": 236832, ""probabilidad"": 0.8354429006576538, ""logit"": 25.625}, {""nota"": 8, ""token"": ""8"", ""token_id"": 236828, ""probabilidad"": 0.16450844705104828, ""logit"": 24.0}, {""nota"": 6, ""token"": ""6"", ""token_id"": 236825, ""probabilidad"": 3.347226447658613e-05, ""logit"": 15.5}]"
117,Explica la importancia de validar entradas en el contexto de TDD y cómo se relaciona con la robustez del software.,"El sistema es un software que va definido con nuestro test. Es indispensable validar las entradas que están parametrizadas para que nuestro sistema no falle. Al estar parametrizadas el valor se entrada varía según el valor que se le haya indicado en esa entrada concreta, por lo que no todas las entradas podrían ser iguales, por eso debemos ver si cada una de ellas pasan los tests.",6.0,7.0,14.253,0.08035081140546285,1.05727510048177,0.9999899864196777,0.999990986605145,9.013394855039714e-06,5.0,0.984465311281383,"[{""token"": ""7"", ""token_id"": 236832, ""probabilidad"": 0.9911435842514038, ""es_nota"": true}, {""token"": ""6"", ""token_id"": 236825, ""probabilidad"": 0.006678272970020771, ""es_nota"": true}, {""token"": ""8"", ""token_id"": 236828, ""probabilidad"": 0.0021681177895516157, ""es_nota"": true}]","[{""nota"": 7, ""token"": ""7"", ""token_id"": 236832, ""probabilidad"": 0.9911435842514038, ""logit"": 26.0}, {""nota"": 6, ""token"": ""6"", ""token_id"": 236825, ""probabilidad"": 0.006678272970020771, ""logit"": 21.0}, {""nota"": 8, ""token"": ""8"", ""token_id"": 236828, ""probabilidad"": 0.0021681177895516157, ""logit"": 19.875}]"
118,Explica el ciclo TDD  y su importancia en el desarrollo de software.,El TDD (Test Driven Development) es un tipo de desarrollo en el cual se diseñan unos tests que debe pasar el programa sacados de los requisitos de dicho programa antes de hacer el programa en si. Estos tests apuntan a cubrir todos los requisitos del programa y evitar ningun error. Este tipo de desarrollo esta mas orientado a aplicaciones grandes y equipos experimentados puesto que puede suponer problematico y ralentizar el desarrollo en equipos sin experiencia o no ser util en aplicaciones que sean demos pequeñas o scripts simples,4.0,6.0,14.269,0.991428841383771,1.9881530777116798,0.9999105334281921,0.9999837249484262,1.6275051573755306e-05,0.25,0.12433081865310669,"[{""token"": ""6"", ""token_id"": 236825, ""probabilidad"": 0.5620761513710022, ""es_nota"": true}, {""token"": ""7"", ""token_id"": 236832, ""probabilidad"": 0.4377453327178955, ""es_nota"": true}, {""token"": ""5"", ""token_id"": 236810, ""probabilidad"": 8.906732546165586e-05, ""es_nota"": true}]","[{""nota"": 6, ""token"": ""6"", ""token_id"": 236825, ""probabilidad"": 0.5620761513710022, ""logit"": 24.875}, {""nota"": 7, ""token"": ""7"", ""token_id"": 236832, ""probabilidad"": 0.4377453327178955, ""logit"": 24.625}, {""nota"": 5, ""token"": ""5"", ""token_id"": 236810, ""probabilidad"": 8.906732546165586e-05, ""logit"": 16.125}]"
119,Compara TDD con un enfoque tradicional de testing en el desarrollo de software.,"El TDD enfoca a diseñar el codigo en torno a los tests en vez de hacer el codigo y luego testearlo. Permite asi un desarrollo con unos objetivos claros y evitar codigo inutil. Permite un codigo mas claro, al final evitando testeos internos.",8.0,8.0,14.3,0.7661136110555152,1.7006822421919894,0.9999585747718811,0.9999790072946525,2.0992705347500085e-05,1.25,0.5545669049024582,"[{""token"": ""8"", ""token_id"": 236828, ""probabilidad"": 0.7772538661956787, ""es_nota"": true}, {""token"": ""9"", ""token_id"": 236819, ""probabilidad"": 0.22268696129322052, ""es_nota"": true}, {""token"": ""7"", ""token_id"": 236832, ""probabilidad"": 1.774355405359529e-05, ""es_nota"": true}]","[{""nota"": 8, ""token"": ""8"", ""token_id"": 236828, ""probabilidad"": 0.7772538661956787, ""logit"": 24.5}, {""nota"": 9, ""token"": ""9"", ""token_id"": 236819, ""probabilidad"": 0.22268696129322052, ""logit"": 23.25}, {""nota"": 7, ""token"": ""7"", ""token_id"": 236832, ""probabilidad"": 1.774355405359529e-05, ""logit"": 13.8125}]"
120,Describe las buenas prácticas en TDD y su impacto en la calidad del software.,"Es importante en el TDD:

- No hacer tests repetidos

* Comprobar la mayor parte del codigo con los tests para comprobar todos los posibles errores(evitando el over testing)

* Que los tests sean coherentes con respecto a los requisitos del codigo y el entorno

* Tener una buena estructura en los tests, poniendoles nombres y mensajes de error claros, personalizados y evitando las variables magicas(variables con nombres no descriptivos

* Hacer tests independientes unos de otros de manera que se puedan validar las funciones de manera independientes",7.0,8.0,14.847,0.49172808374585636,1.4061281507355632,0.999966025352478,0.9999821288386982,1.787116130180788e-05,2.125,0.7865245565772057,"[{""token"": ""8"", ""token_id"": 236828, ""probabilidad"": 0.8932023644447327, ""es_nota"": true}, {""token"": ""9"", ""token_id"": 236819, ""probabilidad"": 0.10667780786752701, ""es_nota"": true}, {""token"": ""7"", ""token_id"": 236832, ""probabilidad"": 8.58471539686434e-05, ""es_nota"": true}]","[{""nota"": 8, ""token"": ""8"", ""token_id"": 236828, ""probabilidad"": 0.8932023644447327, ""logit"": 25.375}, {""nota"": 9, ""token"": ""9"", ""token_id"": 236819, ""probabilidad"": 0.10667780786752701, ""logit"": 23.25}, {""nota"": 7, ""token"": ""7"", ""token_id"": 236832, ""probabilidad"": 8.58471539686434e-05, ""logit"": 16.125}]"
121,Explica la importancia de validar entradas en el contexto de TDD y cómo se relaciona con la robustez del software.,"La validacion de entradas permite comprobar que una entrada no va a romper el sistema, permitiendo asi cubrir los casos mas basicos que normalmente rompen el programa por completo. Se suelen desarrollar tests especificos para esta funcion en todos los programa e incluir en todas las funciones posibles.",6.0,8.0,14.167,0.018879999481549375,1.0131726229603895,0.9999929666519165,0.9999935835505122,6.416449487844922e-06,6.5,0.9968119283439592,"[{""token"": ""8"", ""token_id"": 236828, ""probabilidad"": 0.9983128309249878, ""es_nota"": true}, {""token"": ""7"", ""token_id"": 236832, ""probabilidad"": 0.0015009025810286403, ""es_nota"": true}, {""token"": ""9"", ""token_id"": 236819, ""probabilidad"": 0.00017925724387168884, ""es_nota"": true}]","[{""nota"": 8, ""token"": ""8"", ""token_id"": 236828, ""probabilidad"": 0.9983128309249878, ""logit"": 26.25}, {""nota"": 7, ""token"": ""7"", ""token_id"": 236832, ""probabilidad"": 0.0015009025810286403, ""logit"": 19.75}, {""nota"": 9, ""token"": ""9"", ""token_id"": 236819, ""probabilidad"": 0.00017925724387168884, ""logit"": 17.625}]"
122,Explica el ciclo TDD  y su importancia en el desarrollo de software.,"El ciclo TDD realiza pruebas unitarias por partes, dentro del codigo. Verificando de manera individual todo el proyecto fila a fila, sección a sección. Primero realiza un test en rojo, es decir un test que claramente falla pero que te indica el camino a seguir. Posteriormente tienes que conseguir que el test pase y se ponga verde. Luego ya en la fase refactor tienes que seguir avanzando con el codigo, manteniendo la luz verde en los tests.",8.0,9.0,14.13,0.5665187824016461,1.4809457393315246,0.9999682903289795,0.9999776193464096,2.238065359039254e-05,1.875,0.734029620885849,"[{""token"": ""9"", ""token_id"": 236819, ""probabilidad"": 0.8669862747192383, ""es_nota"": true}, {""token"": ""8"", ""token_id"": 236828, ""probabilidad"": 0.13295665383338928, ""es_nota"": true}, {""token"": ""1"", ""token_id"": 236770, ""probabilidad"": 2.5413446564925835e-05, ""es_nota"": true}]","[{""nota"": 9, ""token"": ""9"", ""token_id"": 236819, ""probabilidad"": 0.8669862747192383, ""logit"": 24.75}, {""nota"": 8, ""token"": ""8"", ""token_id"": 236828, ""probabilidad"": 0.13295665383338928, ""logit"": 22.875}, {""nota"": 1, ""token"": ""1"", ""token_id"": 236770, ""probabilidad"": 2.5413446564925835e-05, ""logit"": 14.3125}]"
123,Compara TDD con un enfoque tradicional de testing en el desarrollo de software.,TDD primero te dice que tests quiere que tu programa pase y luego seguir desarrollando pasando esos mismos tests. Mientras que en el testing tradicional se realizan los tests una vez desarrollado el codigo que se va a someter a los tests.,8.0,9.0,14.055,0.08334238757149803,1.0594697434854186,0.9999753832817078,0.9999836657119745,1.6334288025499077e-05,5.125,0.9850369063206017,"[{""token"": ""9"", ""token_id"": 236819, ""probabilidad"": 0.9909291863441467, ""es_nota"": true}, {""token"": ""1"", ""token_id"": 236770, ""probabilidad"": 0.005892280023545027, ""es_nota"": true}, {""token"": ""8"", ""token_id"": 236828, ""probabilidad"": 0.0031539106275886297, ""es_nota"": true}]","[{""nota"": 9, ""token"": ""9"", ""token_id"": 236819, ""probabilidad"": 0.9909291863441467, ""logit"": 25.375}, {""nota"": 1, ""token"": ""1"", ""token_id"": 236770, ""probabilidad"": 0.005892280023545027, ""logit"": 20.25}, {""nota"": 8, ""token"": ""8"", ""token_id"": 236828, ""probabilidad"": 0.0031539106275886297, ""logit"": 19.625}]"
124,Describe las buenas prácticas en TDD y su impacto en la calidad del software.,El uso de gitflow es una buena practica ya que generando ramas apartadas del master/main puedes ir avanzando y si en alguna parte del refactor fallan los tests puedes volver a la anterior version verificada. Esto aumenta la limpieza y la eficacia a la hora de desarrollar el programa que tiene posteriormente un impacto positivo en la calidad del software.,1.0,3.0,14.093,0.4005954408874885,1.3200526212622625,0.9999522566795349,0.9999977414671379,2.2585328620650102e-06,2.75,0.8717518635094166,"[{""token"": ""3"", ""token_id"": 236800, ""probabilidad"": 0.9312870502471924, ""es_nota"": true}, {""token"": ""4"", ""token_id"": 236812, ""probabilidad"": 0.0595351867377758, ""es_nota"": true}, {""token"": ""2"", ""token_id"": 236778, ""probabilidad"": 0.009130016900599003, ""es_nota"": true}]","[{""nota"": 3, ""token"": ""3"", ""token_id"": 236800, ""probabilidad"": 0.9312870502471924, ""logit"": 26.25}, {""nota"": 4, ""token"": ""4"", ""token_id"": 236812, ""probabilidad"": 0.0595351867377758, ""logit"": 23.5}, {""nota"": 2, ""token"": ""2"", ""token_id"": 236778, ""probabilidad"": 0.009130016900599003, ""logit"": 21.625}]"
125,Explica la importancia de validar entradas en el contexto de TDD y cómo se relaciona con la robustez del software.,Al validar entradas te aseguras que la fluidez del sistema sea correcta y puedes evitar fallos con mas facilidad. Esto genera un software mas robusto ya que tienes mas cuidado y tienes mas en cuenta ciertas cosas a la hora de desarrollarlo.,6.0,7.0,14.076,0.21285330052819942,1.1589780960068157,0.9999876022338867,0.9999888028778162,1.1197122183781438e-05,3.375,0.93360835313797,"[{""token"": ""7"", ""token_id"": 236832, ""probabilidad"": 0.9666865468025208, ""es_nota"": true}, {""token"": ""6"", ""token_id"": 236825, ""probabilidad"": 0.03307819366455078, ""es_nota"": true}, {""token"": ""8"", ""token_id"": 236828, ""probabilidad"": 0.00022287911269813776, ""es_nota"": true}]","[{""nota"": 7, ""token"": ""7"", ""token_id"": 236832, ""probabilidad"": 0.9666865468025208, ""logit"": 25.5}, {""nota"": 6, ""token"": ""6"", ""token_id"": 236825, ""probabilidad"": 0.03307819366455078, ""logit"": 22.125}, {""nota"": 8, ""token"": ""8"", ""token_id"": 236828, ""probabilidad"": 0.00022287911269813776, ""logit"": 17.125}]"
126,Explica el ciclo TDD  y su importancia en el desarrollo de software.,"El ciclo TDD se descompone en tres fases, la fase roja, la fase verde y la fase refactor.

La fase roja es en la que se hacen los test básicos sin tener el código hecho, de manera que el test salga entero rojo. La fase verde es en la que añadimos el código justo y necesario para que dichos tests pasen. Y la fase refactor es en la que se mejora el código pero asegurandonos de que los tests siguen verdes.

Este ciclo es importante a la hora del desarrollo de software porque haces el código necesario y paso a paso.",8.0,9.0,14.859,0.0725429162177989,1.0515685618072899,0.999975323677063,0.9999853710015543,1.4628998445731511e-05,4.75,0.9827674059197307,"[{""token"": ""9"", ""token_id"": 236819, ""probabilidad"": 0.9913442134857178, ""es_nota"": true}, {""token"": ""1"", ""token_id"": 236770, ""probabilidad"": 0.00857680756598711, ""es_nota"": true}, {""token"": ""8"", ""token_id"": 236828, ""probabilidad"": 5.4288753744913265e-05, ""es_nota"": true}]","[{""nota"": 9, ""token"": ""9"", ""token_id"": 236819, ""probabilidad"": 0.9913442134857178, ""logit"": 25.375}, {""nota"": 1, ""token"": ""1"", ""token_id"": 236770, ""probabilidad"": 0.00857680756598711, ""logit"": 20.625}, {""nota"": 8, ""token"": ""8"", ""token_id"": 236828, ""probabilidad"": 5.4288753744913265e-05, ""logit"": 15.5625}]"
127,Compara TDD con un enfoque tradicional de testing en el desarrollo de software.,"En el TDD hacemos los tests antes que el código, por lo que el código se adapta a esos tests que hemos realizado, y un enfoque tradicional de testing hace el código antes que los tests. Por esto, el TDD asegura una mayor eficiencia en el código y un código más completo ya que tiene que adaptarse a los tests, en cambio, los tests tradicionales son los que adaptan los tests al código y puede quedar así un código menos completo.",8.0,9.0,14.267,0.35755140642817873,1.2812494687507512,0.9999749064445496,0.9999886812898677,1.1318710132268706e-05,2.625,0.8648665025830269,"[{""token"": ""9"", ""token_id"": 236819, ""probabilidad"": 0.9324100613594055, ""es_nota"": true}, {""token"": ""1"", ""token_id"": 236770, ""probabilidad"": 0.06754355877637863, ""es_nota"": true}, {""token"": ""8"", ""token_id"": 236828, ""probabilidad"": 2.128554115188308e-05, ""es_nota"": true}]","[{""nota"": 9, ""token"": ""9"", ""token_id"": 236819, ""probabilidad"": 0.9324100613594055, ""logit"": 25.25}, {""nota"": 1, ""token"": ""1"", ""token_id"": 236770, ""probabilidad"": 0.06754355877637863, ""logit"": 22.625}, {""nota"": 8, ""token"": ""8"", ""token_id"": 236828, ""probabilidad"": 2.128554115188308e-05, ""logit"": 14.5625}]"
128,Describe las buenas prácticas en TDD y su impacto en la calidad del software.,"Las buenas prácticas en el TDD son empezar por los tests, luego por un código muy simple, para luego mejorarlo en la última fase. El TDD tiene un impacto notable en la calidad del software ya que proporciona un código mucho más completo.",6.0,7.0,13.965,0.9332915970234505,1.9096279626200043,0.999993622303009,0.9999797428110543,2.025718894571593e-05,0.625,0.30270200967788696,"[{""token"": ""7"", ""token_id"": 236832, ""probabilidad"": 0.6513382792472839, ""es_nota"": true}, {""token"": ""8"", ""token_id"": 236828, ""probabilidad"": 0.348636269569397, ""es_nota"": true}, {""token"": "" "", ""token_id"": 236743, ""probabilidad"": 1.909228740260005e-05, ""es_nota"": false}]","[{""nota"": 7, ""token"": ""7"", ""token_id"": 236832, ""probabilidad"": 0.6513382792472839, ""logit"": 24.75}, {""nota"": 8, ""token"": ""8"", ""token_id"": 236828, ""probabilidad"": 0.348636269569397, ""logit"": 24.125}, {""nota"": 6, ""token"": ""6"", ""token_id"": 236825, ""probabilidad"": 4.001960860477993e-06, ""logit"": 12.75}]"
129,Explica la importancia de validar entradas en el contexto de TDD y cómo se relaciona con la robustez del software.,"Es importante comprobar las variables de entrada para no perder tiempo de ejecución ya que si son incompatibles o erróneas, el programa no debe funcionar. Por lo que la validación de datos hace que el software sea más robusto.",6.0,8.0,14.403,0.03231997370226495,1.0226553190265946,0.9999901056289673,0.9999911917247456,8.808275254401643e-06,5.875,0.9940557728987187,"[{""token"": ""8"", ""token_id"": 236828, ""probabilidad"": 0.9968557357788086, ""es_nota"": true}, {""token"": ""7"", ""token_id"": 236832, ""probabilidad"": 0.002799962880089879, ""es_nota"": true}, {""token"": ""9"", ""token_id"": 236819, ""probabilidad"": 0.00033440784318372607, ""es_nota"": true}]","[{""nota"": 8, ""token"": ""8"", ""token_id"": 236828, ""probabilidad"": 0.9968557357788086, ""logit"": 26.25}, {""nota"": 7, ""token"": ""7"", ""token_id"": 236832, ""probabilidad"": 0.002799962880089879, ""logit"": 20.375}, {""nota"": 9, ""token"": ""9"", ""token_id"": 236819, ""probabilidad"": 0.00033440784318372607, ""logit"": 18.25}]"
130,Explica el ciclo TDD  y su importancia en el desarrollo de software.,"El ciclo TDD es una metodología que se utiliza en el desarrollo de software que consiste en tres fases: rojo, verde y refactor.

La fase rojo consiste en componer un test que va a fallar debido a que no existe codigo de producción que se pueda testear. La fase verde consiste que con el test que falla hacer el código mínimo para que pase el test. Por último en la fase de refactor se optimiza el código con el test en verde. Esto es muy importante para el desarrollo de software para APIs complejas o modelos de negocio.",8.0,9.0,14.95,0.765394151043855,1.699834337548919,0.9999906420707703,0.9999914995811212,8.500418878787386e-06,1.25,0.5545908808708191,"[{""token"": ""9"", ""token_id"": 236819, ""probabilidad"": 0.777287483215332, ""es_nota"": true}, {""token"": ""1"", ""token_id"": 236770, ""probabilidad"": 0.22269660234451294, ""es_nota"": true}, {""token"": ""0"", ""token_id"": 236771, ""probabilidad"": 6.527770892716944e-06, ""es_nota"": true}]","[{""nota"": 9, ""token"": ""9"", ""token_id"": 236819, ""probabilidad"": 0.777287483215332, ""logit"": 24.75}, {""nota"": 1, ""token"": ""1"", ""token_id"": 236770, ""probabilidad"": 0.22269660234451294, ""logit"": 23.5}, {""nota"": 0, ""token"": ""0"", ""token_id"": 236771, ""probabilidad"": 6.527770892716944e-06, ""logit"": 13.0625}]"
131,Compara TDD con un enfoque tradicional de testing en el desarrollo de software.,"En TDD se hace primero el test y luego el codigo de producción en cambio en testing tradicional primero se hace el código de producción y después el test, a veces en el enfoque tradicional ni si quiera se hacen test y en TDD es obligaorio ya que es el primer paso. Los test en TDD son proactivos y en el enfoque tradicional son reactivos.",10.0,10.0,14.373,0.010542648682329516,1.0073343729294228,0.9999992847442627,0.9999992468672837,7.53132716302396e-07,7.0,0.998176998575218,"[{""token"": ""1"", ""token_id"": 236770, ""probabilidad"": 0.9990880489349365, ""es_nota"": true}, {""token"": ""9"", ""token_id"": 236819, ""probabilidad"": 0.0009110503597185016, ""es_nota"": true}, {""token"": "" "", ""token_id"": 236743, ""probabilidad"": 1.973252636844336e-07, ""es_nota"": false}]","[{""nota"": 1, ""token"": ""1"", ""token_id"": 236770, ""probabilidad"": 0.9990880489349365, ""logit"": 27.25}, {""nota"": 9, ""token"": ""9"", ""token_id"": 236819, ""probabilidad"": 0.0009110503597185016, ""logit"": 20.25}, {""nota"": 8, ""token"": ""8"", ""token_id"": 236828, ""probabilidad"": 8.756255454045458e-08, ""logit"": 11.0}]"
132,Describe las buenas prácticas en TDD y su impacto en la calidad del software.,"En las buenas prácticas del TDD entre muchas otras se hacen para mejorar la calidad del código como por ejemplo poner nombres descriptivos en assertions, clases, métodos o ramas, también se utiliza la arquitectura A-A-A en la que primero en el test se prepara las variables, se ejecutan y después se valida el resultado. Se eliminan los códigos duplicados en los test asi como que un test solo debería de hacer una comprobación o assertion.",7.0,8.0,14.204,0.10878485400582698,1.0783196122296062,0.9999809861183167,0.9999847366141793,1.5263385820696307e-05,4.25,0.971736054867506,"[{""token"": ""8"", ""token_id"": 236828, ""probabilidad"": 0.9857977032661438, ""es_nota"": true}, {""token"": ""9"", ""token_id"": 236819, ""probabilidad"": 0.014061648398637772, ""es_nota"": true}, {""token"": ""7"", ""token_id"": 236832, ""probabilidad"": 0.0001216570963151753, ""es_nota"": true}]","[{""nota"": 8, ""token"": ""8"", ""token_id"": 236828, ""probabilidad"": 0.9857977032661438, ""logit"": 25.625}, {""nota"": 9, ""token"": ""9"", ""token_id"": 236819, ""probabilidad"": 0.014061648398637772, ""logit"": 21.375}, {""nota"": 7, ""token"": ""7"", ""token_id"": 236832, ""probabilidad"": 0.0001216570963151753, ""logit"": 16.625}]"
133,Explica la importancia de validar entradas en el contexto de TDD y cómo se relaciona con la robustez del software.,Las entradas se pueden validar de diferentes formas ya sea con test unitarios normales o con test parametrizados que sería lo óptimo ya que esto le daría mas versatilidad y robustez al test al estar amparando el mismo código con diferentes entradas.,5.0,7.0,13.873,0.7283125597654343,1.6567002077592266,0.9999651312828064,0.9999853695406048,1.463045939520402e-05,1.375,0.5962559431791306,"[{""token"": ""7"", ""token_id"": 236832, ""probabilidad"": 0.798029363155365, ""es_nota"": true}, {""token"": ""6"", ""token_id"": 236825, ""probabilidad"": 0.20177341997623444, ""es_nota"": true}, {""token"": ""8"", ""token_id"": 236828, ""probabilidad"": 0.00016237373347394168, ""es_nota"": true}]","[{""nota"": 7, ""token"": ""7"", ""token_id"": 236832, ""probabilidad"": 0.798029363155365, ""logit"": 25.25}, {""nota"": 6, ""token"": ""6"", ""token_id"": 236825, ""probabilidad"": 0.20177341997623444, ""logit"": 23.875}, {""nota"": 8, ""token"": ""8"", ""token_id"": 236828, ""probabilidad"": 0.00016237373347394168, ""logit"": 16.75}]"
134,Explica el ciclo TDD  y su importancia en el desarrollo de software.,"El ciclo tdd se basa en realizar pruebas unitarias dentro del código para verificar de manera individual, como su nombre indica las distintas secciones del programa. Es como si dentro de un equipo de fútbol verificas jugador por jugador su estado, y si todo va bien y realiza lo que es debido, el equipo funcionaría",2.0,4.0,13.997,0.7058688385198608,1.631126687342418,0.9997818470001221,0.9999976213507368,2.378649263223842e-06,1.5,0.6338767260313034,"[{""token"": ""4"", ""token_id"": 236812, ""probabilidad"": 0.8159368634223938, ""es_nota"": true}, {""token"": ""5"", ""token_id"": 236810, ""probabilidad"": 0.1820601373910904, ""es_nota"": true}, {""token"": ""6"", ""token_id"": 236825, ""probabilidad"": 0.0017848546849563718, ""es_nota"": true}]","[{""nota"": 4, ""token"": ""4"", ""token_id"": 236812, ""probabilidad"": 0.8159368634223938, ""logit"": 26.0}, {""nota"": 5, ""token"": ""5"", ""token_id"": 236810, ""probabilidad"": 0.1820601373910904, ""logit"": 24.5}, {""nota"": 6, ""token"": ""6"", ""token_id"": 236825, ""probabilidad"": 0.0017848546849563718, ""logit"": 19.875}]"
135,Compara TDD con un enfoque tradicional de testing en el desarrollo de software.,"La principal diferencia entre los dos enfoques es la capacidad para aislar errores dentro del programa, al realizar un ciclo TDD logras captar la ubicación del error, mientras que en un enfoque tradicional solamente te das cuenta de que el programa da error. Por ejemplo, al realizar la primera práctica de testing que hicimos, la enfocamos de manera tradicional, y nos centramos solamente en que el programa da error, sin embargo, si hubieramos utilizado tdd hubieramos visto donde se encontraba el problema",3.0,7.0,14.828,0.9588794942931752,1.9437996071169044,0.9999220967292786,0.9999801554029496,1.9844597050400203e-05,0.5,0.24487540125846863,"[{""token"": ""7"", ""token_id"": 236832, ""probabilidad"": 0.6223494410514832, ""es_nota"": true}, {""token"": ""6"", ""token_id"": 236825, ""probabilidad"": 0.3774740397930145, ""es_nota"": true}, {""token"": ""8"", ""token_id"": 236828, ""probabilidad"": 9.861831495072693e-05, ""es_nota"": true}]","[{""nota"": 7, ""token"": ""7"", ""token_id"": 236832, ""probabilidad"": 0.6223494410514832, ""logit"": 25.0}, {""nota"": 6, ""token"": ""6"", ""token_id"": 236825, ""probabilidad"": 0.3774740397930145, ""logit"": 24.5}, {""nota"": 8, ""token"": ""8"", ""token_id"": 236828, ""probabilidad"": 9.861831495072693e-05, ""logit"": 16.25}]"
136,Describe las buenas prácticas en TDD y su impacto en la calidad del software.,"Buenas prácticas en tdd es el uso de gitflow, ya que eres capaz de cerrar ramas que están verificadas y sabes que funcionan en branches. Por otro lado, debes realizar pruebas cada vez que cambias algo en el código para saber si esto afecta o no al programa principal. Esto impacta de manera positiva en la calidad del software, ya que eres consciente de que realiza cada estructura dentro del código y porque, así como encontrar errores o discrepancias",3.0,4.0,14.351,0.8101570459808777,1.753402300567638,0.9998514652252197,0.9999948687293697,5.13127063028751e-06,1.25,0.5516282320022583,"[{""token"": ""4"", ""token_id"": 236812, ""probabilidad"": 0.7731351852416992, ""es_nota"": true}, {""token"": ""5"", ""token_id"": 236810, ""probabilidad"": 0.22150695323944092, ""es_nota"": true}, {""token"": ""6"", ""token_id"": 236825, ""probabilidad"": 0.00520934397354722, ""es_nota"": true}]","[{""nota"": 4, ""token"": ""4"", ""token_id"": 236812, ""probabilidad"": 0.7731351852416992, ""logit"": 25.75}, {""nota"": 5, ""token"": ""5"", ""token_id"": 236810, ""probabilidad"": 0.22150695323944092, ""logit"": 24.5}, {""nota"": 6, ""token"": ""6"", ""token_id"": 236825, ""probabilidad"": 0.00520934397354722, ""logit"": 20.75}]"
137,Explica la importancia de validar entradas en el contexto de TDD y cómo se relaciona con la robustez del software.,"Validar entradas dentro de un contexto TDD es de las cosas más importantes, ya que si tienes problemas al introducir datos, el código saldrá erróneo si o si. Es como realizar una prueba unitaria para la validación de entradas dentro del contexto TDD. Por otro lado, deja una base al software si eres capaz de validar estas entradas",6.0,7.0,14.147,0.6452821683067214,1.5640451588126572,0.9999919533729553,0.9999923005965613,7.699403438699015e-06,1.625,0.6709572374820709,"[{""token"": ""7"", ""token_id"": 236832, ""probabilidad"": 0.8354712724685669, ""es_nota"": true}, {""token"": ""8"", ""token_id"": 236828, ""probabilidad"": 0.16451403498649597, ""es_nota"": true}, {""token"": "" "", ""token_id"": 236743, ""probabilidad"": 6.591304099856643e-06, ""es_nota"": false}]","[{""nota"": 7, ""token"": ""7"", ""token_id"": 236832, ""probabilidad"": 0.8354712724685669, ""logit"": 25.5}, {""nota"": 8, ""token"": ""8"", ""token_id"": 236828, ""probabilidad"": 0.16451403498649597, ""logit"": 23.875}, {""nota"": 6, ""token"": ""6"", ""token_id"": 236825, ""probabilidad"": 6.191957709233975e-06, ""logit"": 13.6875}]"
138,Explica el ciclo TDD  y su importancia en el desarrollo de software.,"El ciclo TDD (Test Driven Development) es una forma de desarrollar software, es un planteamiento alternativo en el que se sigue un proceso muy concreto, y se itera en ciclos TDD para desarrollar el código del programa.

El desarrollo usando ciclos TDD se basa en que primero se escriben los tests y después el código del programa, y es importante de diversas formas. Mantiene una especie de especificación del programa a través de los tests, qué indican qué debe hacer el código. Permite también que el programa escale de forma consistente ante errores, ya que el código nuevo que se escriba para mejorar por ejemplo una función debe seguir manteniendo los tests de dicha función en verde. En general se cambia el paradigma del uso de tests a un enfoque preventivo en contraparte al enfoque reactivo en el que los tests se escriben después del código del programa, importante para mantener un código del programa más estructurado.

Fases del ciclo TDD:

* Red: se escribe un test con lo qué debe de hacer el código que se desarrollará más tarde. Este test debe pasar en rojo (devolviendo un error o test no realizado con éxito)

* Green: se escribe en el programa el código mínimo necesario para que el test anteriormente creado pase en verde.

* Refactor: en esta fase se mejora el código anterior (código mínimo necesario) manteniendo el test en verde.

Se itera sobre este ciclo para el desarrollo de nuevas funcionalidades del programa.",10.0,10.0,17.067,0.0001336372527584837,1.0000926345752847,0.9999998807907104,0.9999998130917657,1.8690823433420434e-07,11.875,0.9999858851879253,"[{""token"": ""1"", ""token_id"": 236770, ""probabilidad"": 0.999992847442627, ""es_nota"": true}, {""token"": ""9"", ""token_id"": 236819, ""probabilidad"": 6.9622547016479075e-06, ""es_nota"": true}, {""token"": "" "", ""token_id"": 236743, ""probabilidad"": 6.825554521583399e-08, ""es_nota"": false}]","[{""nota"": 1, ""token"": ""1"", ""token_id"": 236770, ""probabilidad"": 0.999992847442627, ""logit"": 27.25}, {""nota"": 9, ""token"": ""9"", ""token_id"": 236819, ""probabilidad"": 6.9622547016479075e-06, ""logit"": 15.375}, {""nota"": 0, ""token"": ""0"", ""token_id"": 236771, ""probabilidad"": 1.3307711599352956e-09, ""logit"": 6.8125}]"
139,Compara TDD con un enfoque tradicional de testing en el desarrollo de software.,"En el TDD el enfoque de testing es preventivo, se crean los tests antes que el código del programa y se asegura que el código cumpla con lo que el test plantea. Tiene varias ventajas como que permite que el código del programa escale de forma consistente ante errores, y que además los tests sirven como especificación del funcionamiento del programa desarrollado.

En el enfoque de testing tradicional primero se desarrolla el código del programa y luego se escriben los tests, es un enfoque reactivo. Es cierto que la cobertura de código puede ayudar a cubrir todas las posibilidades de error del programa, pero con el énfoque tradicional es más complejo asegurar que los tests aseguren todo el programa debido a que se realizan una vez acabado.",10.0,10.0,14.924,0.008464743985083673,1.0058845598243573,0.9999997019767761,0.9999995864958123,4.1350418766850083e-07,7.25,0.9985802001901902,"[{""token"": ""1"", ""token_id"": 236770, ""probabilidad"": 0.999289870262146, ""es_nota"": true}, {""token"": ""9"", ""token_id"": 236819, ""probabilidad"": 0.0007096700719557703, ""es_nota"": true}, {""token"": "" "", ""token_id"": 236743, ""probabilidad"": 1.85407401431803e-07, ""es_nota"": false}]","[{""nota"": 1, ""token"": ""1"", ""token_id"": 236770, ""probabilidad"": 0.999289870262146, ""logit"": 27.0}, {""nota"": 9, ""token"": ""9"", ""token_id"": 236819, ""probabilidad"": 0.0007096700719557703, ""logit"": 19.75}, {""nota"": 0, ""token"": ""0"", ""token_id"": 236771, ""probabilidad"": 3.429691730616469e-08, ""logit"": 9.8125}]"
140,Describe las buenas prácticas en TDD y su impacto en la calidad del software.,"Buenas prácticas TDD son :

1. Escribir tests con nombres que sigan una misma estructura y que nos permita seguir un patrón que pueda indicar fácilmente leyendo el nombre qué hace el test o a dónde pertenece, por ejemplo: método_entorno -> addDiscount_validOriginalPrice()

2. Realizar pequeños tests que comprueben características específicas del código. Evitar a toda costa agrupar muchos casos en un solo test.

3. Cumplir a raja tabla con el orden de las fases del ciclo TDD y mantener una buena estrcutura de commits con palabras clave como: test, red, green, refactor. Para indicar en qué punto del ciclo TDD te encuentras. Ej. test(red) nuevo test addDiscount_validOriginalPrice()

Estas buenas prácticas hacen que el manejo de los tests y el ciclo TDD sea consistente y lo más fácil de seguir posible desde el punto de vista del desarrollador, los nombres de tests que siguen un patron, la fragmentación de los tests para que cada uno compruebe un caso concreto y una buena estructura de commits son varias claves para asegurar el éxito del desarrollo con TDD.",8.0,8.0,16.334,0.998552362487766,1.9979941548066147,0.9999582171440125,0.9999746033611424,2.5396638857588805e-05,0.125,0.06241366267204285,"[{""token"": ""8"", ""token_id"": 236828, ""probabilidad"": 0.5311660766601562, ""es_nota"": true}, {""token"": ""9"", ""token_id"": 236819, ""probabilidad"": 0.4687524139881134, ""es_nota"": true}, {""token"": ""1"", ""token_id"": 236770, ""probabilidad"": 3.9758753700880334e-05, ""es_nota"": true}]","[{""nota"": 8, ""token"": ""8"", ""token_id"": 236828, ""probabilidad"": 0.5311660766601562, ""logit"": 24.25}, {""nota"": 9, ""token"": ""9"", ""token_id"": 236819, ""probabilidad"": 0.4687524139881134, ""logit"": 24.125}, {""nota"": 1, ""token"": ""1"", ""token_id"": 236770, ""probabilidad"": 3.9758753700880334e-05, ""logit"": 14.75}]"
141,Explica la importancia de validar entradas en el contexto de TDD y cómo se relaciona con la robustez del software.,"Validar entradas es uno de los aspectos más frecuentes en el contexto del TDD. Crear tests que validen las entradas permiten mejorar la robustez del software de forma que blindemos el código ante errores desde su origen, las entradas obtenidas. Una vez validadas las entradas para que solo pasen las que deseemos podemos escribir un código más simple y centrarnos en lo importante. Sería algo así como filtrar al inicio para no arrastrar el problema de los tipos de entradas y su formato durante to el código escrito. Validar entradas mejora la robustez del código exponencialmente.",9.0,10.0,14.927,1.0002323670466073,2.000322155069608,0.9999929666519165,0.9999931521783587,6.847821641287055e-06,0.0,0.0,"[{""token"": ""1"", ""token_id"": 236770, ""probabilidad"": 0.4999946355819702, ""es_nota"": true}, {""token"": ""9"", ""token_id"": 236819, ""probabilidad"": 0.4999946355819702, ""es_nota"": true}, {""token"": ""0"", ""token_id"": 236771, ""probabilidad"": 3.7056277051306097e-06, ""es_nota"": true}]","[{""nota"": 1, ""token"": ""1"", ""token_id"": 236770, ""probabilidad"": 0.4999946355819702, ""logit"": 24.125}, {""nota"": 9, ""token"": ""9"", ""token_id"": 236819, ""probabilidad"": 0.4999946355819702, ""logit"": 24.125}, {""nota"": 0, ""token"": ""0"", ""token_id"": 236771, ""probabilidad"": 3.7056277051306097e-06, ""logit"": 12.3125}]"
142,Explica el ciclo TDD  y su importancia en el desarrollo de software.,"El TDD es una metodología de trabajo para proyectos de software. Una vez se definen los requisitos para un proyecto de software, en vez de lanzarse a codificar los requisitos directamente, según esta metodología se crean los tests o pruebas antes de codificar las funcionalidades. Es decir, se crean los tests que tiene que pasar cada funcionalidad de forma respectiva antes de implementar la funcionalidad en sí.

Luego poco a poco, a medida que se implementa cada funcionalidad, también se verifica que el test pasa. El objetivo principal es segmentar cada requisito en el código, para evitar que en el futuro puedan haber muchos errores en el código que no se puedan trazar rápidamente de donde vienen.

Al segmentar claramente los tests y las funcionalidades es más fácil trabajar colaborativamente.",6.0,8.0,14.891,0.028800805820371145,1.020163794607089,0.9999889731407166,0.9999904079085016,9.592091498422661e-06,6.375,0.9956811591982841,"[{""token"": ""8"", ""token_id"": 236828, ""probabilidad"": 0.9973803162574768, ""es_nota"": true}, {""token"": ""7"", ""token_id"": 236832, ""probabilidad"": 0.0016991570591926575, ""es_nota"": true}, {""token"": ""9"", ""token_id"": 236819, ""probabilidad"": 0.0009094931301660836, ""es_nota"": true}]","[{""nota"": 8, ""token"": ""8"", ""token_id"": 236828, ""probabilidad"": 0.9973803162574768, ""logit"": 26.125}, {""nota"": 7, ""token"": ""7"", ""token_id"": 236832, ""probabilidad"": 0.0016991570591926575, ""logit"": 19.75}, {""nota"": 9, ""token"": ""9"", ""token_id"": 236819, ""probabilidad"": 0.0009094931301660836, ""logit"": 19.125}]"
143,Compara TDD con un enfoque tradicional de testing en el desarrollo de software.,"En un enfoque tradicional de testing se van añadiendo funcionalidades y se va dejando constancia en el repositorio a través de git add . y commit - m Cambio x. El problema de este enfoque es que no se segmenta cada funcionalidad de forma separada ni se prueba cada funcionalidad de forma separada muchas veces. También, al no trabajar muchas veces con features es más difícil luego entender el código en general.

Entonces es más difícil luego ver de donde vienen los errores al realizar los tests. Con TDD es mucho más fácil segmentar cada funcionalidad porque se crean tests para cada funcionalidad y se va probando el test a medida que se van implementando funcionalidades.

También en TDD normalmente se implementa cada feature en una rama diferente lo que permite leer el código mejor y entender mejor dónde está cada funcionalidad implementada en el código.",6.0,6.0,15.556,0.12921840233695472,1.0937010148417234,0.9996955990791321,0.9999916950670424,8.304932957559075e-06,4.625,0.975216755643487,"[{""token"": ""6"", ""token_id"": 236825, ""probabilidad"": 0.9848721027374268, ""es_nota"": true}, {""token"": ""7"", ""token_id"": 236832, ""probabilidad"": 0.009655347093939781, ""es_nota"": true}, {""token"": ""5"", ""token_id"": 236810, ""probabilidad"": 0.0051681348122656345, ""es_nota"": true}]","[{""nota"": 6, ""token"": ""6"", ""token_id"": 236825, ""probabilidad"": 0.9848721027374268, ""logit"": 26.25}, {""nota"": 7, ""token"": ""7"", ""token_id"": 236832, ""probabilidad"": 0.009655347093939781, ""logit"": 21.625}, {""nota"": 5, ""token"": ""5"", ""token_id"": 236810, ""probabilidad"": 0.0051681348122656345, ""logit"": 21.0}]"
144,Describe las buenas prácticas en TDD y su impacto en la calidad del software.,"Las buenas prácticas del TDD son las siguientes:

-Define claramente los requisitos del proyecto de software y los criterios con los que se puede verificar objetivamente que se ha cumplido con el requisito.

-Crea el test con los criterios que debe cumplir el requisito. Se hace para todos los requisitos que son las funcionalidades.

-Verifica que los tests compilan correctamente sin haber implementando las funcionalidades.

-Implementa una funcionalidad o pocas funcionalidades relacionadas entre sí y luego verifica con los tests que el programa compila correctamente.

-Separa las funcionalidades relacionadas entre sí en features diferentes.

-Repite el proceso con todas las funcionalidades.",6.0,8.0,14.879,0.15541729918225375,1.1137437217371517,0.999959409236908,0.9999831135240617,1.688647593833803e-05,3.875,0.9583262521773577,"[{""token"": ""8"", ""token_id"": 236828, ""probabilidad"": 0.9786372184753418, ""es_nota"": true}, {""token"": ""9"", ""token_id"": 236819, ""probabilidad"": 0.020310966297984123, ""es_nota"": true}, {""token"": ""7"", ""token_id"": 236832, ""probabilidad"": 0.0010112235322594643, ""es_nota"": true}]","[{""nota"": 8, ""token"": ""8"", ""token_id"": 236828, ""probabilidad"": 0.9786372184753418, ""logit"": 26.0}, {""nota"": 9, ""token"": ""9"", ""token_id"": 236819, ""probabilidad"": 0.020310966297984123, ""logit"": 22.125}, {""nota"": 7, ""token"": ""7"", ""token_id"": 236832, ""probabilidad"": 0.0010112235322594643, ""logit"": 19.125}]"
145,Explica el ciclo TDD  y su importancia en el desarrollo de software.,"TDD signifca test driven development, es una forma de desarrollar software en la que antes de escribir el codigo se escriben los test para probar si funciona el desarrollo.

de manera que se puede pobrar en cualquier momento si el codigo funciona y no se cae en el engaño de escribir test que sabes que se van a pasar a pesar de que tu codigo tenga bugs",5.0,7.0,14.063,0.08293547593442611,1.0591709625483838,0.9999921321868896,0.9999931314056394,6.868594360609492e-06,4.75,0.9818314956501126,"[{""token"": ""7"", ""token_id"": 236832, ""probabilidad"": 0.9904001355171204, ""es_nota"": true}, {""token"": ""8"", ""token_id"": 236828, ""probabilidad"": 0.008568639867007732, ""es_nota"": true}, {""token"": ""6"", ""token_id"": 236825, ""probabilidad"": 0.001023378106765449, ""es_nota"": true}]","[{""nota"": 7, ""token"": ""7"", ""token_id"": 236832, ""probabilidad"": 0.9904001355171204, ""logit"": 26.125}, {""nota"": 8, ""token"": ""8"", ""token_id"": 236828, ""probabilidad"": 0.008568639867007732, ""logit"": 21.375}, {""nota"": 6, ""token"": ""6"", ""token_id"": 236825, ""probabilidad"": 0.001023378106765449, ""logit"": 19.25}]"
146,Compara TDD con un enfoque tradicional de testing en el desarrollo de software.,"en el tdd los tests se escriben antes de escribir el codigo. en el enfoque tradicional los test se escriben el acabar de desarrollar el codigo y se usan para validar que se cumplen las funciones. 

en cambio en el tdd, se escriben los tests que deberia de pasar el codigo cuando esté implementado y despues de desarrolla el codigo pensando en pasar los tests . 

en un enfoque los tests son un mero tramite mientras que en el otro son el centro sobre el que gira todo.",9.0,9.0,14.799,0.08609676630259855,1.0614944044839423,0.9999663233757019,0.9999809608140023,1.903918599766019e-05,5.0,0.9838361605070531,"[{""token"": ""9"", ""token_id"": 236819, ""probabilidad"": 0.9905101656913757, ""es_nota"": true}, {""token"": ""8"", ""token_id"": 236828, ""probabilidad"": 0.006674005184322596, ""es_nota"": true}, {""token"": ""1"", ""token_id"": 236770, ""probabilidad"": 0.0027821394614875317, ""es_nota"": true}]","[{""nota"": 9, ""token"": ""9"", ""token_id"": 236819, ""probabilidad"": 0.9905101656913757, ""logit"": 25.625}, {""nota"": 8, ""token"": ""8"", ""token_id"": 236828, ""probabilidad"": 0.006674005184322596, ""logit"": 20.625}, {""nota"": 1, ""token"": ""1"", ""token_id"": 236770, ""probabilidad"": 0.0027821394614875317, ""logit"": 19.75}]"
147,Describe las buenas prácticas en TDD y su impacto en la calidad del software.,"escribir test para probar los escenarios tradicionales y los escenarios más extremos.

cambiar la concepcion de ver el desarrollo frente a la metodologia tradicional.

escribir los tests, desarrollar el codigo para que los pasen. una vez que los pasen, refactorizar, optimizar el codigo . verificar que se pasan los tests, refactorizar si es necesario , etc",6.0,7.0,14.185,0.23532605311719754,1.1771727514942742,0.9999858140945435,0.999986887993861,1.311200613896002e-05,3.25,0.9249495416879654,"[{""token"": ""7"", ""token_id"": 236832, ""probabilidad"": 0.9622604250907898, ""es_nota"": true}, {""token"": ""8"", ""token_id"": 236828, ""probabilidad"": 0.0373108834028244, ""es_nota"": true}, {""token"": ""6"", ""token_id"": 236825, ""probabilidad"": 0.0004144864797126502, ""es_nota"": true}]","[{""nota"": 7, ""token"": ""7"", ""token_id"": 236832, ""probabilidad"": 0.9622604250907898, ""logit"": 25.875}, {""nota"": 8, ""token"": ""8"", ""token_id"": 236828, ""probabilidad"": 0.0373108834028244, ""logit"": 22.625}, {""nota"": 6, ""token"": ""6"", ""token_id"": 236825, ""probabilidad"": 0.0004144864797126502, ""logit"": 18.125}]"
148,Explica la importancia de validar entradas en el contexto de TDD y cómo se relaciona con la robustez del software.,hay que validar las entradas en nuestro software ya que sino podria generar errores que no espamos ni tenemos contemplado en nuestros tests. un software robusto soporta fallos y tipo de ataques maliciosos,6.0,7.0,14.002,0.84032518031742,1.7904536607303847,0.9999902248382568,0.9999873204713254,1.2679528674564011e-05,1.0,0.4621073007583618,"[{""token"": ""7"", ""token_id"": 236832, ""probabilidad"": 0.7310430407524109, ""es_nota"": true}, {""token"": ""8"", ""token_id"": 236828, ""probabilidad"": 0.2689357399940491, ""es_nota"": true}, {""token"": "" "", ""token_id"": 236743, ""probabilidad"": 1.1469916898931842e-05, ""es_nota"": false}]","[{""nota"": 7, ""token"": ""7"", ""token_id"": 236832, ""probabilidad"": 0.7310430407524109, ""logit"": 25.125}, {""nota"": 8, ""token"": ""8"", ""token_id"": 236828, ""probabilidad"": 0.2689357399940491, ""logit"": 24.125}, {""nota"": 6, ""token"": ""6"", ""token_id"": 236825, ""probabilidad"": 6.956855941098183e-06, ""logit"": 13.5625}]"
149,Explica el ciclo TDD  y su importancia en el desarrollo de software.,"El clico TDD (Test-driven development) se basa en red-green-refactor.

En la primera parte red, se tiene que escribir un test que falle.

En la segunda parte green, se tiene que escribir el códgigo mínimo necesario para que pase el test.

Y en la tercera parte refactor, se refactoriza el código manteniendo los test en verde.

Esta metodología de desarrollo es muy importante porque ayuda a la mantenibilidad del código y a encontrar bugs, ya que nunca se escribe código de producción sin antes tener un test que falle.",10.0,10.0,14.792,0.004370734427972924,1.0030341560072835,0.9999998211860657,0.9999996978110723,3.0218892765887517e-07,8.0,0.9993289566191379,"[{""token"": ""1"", ""token_id"": 236770, ""probabilidad"": 0.999664306640625, ""es_nota"": true}, {""token"": ""9"", ""token_id"": 236819, ""probabilidad"": 0.0003353500214871019, ""es_nota"": true}, {""token"": "" "", ""token_id"": 236743, ""probabilidad"": 1.9743907841984765e-07, ""es_nota"": false}]","[{""nota"": 1, ""token"": ""1"", ""token_id"": 236770, ""probabilidad"": 0.999664306640625, ""logit"": 27.25}, {""nota"": 9, ""token"": ""9"", ""token_id"": 236819, ""probabilidad"": 0.0003353500214871019, ""logit"": 19.25}, {""nota"": 0, ""token"": ""0"", ""token_id"": 236771, ""probabilidad"": 2.6720474721741994e-08, ""logit"": 9.8125}]"
150,Compara TDD con un enfoque tradicional de testing en el desarrollo de software.,"A diferencia del enfoque tradicional, el uso de TDD hace que se piense primero en el diseño antes que en la implementación, lo que clarifica el enfoque final del proyecto. Además, ayuda a minimizar el código innecesario, ya que solo escribes código para pasar los tets, a parte de la refactorización.",7.0,8.0,14.131,0.10123179680291224,1.0726889511564837,0.999977171421051,0.999984048528537,1.5951471463049316e-05,4.375,0.9747914876788855,"[{""token"": ""8"", ""token_id"": 236828, ""probabilidad"": 0.9872187376022339, ""es_nota"": true}, {""token"": ""9"", ""token_id"": 236819, ""probabilidad"": 0.012427249923348427, ""es_nota"": true}, {""token"": ""7"", ""token_id"": 236832, ""probabilidad"": 0.0003311749896965921, ""es_nota"": true}]","[{""nota"": 8, ""token"": ""8"", ""token_id"": 236828, ""probabilidad"": 0.9872187376022339, ""logit"": 25.75}, {""nota"": 9, ""token"": ""9"", ""token_id"": 236819, ""probabilidad"": 0.012427249923348427, ""logit"": 21.375}, {""nota"": 7, ""token"": ""7"", ""token_id"": 236832, ""probabilidad"": 0.0003311749896965921, ""logit"": 17.75}]"
151,Describe las buenas prácticas en TDD y su impacto en la calidad del software.,"Las buenas prácticas del TDD son:

No escribir código de producción sin antes tener un tests que falle.

Escribir tests que fallen en el apartado red, luego el código mínimo necesario para que pasen en la fase green y por último refactorizar, es decir, mejorar el código, en la fase refactor.

Al emplear buenas prácticas, se consigue un código consistente, con menor probabilidades de bug. Además el buen uso de estas práctica hace que el ciclo de trabajo este mejor estructurado, dividiendo el trabajo en fases.",9.0,9.0,14.712,0.9330730295225603,1.9093386769535463,0.9999930262565613,0.9999934419854138,6.558014586155458e-06,0.625,0.30270665884017944,"[{""token"": ""9"", ""token_id"": 236819, ""probabilidad"": 0.6513482928276062, ""es_nota"": true}, {""token"": ""1"", ""token_id"": 236770, ""probabilidad"": 0.34864163398742676, ""es_nota"": true}, {""token"": ""0"", ""token_id"": 236771, ""probabilidad"": 3.116778316325508e-06, ""es_nota"": true}]","[{""nota"": 9, ""token"": ""9"", ""token_id"": 236819, ""probabilidad"": 0.6513482928276062, ""logit"": 24.5}, {""nota"": 1, ""token"": ""1"", ""token_id"": 236770, ""probabilidad"": 0.34864163398742676, ""logit"": 23.875}, {""nota"": 0, ""token"": ""0"", ""token_id"": 236771, ""probabilidad"": 3.116778316325508e-06, ""logit"": 12.25}]"
152,Explica la importancia de validar entradas en el contexto de TDD y cómo se relaciona con la robustez del software.,"Validar entradas es importante ya que, un error en una entrada puede hacer que el resto del test falle. También dependiendo de lo que haga el código, por ejemplo una suma de 2 números naturales, va a ver que validar todo tipo de entradas no válidas, como número decimales y demás. Esto es importante para la robustez del código por que es de lo que dependen los test en mayor medida.",6.0,8.0,14.107,0.5273189675833686,1.4412483613502138,0.9999939799308777,0.9999920353474695,7.964652530501048e-06,2.0,0.7615842670202255,"[{""token"": ""8"", ""token_id"": 236828, ""probabilidad"": 0.8807856440544128, ""es_nota"": true}, {""token"": ""7"", ""token_id"": 236832, ""probabilidad"": 0.11920137703418732, ""es_nota"": true}, {""token"": "" "", ""token_id"": 236743, ""probabilidad"": 6.948803729756037e-06, ""es_nota"": false}]","[{""nota"": 8, ""token"": ""8"", ""token_id"": 236828, ""probabilidad"": 0.8807856440544128, ""logit"": 25.5}, {""nota"": 7, ""token"": ""7"", ""token_id"": 236832, ""probabilidad"": 0.11920137703418732, ""logit"": 23.5}, {""nota"": 9, ""token"": ""9"", ""token_id"": 236819, ""probabilidad"": 4.214663022139575e-06, ""logit"": 13.25}]"
153,Explica el ciclo TDD  y su importancia en el desarrollo de software.,"TDD (Test Driven Development) tiene un ciclo de 3 pasos: Rojo, Verde y Refactor.

Paso 1, Rojo: Se empieza desarrollando el test, este va a fallar ya que sus clases y métodos aún no estarán desarrollados.

Paso 2, Verde: Se desarrolla la clases y los métodos mínimos para que el test pase en verde.

Paso 3, Refactor: Ahora se mejora el test para que sea más eficiente y óptimo(debe seguir en verde).

El ciclo TDD es importante en el desarrollo de software ya que provoca una constante revisión y permite que se testee la mayor parte del codigo de producción.",8.0,9.0,14.873,0.9974244690472385,1.9964327410852865,0.9999932050704956,0.9999933845214675,6.6154785325345244e-06,0.125,0.06241804361343384,"[{""token"": ""9"", ""token_id"": 236819, ""probabilidad"": 0.5312033891677856, ""es_nota"": true}, {""token"": ""1"", ""token_id"": 236770, ""probabilidad"": 0.4687853455543518, ""es_nota"": true}, {""token"": ""0"", ""token_id"": 236771, ""probabilidad"": 4.4611215344048105e-06, ""es_nota"": true}]","[{""nota"": 9, ""token"": ""9"", ""token_id"": 236819, ""probabilidad"": 0.5312033891677856, ""logit"": 24.75}, {""nota"": 1, ""token"": ""1"", ""token_id"": 236770, ""probabilidad"": 0.4687853455543518, ""logit"": 24.625}, {""nota"": 0, ""token"": ""0"", ""token_id"": 236771, ""probabilidad"": 4.4611215344048105e-06, ""logit"": 13.0625}]"
154,Compara TDD con un enfoque tradicional de testing en el desarrollo de software.,"TDD: primero tests y luego código de producción, mayor planificación de clases/métodos antes del desarrollo

Enfoque tradicional testing: primero código de producción y después tests, menos planificación de clases/métodos antes del desarrollo",8.0,9.0,14.188,0.6067814099715829,1.5228579863003417,0.9999819993972778,0.9999897004361749,1.0299563825144631e-05,1.75,0.7038189321756363,"[{""token"": ""9"", ""token_id"": 236819, ""probabilidad"": 0.8518478870391846, ""es_nota"": true}, {""token"": ""1"", ""token_id"": 236770, ""probabilidad"": 0.14802895486354828, ""es_nota"": true}, {""token"": ""8"", ""token_id"": 236828, ""probabilidad"": 0.00010512638255022466, ""es_nota"": true}]","[{""nota"": 9, ""token"": ""9"", ""token_id"": 236819, ""probabilidad"": 0.8518478870391846, ""logit"": 25.5}, {""nota"": 1, ""token"": ""1"", ""token_id"": 236770, ""probabilidad"": 0.14802895486354828, ""logit"": 23.75}, {""nota"": 8, ""token"": ""8"", ""token_id"": 236828, ""probabilidad"": 0.00010512638255022466, ""logit"": 16.5}]"
155,Describe las buenas prácticas en TDD y su impacto en la calidad del software.,"Buenas prácticas:

* Nomenclatura: should[acción]when[condición] , shouldDeletewhenIsNull()

* Solo un assertion por cada test

* Que al menos más de un 70% del código sea comprobado por tests",4.0,6.0,14.126,0.43054137753162725,1.3477392269392867,0.998547375202179,0.9999717604863321,2.8239513667926985e-05,2.625,0.857545018196106,"[{""token"": ""6"", ""token_id"": 236825, ""probabilidad"": 0.9245167970657349, ""es_nota"": true}, {""token"": ""7"", ""token_id"": 236832, ""probabilidad"": 0.0669717788696289, ""es_nota"": true}, {""token"": ""5"", ""token_id"": 236810, ""probabilidad"": 0.007058772724121809, ""es_nota"": true}]","[{""nota"": 6, ""token"": ""6"", ""token_id"": 236825, ""probabilidad"": 0.9245167970657349, ""logit"": 25.875}, {""nota"": 7, ""token"": ""7"", ""token_id"": 236832, ""probabilidad"": 0.0669717788696289, ""logit"": 23.25}, {""nota"": 5, ""token"": ""5"", ""token_id"": 236810, ""probabilidad"": 0.007058772724121809, ""logit"": 21.0}]"
156,Explica la importancia de validar entradas en el contexto de TDD y cómo se relaciona con la robustez del software.,"Validar entradas en TDD es importante ya que debemos saber en todo momento que dato corresponde a que variable. Si por cualquier mótivo existe un fallo en una variable en el testing, será más fácil localizarlo si esta variable está validada correctamente.",4.0,6.0,13.984,0.42311317626789346,1.3408177716738408,0.9999771118164062,0.999988035972937,1.1964027063049443e-05,2.375,0.8296079486608505,"[{""token"": ""6"", ""token_id"": 236825, ""probabilidad"": 0.9146870970726013, ""es_nota"": true}, {""token"": ""7"", ""token_id"": 236832, ""probabilidad"": 0.0850791484117508, ""es_nota"": true}, {""token"": ""5"", ""token_id"": 236810, ""probabilidad"": 0.00021089012443553656, ""es_nota"": true}]","[{""nota"": 6, ""token"": ""6"", ""token_id"": 236825, ""probabilidad"": 0.9146870970726013, ""logit"": 25.75}, {""nota"": 7, ""token"": ""7"", ""token_id"": 236832, ""probabilidad"": 0.0850791484117508, ""logit"": 23.375}, {""nota"": 5, ""token"": ""5"", ""token_id"": 236810, ""probabilidad"": 0.00021089012443553656, ""logit"": 17.375}]"
157,Explica el ciclo TDD  y su importancia en el desarrollo de software.,"TDD es TesT Driven Developement

El ciclo consiste en crear pruebas para que el códgio las falle en primera instancia y despúes refactorizar el código para superarlas.

Las pruebas se obtienen de una conversación donde hemos de obtener los requisitos que debe cumplir nuestro proyecto, si planteamos las pruebas a superar como esos objetivos que nuestro codigo debe cumplir, se obtiene una bateria de requisitos a cumplir y superar. Al fallar las pruebas, comenzamos a desarrollar o modificar nuestro codigo para ir superandolas poco a poco.

Podemos tener pruebas antes de tener el codigo, y construir para superarlas despues, podemos tener pruebas que hagan un control de errores una vez tengamos ya codigo funcional, o pruebas para implementar nuevas funcionalidades, test de casos limite, etc.

Ahi reside su importancia, la versatilidad y utilidad de cara a un desarrollo software que necesite respaldar unos requisitos de un proyecto y no esperar a la buena fe de un desarrollador",7.0,8.0,15.48,0.10101451246398784,1.072527405610184,0.9999886751174927,0.9999903409147917,9.659085208335583e-06,4.375,0.9748027287423611,"[{""token"": ""8"", ""token_id"": 236828, ""probabilidad"": 0.987230122089386, ""es_nota"": true}, {""token"": ""7"", ""token_id"": 236832, ""probabilidad"": 0.012427393347024918, ""es_nota"": true}, {""token"": ""9"", ""token_id"": 236819, ""probabilidad"": 0.0003311788022983819, ""es_nota"": true}]","[{""nota"": 8, ""token"": ""8"", ""token_id"": 236828, ""probabilidad"": 0.987230122089386, ""logit"": 26.375}, {""nota"": 7, ""token"": ""7"", ""token_id"": 236832, ""probabilidad"": 0.012427393347024918, ""logit"": 22.0}, {""nota"": 9, ""token"": ""9"", ""token_id"": 236819, ""probabilidad"": 0.0003311788022983819, ""logit"": 18.375}]"
158,Compara TDD con un enfoque tradicional de testing en el desarrollo de software.,"TDD estandariza y esto es siempre mejor en proyectos de varios desarrolladores o proyectos donde haya unos requisitos que implementar o a quien rendir cuentas.

El desarrollo tradicional no es malo per se, pero depende de las buenas practicas de desarrollo en lugar de estandarizar la codificacion de estas pruebas a superar sin esperar a ver que tan responsable es el equipo de desarrollo.

Además, los ciclos iterativos hacen que la implementacion de nuevas funcionalidades sigan garantizando el buen estado de nuestro codigo al seguir añadiendo requisitos o ramificando el desarrollo.",5.0,6.0,14.822,0.1254827354348744,1.0908726849194899,0.9996969103813171,0.9999926958678828,7.304132117247342e-06,4.875,0.9780072383582592,"[{""token"": ""6"", ""token_id"": 236825, ""probabilidad"": 0.9855318665504456, ""es_nota"": true}, {""token"": ""5"", ""token_id"": 236810, ""probabilidad"": 0.007524628192186356, ""es_nota"": true}, {""token"": ""7"", ""token_id"": 236832, ""probabilidad"": 0.00664046173915267, ""es_nota"": true}]","[{""nota"": 6, ""token"": ""6"", ""token_id"": 236825, ""probabilidad"": 0.9855318665504456, ""logit"": 26.5}, {""nota"": 5, ""token"": ""5"", ""token_id"": 236810, ""probabilidad"": 0.007524628192186356, ""logit"": 21.625}, {""nota"": 7, ""token"": ""7"", ""token_id"": 236832, ""probabilidad"": 0.00664046173915267, ""logit"": 21.5}]"
159,Describe las buenas prácticas en TDD y su impacto en la calidad del software.,"Ciclos iterativos donde se verifique el exito al superar las pruebas antes de añadir nuevas implementaciones.

Tener claro el tipo de requisitos es una buena practica, pues no es lo mismo un requisito funcional basico y troncal a la solucion software sobre la que desarrollar el codigo, que un control de errores, un test de casos limite, unos nuevos test para implementaciones añadidas una vez que nuestro codigo funciona, etc.

 

Reiterar el uso de ciclos para que, una vez pasamos los test, avanzar a otra fase de desarrollo, plantear los nuevos test, codificar para pasar los nuevos test y una vez superados seguimos comprobando que los anteriores funcionan, asi no arrastramos errores durante mucho tiempo de desarrollo y no pasa eso de darse cuenta una vez que es muy tarde o el desarrollo ha avanzado tanto que resulta muy complejo o costoso tirar el trabajo hecho como para volver atras por unos test que no nos dimos cuenta que dejaron de funcionar",7.0,8.0,15.407,0.9894873041961422,1.9854792784656692,0.999976396560669,0.999983066710373,1.6933289627041326e-05,0.25,0.12434813380241394,"[{""token"": ""8"", ""token_id"": 236828, ""probabilidad"": 0.5621545314788818, ""es_nota"": true}, {""token"": ""7"", ""token_id"": 236832, ""probabilidad"": 0.4378063976764679, ""es_nota"": true}, {""token"": "" "", ""token_id"": 236743, ""probabilidad"": 1.5479741705348715e-05, ""es_nota"": false}]","[{""nota"": 8, ""token"": ""8"", ""token_id"": 236828, ""probabilidad"": 0.5621545314788818, ""logit"": 25.0}, {""nota"": 7, ""token"": ""7"", ""token_id"": 236832, ""probabilidad"": 0.4378063976764679, ""logit"": 24.75}, {""nota"": 6, ""token"": ""6"", ""token_id"": 236825, ""probabilidad"": 1.4541870768880472e-05, ""logit"": 14.4375}]"
160,Explica la importancia de validar entradas en el contexto de TDD y cómo se relaciona con la robustez del software.,"Es muy importante validar las entradas en el contexto de TDD para asi evitar la entrada de datos no deseados o datos que no cumplan con el formato esperado y, a los que podemos aplicar un formateo hasta que sea el deseado.

Es como un estudio de dataset en una buena practica de datamining o inteligencia artificial, el contemplar como van a venir los datos ayuda a defnir como vamos a tratarlos y como vamos a codificar la solucion sobre ellos.",6.0,8.0,14.204,0.022149377309935294,1.0154712377866906,0.9999920725822449,0.9999931802154959,6.819784504119575e-06,6.375,0.996296183206141,"[{""token"": ""8"", ""token_id"": 236828, ""probabilidad"": 0.9979963898658752, ""es_nota"": true}, {""token"": ""7"", ""token_id"": 236832, ""probabilidad"": 0.0017002066597342491, ""es_nota"": true}, {""token"": ""9"", ""token_id"": 236819, ""probabilidad"": 0.00029545160941779613, ""es_nota"": true}]","[{""nota"": 8, ""token"": ""8"", ""token_id"": 236828, ""probabilidad"": 0.9979963898658752, ""logit"": 26.5}, {""nota"": 7, ""token"": ""7"", ""token_id"": 236832, ""probabilidad"": 0.0017002066597342491, ""logit"": 20.125}, {""nota"": 9, ""token"": ""9"", ""token_id"": 236819, ""probabilidad"": 0.00029545160941779613, ""logit"": 18.375}]"
161,Explica el ciclo TDD  y su importancia en el desarrollo de software.,"TDD (Test Driven Development) es una medotología de software que consiste en escribir los tests antes de escribir el código de producción, su ciclo es muy especifíco (Red, Green, Refactor). Sus principios fundamentales son, no escribir código de producción sin antes escribir un test que falle, no escribir más de un test unitario del que se necesita para fallar y no escribir más código de producción del necesario para pasar. Las ventajas del ciclo TDD son, mejora el diseño del codigo, documentación activa, confianza en los cambios, menos debugging y cobertura automatica. El ciclo TDD se usa especialmente para algoritmos críticos, APIs públicas y cuando el grupo de desarrolladores tiene experiencia en testing entre otras.",9.0,10.0,14.833,0.014609916597646393,1.010178272292476,0.9999992251396179,0.9999989977487483,1.0022512516583149e-06,6.625,0.9973488949472085,"[{""token"": ""1"", ""token_id"": 236770, ""probabilidad"": 0.9986739158630371, ""es_nota"": true}, {""token"": ""9"", ""token_id"": 236819, ""probabilidad"": 0.0013250209158286452, ""es_nota"": true}, {""token"": "" "", ""token_id"": 236743, ""probabilidad"": 3.2519952242182626e-07, ""es_nota"": false}]","[{""nota"": 1, ""token"": ""1"", ""token_id"": 236770, ""probabilidad"": 0.9986739158630371, ""logit"": 27.0}, {""nota"": 9, ""token"": ""9"", ""token_id"": 236819, ""probabilidad"": 0.0013250209158286452, ""logit"": 20.375}, {""nota"": 0, ""token"": ""0"", ""token_id"": 236771, ""probabilidad"": 5.308736206188769e-08, ""logit"": 10.25}]"
162,Compara TDD con un enfoque tradicional de testing en el desarrollo de software.,"En el ciclo TDD el test se escribe antes que el código, los tests sirven como validación, los tests son proactivos, y los tests son obligatorios. En un enfoque tradicional de testing el código se escribe antes que los tests, los tests sirven como verificación, los tests son reactivos, los tests son voluntarios.",10.0,10.0,14.102,0.0011486890769128082,1.0007965276548012,0.9999996423721313,0.999999561700357,4.382996430241093e-07,9.5,0.9998498135319096,"[{""token"": ""1"", ""token_id"": 236770, ""probabilidad"": 0.9999246597290039, ""es_nota"": true}, {""token"": ""9"", ""token_id"": 236819, ""probabilidad"": 7.484619709430262e-05, ""es_nota"": true}, {""token"": "" "", ""token_id"": 236743, ""probabilidad"": 1.4448714580339583e-07, ""es_nota"": false}]","[{""nota"": 1, ""token"": ""1"", ""token_id"": 236770, ""probabilidad"": 0.9999246597290039, ""logit"": 27.375}, {""nota"": 9, ""token"": ""9"", ""token_id"": 236819, ""probabilidad"": 7.484619709430262e-05, ""logit"": 17.875}, {""nota"": 8, ""token"": ""8"", ""token_id"": 236828, ""probabilidad"": 2.6727432711481924e-08, ""logit"": 9.9375}]"
163,Describe las buenas prácticas en TDD y su impacto en la calidad del software.,"Las buenas prácticas del TDD son las siguientes. Escribir los tests antes del código, y seguir el ciclo (RED, GREEN, REFACTOR). En el ciclo red o rojo escribirmos primero el test haciendo que este falle pues no hemos implementado todavía el código de producción, en el ciclo verde escribimos el código minimo necesario para que el test pase, y en la fase de refactorizar o refactorización mejoramos el código que hemos implementado anteriormente pero sin que los tests fallen, es decir, que los tests sigan pasando. Esto genera un buen impacto en la calidad del software como mejor diseño de código, documentación activa, confianza en los cambios, menos debbuging y cobertura automática.",9.0,10.0,14.864,0.38754081392383954,1.3081616388771882,0.9999960064888,0.9999960051872674,3.9948127326105975e-06,2.5,0.8482795432209969,"[{""token"": ""1"", ""token_id"": 236770, ""probabilidad"": 0.9241373538970947, ""es_nota"": true}, {""token"": ""9"", ""token_id"": 236819, ""probabilidad"": 0.07585781067609787, ""es_nota"": true}, {""token"": "" "", ""token_id"": 236743, ""probabilidad"": 8.180072654795367e-07, ""es_nota"": false}]","[{""nota"": 1, ""token"": ""1"", ""token_id"": 236770, ""probabilidad"": 0.9241373538970947, ""logit"": 26.0}, {""nota"": 9, ""token"": ""9"", ""token_id"": 236819, ""probabilidad"": 0.07585781067609787, ""logit"": 23.5}, {""nota"": 0, ""token"": ""0"", ""token_id"": 236771, ""probabilidad"": 5.984669542158372e-07, ""logit"": 11.75}]"
164,Explica el ciclo TDD  y su importancia en el desarrollo de software.,"Es una herramienta para relizar tests y que esta formado por 3 ciclos. EL primero es Red, que es el que no se puede ejectuar porque hace que se vea un error. Green, que es el que debe salir para que no de ningun error. Por último esta el report, en el que es una mejora de lo de antes.",3.0,6.0,14.148,0.10390333593638693,1.0746771644690314,0.999961256980896,0.9999864456314784,1.3554368521573323e-05,4.5,0.9765361836180091,"[{""token"": ""6"", ""token_id"": 236825, ""probabilidad"": 0.9875063896179199, ""es_nota"": true}, {""token"": ""7"", ""token_id"": 236832, ""probabilidad"": 0.010970205999910831, ""es_nota"": true}, {""token"": ""5"", ""token_id"": 236810, ""probabilidad"": 0.001484655775129795, ""es_nota"": true}]","[{""nota"": 6, ""token"": ""6"", ""token_id"": 236825, ""probabilidad"": 0.9875063896179199, ""logit"": 26.125}, {""nota"": 7, ""token"": ""7"", ""token_id"": 236832, ""probabilidad"": 0.010970205999910831, ""logit"": 21.625}, {""nota"": 5, ""token"": ""5"", ""token_id"": 236810, ""probabilidad"": 0.001484655775129795, ""logit"": 19.625}]"
165,Compara TDD con un enfoque tradicional de testing en el desarrollo de software.,EL enfoque tradicional de testing en el desarrollo del software es una forma de realizar test distinta a la de TDD ya que se puede realizar de forma más rapida y que se entienda mejor. Pero el TDD es una forma mas compleja y mas difícil.,1.0,3.0,14.07,0.9760047416261709,1.967010612907098,0.999971866607666,0.9999989166295563,1.0833704436885583e-06,0.375,0.18532231450080872,"[{""token"": ""3"", ""token_id"": 236800, ""probabilidad"": 0.5926318168640137, ""es_nota"": true}, {""token"": ""4"", ""token_id"": 236812, ""probabilidad"": 0.40730950236320496, ""es_nota"": true}, {""token"": ""2"", ""token_id"": 236778, ""probabilidad"": 3.0487863114103675e-05, ""es_nota"": true}]","[{""nota"": 3, ""token"": ""3"", ""token_id"": 236800, ""probabilidad"": 0.5926318168640137, ""logit"": 25.25}, {""nota"": 4, ""token"": ""4"", ""token_id"": 236812, ""probabilidad"": 0.40730950236320496, ""logit"": 24.875}, {""nota"": 2, ""token"": ""2"", ""token_id"": 236778, ""probabilidad"": 3.0487863114103675e-05, ""logit"": 15.375}]"
166,Describe las buenas prácticas en TDD y su impacto en la calidad del software.,"En el TDD se utiliza la palabra FIRST, fast, implementable, repetitible, self-vis, timely. Timely, realida cada paso en el tiempo adecuado. Fast lo realiza rápido. Self-vis, quiere decir que posee un autoservicio,",2.0,4.0,14.232,0.8860163525724176,1.8480660921226013,0.9998600482940674,0.9999970656511028,2.934348897198902e-06,0.875,0.4111274480819702,"[{""token"": ""4"", ""token_id"": 236812, ""probabilidad"": 0.7050260305404663, ""es_nota"": true}, {""token"": ""3"", ""token_id"": 236800, ""probabilidad"": 0.2938985824584961, ""es_nota"": true}, {""token"": ""5"", ""token_id"": 236810, ""probabilidad"": 0.000935414747800678, ""es_nota"": true}]","[{""nota"": 4, ""token"": ""4"", ""token_id"": 236812, ""probabilidad"": 0.7050260305404663, ""logit"": 26.375}, {""nota"": 3, ""token"": ""3"", ""token_id"": 236800, ""probabilidad"": 0.2938985824584961, ""logit"": 25.5}, {""nota"": 5, ""token"": ""5"", ""token_id"": 236810, ""probabilidad"": 0.000935414747800678, ""logit"": 19.75}]"
167,Explica la importancia de validar entradas en el contexto de TDD y cómo se relaciona con la robustez del software.,si no validas las entradas de TDD no sabras el porccentaje por lo que no sabes si te darán error los tests,1.0,3.0,13.488,0.3703824136977368,1.292695438684825,0.9999777674674988,0.9999978742027702,2.1257972298016625e-06,2.625,0.8638187050819397,"[{""token"": ""3"", ""token_id"": 236800, ""probabilidad"": 0.9312804341316223, ""es_nota"": true}, {""token"": ""4"", ""token_id"": 236812, ""probabilidad"": 0.06746172904968262, ""es_nota"": true}, {""token"": ""2"", ""token_id"": 236778, ""probabilidad"": 0.0012356046354398131, ""es_nota"": true}]","[{""nota"": 3, ""token"": ""3"", ""token_id"": 236800, ""probabilidad"": 0.9312804341316223, ""logit"": 26.375}, {""nota"": 4, ""token"": ""4"", ""token_id"": 236812, ""probabilidad"": 0.06746172904968262, ""logit"": 23.75}, {""nota"": 2, ""token"": ""2"", ""token_id"": 236778, ""probabilidad"": 0.0012356046354398131, ""logit"": 19.75}]"
168,Explica el ciclo TDD  y su importancia en el desarrollo de software.,"El ciclo tdd es una metodologia de software que consiste en implementar los test antes que el codigo y tiene 3 fases. La fase en la que haces el test y falla porque aun no lo has implementado (rojo). La fase en la que implementas el codigo justo y necesario para que el test pase (verde) y por ultimo la fase de refactorización en la que te dedicas a mejorar el codigo (añadir comentarios , excepciones , identacion , logs...) que has hecho, es decir, a refactorizarlo. Esto hace que el software implementado sea mas robusto al estar ya verificado y hecho en base a unas pruebas que ha tenido que pasar. Los casos edge hacen que el codigo sea menos propenso a tener fallos.",9.0,10.0,14.893,0.07124254552148136,1.0506211593248143,0.9999991059303284,0.9999989184338495,1.081566150529234e-06,4.75,0.9828438069671392,"[{""token"": ""1"", ""token_id"": 236770, ""probabilidad"": 0.9914212822914124, ""es_nota"": true}, {""token"": ""9"", ""token_id"": 236819, ""probabilidad"": 0.00857747532427311, ""es_nota"": true}, {""token"": "" "", ""token_id"": 236743, ""probabilidad"": 3.6582318330147245e-07, ""es_nota"": false}]","[{""nota"": 1, ""token"": ""1"", ""token_id"": 236770, ""probabilidad"": 0.9914212822914124, ""logit"": 26.625}, {""nota"": 9, ""token"": ""9"", ""token_id"": 236819, ""probabilidad"": 0.00857747532427311, ""logit"": 21.875}, {""nota"": 0, ""token"": ""0"", ""token_id"": 236771, ""probabilidad"": 1.2642510682780994e-07, ""logit"": 10.75}]"
169,Compara TDD con un enfoque tradicional de testing en el desarrollo de software.,"El ciclo TDD es una metodologia en la que tu implementas el test antes que el codigo , mientras que en el testing tradicional se implementa antes el codigo y luego los test. El ciclo TDD tiene ciertas ventajas frente a el enfoque tradicional, en el enfoque tradicional no sabias que pruebas tenia que pasar el codigo para que fuese mas robusto y menos propenso a tener errores , en el ciclo TDD si lo sabes ya que sabes que pruebas tiene que pasar el codigo desde el principio. Poniendo un ejemplo muy sencillo, quiero implementar una funcion sencilla que divida dos numeros; Haciendolo por el enfoque tradicional implementaria la funcion y luego el test, y que una division por 0 puede dar un error se me podria olvidar, en cambio con el ciclo TDD primero verificaria que el codigo resiste este fallo.",9.0,9.0,15.422,0.7259582097665496,1.6539988251684012,0.9999871253967285,0.9999894619771115,1.0538022888528786e-05,1.375,0.5963613539934158,"[{""token"": ""9"", ""token_id"": 236819, ""probabilidad"": 0.7981704473495483, ""es_nota"": true}, {""token"": ""1"", ""token_id"": 236770, ""probabilidad"": 0.2018090933561325, ""es_nota"": true}, {""token"": ""8"", ""token_id"": 236828, ""probabilidad"": 7.595663191750646e-06, ""es_nota"": true}]","[{""nota"": 9, ""token"": ""9"", ""token_id"": 236819, ""probabilidad"": 0.7981704473495483, ""logit"": 24.5}, {""nota"": 1, ""token"": ""1"", ""token_id"": 236770, ""probabilidad"": 0.2018090933561325, ""logit"": 23.125}, {""nota"": 8, ""token"": ""8"", ""token_id"": 236828, ""probabilidad"": 7.595663191750646e-06, ""logit"": 12.9375}]"
170,Describe las buenas prácticas en TDD y su impacto en la calidad del software.,"Implementar el test antes que el codigo, considerar y tener en cuenta los casos edge (casos que suelen causar fallos y mejoran la robustez del codigo) . Primero comprobar programar el codigo minimo para que los test pasen y luego refactorizar el codigo. El impacto en el software es claro y directo , un software mas robusto y solido. Mediante esta metodologia tratamos de reducir la posibilidad de excepciones en el codigo o fallos.",8.0,9.0,14.083,0.017022971482982527,1.0118693125078595,0.9999789595603943,0.9999835164259585,1.6483574041492588e-05,6.875,0.9975357636576518,"[{""token"": ""9"", ""token_id"": 236819, ""probabilidad"": 0.9985675811767578, ""es_nota"": true}, {""token"": ""8"", ""token_id"": 236828, ""probabilidad"": 0.0010318175191059709, ""es_nota"": true}, {""token"": ""1"", ""token_id"": 236770, ""probabilidad"": 0.00037958446773700416, ""es_nota"": true}]","[{""nota"": 9, ""token"": ""9"", ""token_id"": 236819, ""probabilidad"": 0.9985675811767578, ""logit"": 25.0}, {""nota"": 8, ""token"": ""8"", ""token_id"": 236828, ""probabilidad"": 0.0010318175191059709, ""logit"": 18.125}, {""nota"": 1, ""token"": ""1"", ""token_id"": 236770, ""probabilidad"": 0.00037958446773700416, ""logit"": 17.125}]"
171,Explica la importancia de validar entradas en el contexto de TDD y cómo se relaciona con la robustez del software.,"Validar las entradas en el contexto del TDD viene relaccionado con los datos que mete  el usuario en una aplicacion, por ejemplo en un formulario inicio de sesion verificar que el email tiene formato de email , es algo muy importante para que tenga sentido la aplicacion y hacer test verificando esto son test fundamentales ya que es bastante propenso a que el codigo pueda fallar en este punto o que metan datos en la base de datos que no son adecuados. Tiene mucho que ver con la robustez del codigo ya que si validamos las entradas, son mas test , son menos posibles fallos y por ende mas robustez del software.",9.0,9.0,14.741,0.14492923641304148,1.105676419025356,0.9999766945838928,0.999984089842035,1.5910157964982297e-05,3.875,0.9592380709946156,"[{""token"": ""9"", ""token_id"": 236819, ""probabilidad"": 0.979568362236023, ""es_nota"": true}, {""token"": ""8"", ""token_id"": 236828, ""probabilidad"": 0.020330291241407394, ""es_nota"": true}, {""token"": ""1"", ""token_id"": 236770, ""probabilidad"": 7.805137283867225e-05, ""es_nota"": true}]","[{""nota"": 9, ""token"": ""9"", ""token_id"": 236819, ""probabilidad"": 0.979568362236023, ""logit"": 25.0}, {""nota"": 8, ""token"": ""8"", ""token_id"": 236828, ""probabilidad"": 0.020330291241407394, ""logit"": 21.125}, {""nota"": 1, ""token"": ""1"", ""token_id"": 236770, ""probabilidad"": 7.805137283867225e-05, ""logit"": 15.5625}]"
172,Explica el ciclo TDD  y su importancia en el desarrollo de software.,"El ciclo TDD consta de 3 apartados:

Red: este hace que se vea un error

Green: con este hay que poner lo mínimo para que no de error

Report: y este es una mejora del anterior para que esté bien

Es importante para saber el grado de código que hay en estos apartados y el porcentaje, aunque tampoco te garantizas que aunque haya un 100% no de bugs",5.0,7.0,14.22,0.2673252903483688,1.203574370241077,0.9999873042106628,0.9999901567169304,9.843283069632669e-06,3.125,0.9144958555698395,"[{""token"": ""7"", ""token_id"": 236832, ""probabilidad"": 0.956522524356842, ""es_nota"": true}, {""token"": ""6"", ""token_id"": 236825, ""probabilidad"": 0.042026668787002563, ""es_nota"": true}, {""token"": ""8"", ""token_id"": 236828, ""probabilidad"": 0.0014380734646692872, ""es_nota"": true}]","[{""nota"": 7, ""token"": ""7"", ""token_id"": 236832, ""probabilidad"": 0.956522524356842, ""logit"": 25.75}, {""nota"": 6, ""token"": ""6"", ""token_id"": 236825, ""probabilidad"": 0.042026668787002563, ""logit"": 22.625}, {""nota"": 8, ""token"": ""8"", ""token_id"": 236828, ""probabilidad"": 0.0014380734646692872, ""logit"": 19.25}]"
173,Compara TDD con un enfoque tradicional de testing en el desarrollo de software.,"TDD comparado con un enfoque tradicional presenta mejoras como la rapidéz o la gran cobertura que tiene, además de la claridad que tiene y su complejidad, ya que tienes que tener información adicional para la comprensión de TDD. Por otro lado el enfoque tradicional se basa en escribir el código paso a paso y es algo más tedioso. TDD consigue suprimir todo esto y hacer que quede de manera mas clara.",3.0,6.0,14.194,0.1433761752268611,1.1044867988076479,0.9999616146087646,0.9999899642538702,1.0035746129788414e-05,4.0,0.96288344822824,"[{""token"": ""6"", ""token_id"": 236825, ""probabilidad"": 0.9808483123779297, ""es_nota"": true}, {""token"": ""7"", ""token_id"": 236832, ""probabilidad"": 0.017964864149689674, ""es_nota"": true}, {""token"": ""5"", ""token_id"": 236810, ""probabilidad"": 0.0011484551941975951, ""es_nota"": true}]","[{""nota"": 6, ""token"": ""6"", ""token_id"": 236825, ""probabilidad"": 0.9808483123779297, ""logit"": 26.25}, {""nota"": 7, ""token"": ""7"", ""token_id"": 236832, ""probabilidad"": 0.017964864149689674, ""logit"": 22.25}, {""nota"": 5, ""token"": ""5"", ""token_id"": 236810, ""probabilidad"": 0.0011484551941975951, ""logit"": 19.5}]"
174,Describe las buenas prácticas en TDD y su impacto en la calidad del software.,"Las buenas prácticas de TDD son las siguientes:

* Fast: hace que sea más rápido

* I

* R

* Self-service: posee un autoservicio

* Timely: hace que esté todo a tiempo

TDD hace que todo esté de manera mas clara y tengo un mejor diseño.",2.0,3.0,14.052,0.5306377880087413,1.4445676702458636,0.9998224973678589,0.9999955254345458,4.474565454160029e-06,2.625,0.8410705253481865,"[{""token"": ""3"", ""token_id"": 236800, ""probabilidad"": 0.9067556858062744, ""es_nota"": true}, {""token"": ""4"", ""token_id"": 236812, ""probabilidad"": 0.06568516045808792, ""es_nota"": true}, {""token"": ""2"", ""token_id"": 236778, ""probabilidad"": 0.027381649240851402, ""es_nota"": true}]","[{""nota"": 3, ""token"": ""3"", ""token_id"": 236800, ""probabilidad"": 0.9067556858062744, ""logit"": 26.625}, {""nota"": 4, ""token"": ""4"", ""token_id"": 236812, ""probabilidad"": 0.06568516045808792, ""logit"": 24.0}, {""nota"": 2, ""token"": ""2"", ""token_id"": 236778, ""probabilidad"": 0.027381649240851402, ""logit"": 23.125}]"
175,Explica la importancia de validar entradas en el contexto de TDD y cómo se relaciona con la robustez del software.,Es importante la validacion de entradas ya que te pueden dar distintos errores,2.0,4.0,13.43,0.8178629242893521,1.762792818490792,0.9999104738235474,0.9999988600101213,1.1399898787178842e-06,1.125,0.5091295689344406,"[{""token"": ""4"", ""token_id"": 236812, ""probabilidad"": 0.7538778781890869, ""es_nota"": true}, {""token"": ""3"", ""token_id"": 236800, ""probabilidad"": 0.2447483092546463, ""es_nota"": true}, {""token"": ""5"", ""token_id"": 236810, ""probabilidad"": 0.0012843214208260179, ""es_nota"": true}]","[{""nota"": 4, ""token"": ""4"", ""token_id"": 236812, ""probabilidad"": 0.7538778781890869, ""logit"": 26.5}, {""nota"": 3, ""token"": ""3"", ""token_id"": 236800, ""probabilidad"": 0.2447483092546463, ""logit"": 25.375}, {""nota"": 5, ""token"": ""5"", ""token_id"": 236810, ""probabilidad"": 0.0012843214208260179, ""logit"": 20.125}]"
176,Explica el ciclo TDD  y su importancia en el desarrollo de software.,"El ciclo tdd conocido como test drive development sigue un ciclo compuesto por tres tareas críticas:

La primera es realizar un test que falle (RED):  Esto se realiza para ver que elementos devemos incluir en nuestro api y ver que nos esta fallando. Con esto nos podemos hacer una idea de como debemos estructurar nuestro programa.

La segunda fase es realizar un test GREEN. El objetivo principal de este ciclo es hacer que todos los test pasen, con la ayuda del test rojo donde se nos indica que nos esta fallando. Completamos los fallos y los campos que están incompletos y realizaremos el test.

Por último realizamos el Refactor. El refactor es una fase de mejora sin modificar el código, en esta parte estructuramos nuestro programa añadiendo carpetas, cubrimos más elementos del test etc. El objetivo del refactor es que el código de nuestro programa quede limpio y estructurado.",6.0,9.0,15.541,0.8046054214636086,1.7466680110518993,0.9999590516090393,0.9999739387591341,2.6061240865904445e-05,1.125,0.5097937285900116,"[{""token"": ""9"", ""token_id"": 236819, ""probabilidad"": 0.7548612952232361, ""es_nota"": true}, {""token"": ""8"", ""token_id"": 236828, ""probabilidad"": 0.2450675666332245, ""es_nota"": true}, {""token"": ""1"", ""token_id"": 236770, ""probabilidad"": 3.024373836524319e-05, ""es_nota"": true}]","[{""nota"": 9, ""token"": ""9"", ""token_id"": 236819, ""probabilidad"": 0.7548612952232361, ""logit"": 24.625}, {""nota"": 8, ""token"": ""8"", ""token_id"": 236828, ""probabilidad"": 0.2450675666332245, ""logit"": 23.5}, {""nota"": 1, ""token"": ""1"", ""token_id"": 236770, ""probabilidad"": 3.024373836524319e-05, ""logit"": 14.5}]"
177,Compara TDD con un enfoque tradicional de testing en el desarrollo de software.,"Con los TDD podemos tener un programa más limpio y que sea legible para el resto de usuarios, también con este ciclo es más facil identificar los errores y también cubrir elementos de nuestros test. Es verdad que el proceso que sigue los TDD puede resultar más tedioso, ya que tienes que hacer más pasos y  su proceso es largo. Tampoco nos garantiza el cubrir todos los errores y elementos. Pero consigue que el programa quede limpio y ordenado.",3.0,6.0,14.15,0.11331956539269078,1.0817143430045355,0.9999018311500549,0.9999890163655787,1.0983634421313226e-05,4.5,0.9755385825410485,"[{""token"": ""6"", ""token_id"": 236825, ""probabilidad"": 0.9864975810050964, ""es_nota"": true}, {""token"": ""7"", ""token_id"": 236832, ""probabilidad"": 0.010958998464047909, ""es_nota"": true}, {""token"": ""5"", ""token_id"": 236810, ""probabilidad"": 0.0024452831130474806, ""es_nota"": true}]","[{""nota"": 6, ""token"": ""6"", ""token_id"": 236825, ""probabilidad"": 0.9864975810050964, ""logit"": 26.375}, {""nota"": 7, ""token"": ""7"", ""token_id"": 236832, ""probabilidad"": 0.010958998464047909, ""logit"": 21.875}, {""nota"": 5, ""token"": ""5"", ""token_id"": 236810, ""probabilidad"": 0.0024452831130474806, ""logit"": 20.375}]"
178,Describe las buenas prácticas en TDD y su impacto en la calidad del software.,"Organización: Los tdd nos permiten organizar mejor los servicios 

Pruebas: A diferencia de otras erramientas de testing los tdd te ofrecen más pruebas para evitar menos fallos

Los TDD utilizan microservicios para realizar las pruebas y incluir los elementos de los datos que van a ser tratados

Realizar un refactor para organizar nuestro código

Empezar con errores para luego evitar que aparezcan con nuestra aplicación avanzada",4.0,5.0,13.936,1.2295431931812038,2.344927296353059,0.9998872876167297,0.9999851335268232,1.4866473176833317e-05,1.125,0.45065371692180634,"[{""token"": ""5"", ""token_id"": 236810, ""probabilidad"": 0.6672915816307068, ""es_nota"": true}, {""token"": ""6"", ""token_id"": 236825, ""probabilidad"": 0.21663786470890045, ""es_nota"": true}, {""token"": ""4"", ""token_id"": 236812, ""probabilidad"": 0.11595787853002548, ""es_nota"": true}]","[{""nota"": 5, ""token"": ""5"", ""token_id"": 236810, ""probabilidad"": 0.6672915816307068, ""logit"": 25.5}, {""nota"": 6, ""token"": ""6"", ""token_id"": 236825, ""probabilidad"": 0.21663786470890045, ""logit"": 24.375}, {""nota"": 4, ""token"": ""4"", ""token_id"": 236812, ""probabilidad"": 0.11595787853002548, ""logit"": 23.75}]"
179,Explica la importancia de validar entradas en el contexto de TDD y cómo se relaciona con la robustez del software.,"Es importante validar las entradas para que nuestro test no de falsos positivos ya que es muy facil que suceda en el desarrollo de software. Validando las entradas evitamos estos falsos positivos. 

Un ejemplo sería que un dato de tipo int el programa lo tome como un string.",5.0,7.0,14.02,0.9349520578377902,1.9118271022540505,0.9999496936798096,0.9999807658654032,1.923413459681278e-05,0.625,0.30266693234443665,"[{""token"": ""7"", ""token_id"": 236832, ""probabilidad"": 0.6512627601623535, ""es_nota"": true}, {""token"": ""6"", ""token_id"": 236825, ""probabilidad"": 0.34859582781791687, ""es_nota"": true}, {""token"": ""8"", ""token_id"": 236828, ""probabilidad"": 9.107364894589409e-05, ""es_nota"": true}]","[{""nota"": 7, ""token"": ""7"", ""token_id"": 236832, ""probabilidad"": 0.6512627601623535, ""logit"": 25.0}, {""nota"": 6, ""token"": ""6"", ""token_id"": 236825, ""probabilidad"": 0.34859582781791687, ""logit"": 24.375}, {""nota"": 8, ""token"": ""8"", ""token_id"": 236828, ""probabilidad"": 9.107364894589409e-05, ""logit"": 16.125}]"
180,Explica el ciclo TDD  y su importancia en el desarrollo de software.,"El TDD o test-driven-development es un ciclo de test que consta en implementar antes los test que el codigo, este ciclo consta de 3 fases

1. red: haces el test antes de codigo por lo que dará fallo

2. green: pones el codigo minimo para que los test pasen

3. refactor: vuelves a mirar el codigo para cambiar alguna cosa como la estructura para que qeude mejor, pero siempre que pasen los test otra vez

La importancia del TDD radica en que los codigos son mas seguros e intentan garantizar que haya menos bugs, ya que compruebas que el test que vayas haciendo vaya funcionando. Ademas tiene una mejor mantenibilidad ya que estas constantemente haciendo pequeños cambios para que todo funcione correctamente.",9.0,9.0,14.918,0.8036177379493337,1.7454726338197057,0.9999925494194031,0.9999932252369524,6.774763047556753e-06,1.125,0.5098248273134232,"[{""token"": ""9"", ""token_id"": 236819, ""probabilidad"": 0.7549073696136475, ""es_nota"": true}, {""token"": ""1"", ""token_id"": 236770, ""probabilidad"": 0.2450825423002243, ""es_nota"": true}, {""token"": "" "", ""token_id"": 236743, ""probabilidad"": 2.6428301680425648e-06, ""es_nota"": false}]","[{""nota"": 9, ""token"": ""9"", ""token_id"": 236819, ""probabilidad"": 0.7549073696136475, ""logit"": 24.875}, {""nota"": 1, ""token"": ""1"", ""token_id"": 236770, ""probabilidad"": 0.2450825423002243, ""logit"": 23.75}, {""nota"": 0, ""token"": ""0"", ""token_id"": 236771, ""probabilidad"": 2.6428301680425648e-06, ""logit"": 12.3125}]"
181,Compara TDD con un enfoque tradicional de testing en el desarrollo de software.,"TDD tiene frente a otros enfoques mas tradicionales de testing, una mayor cobertura de test, ya que antes de implementar una funcion ya estas poniendo codigo, ademas tiene una mayor claridad final, esto se debe a que se minimiza el codigo necesario ya que pones solo el minimo necesario, por lo que la claridad mejora, y tiene tambien una mejor mantenibilidad frente a otras. Además, otra de las diferencias es que frente a codigos simples o sencillos no merece la pena usar el TDD, pues es una carga de trabajo y tardarás mas en hacer el programa, por lo que no merece la pena. Tambien requiere de un equipo competente y experto ya que hacer esto no es tarea fácil. Otra caracteristica es que hay que pensar en el diseño antes de implementar el codigo, ya que antes de escribir el codigo piensas en en los posibles test, en vez de hacerlos al final como se hace tradicionalmente.",8.0,8.0,15.291,0.8412907442923142,1.7916523729714537,0.9999459385871887,0.9999759852299559,2.4014770044100686e-05,1.0,0.462080180644989,"[{""token"": ""8"", ""token_id"": 236828, ""probabilidad"": 0.7310001254081726, ""es_nota"": true}, {""token"": ""9"", ""token_id"": 236819, ""probabilidad"": 0.2689199447631836, ""es_nota"": true}, {""token"": ""1"", ""token_id"": 236770, ""probabilidad"": 2.5846338758128695e-05, ""es_nota"": true}]","[{""nota"": 8, ""token"": ""8"", ""token_id"": 236828, ""probabilidad"": 0.7310001254081726, ""logit"": 24.5}, {""nota"": 9, ""token"": ""9"", ""token_id"": 236819, ""probabilidad"": 0.2689199447631836, ""logit"": 23.5}, {""nota"": 1, ""token"": ""1"", ""token_id"": 236770, ""probabilidad"": 2.5846338758128695e-05, ""logit"": 14.25}]"
182,Describe las buenas prácticas en TDD y su impacto en la calidad del software.,"Una de las principales buenas practicas es no escribir codigo para el programa sin tener los test hechos de antes, ademas otra es hacer todas las fases, es decir, la red (en la que los test fallan) hay que hacerlas tambien, ya que si no tienes un test que falla, no sabes cual sera el codigo minimo para arreglarlo por lo que no usaras el TDD ni su ciclo, por lo que deja de tener sentido. Con estas buenas prácticas habrá un gran impacto en la calidad de software, ya que tu trabajo quedará mas claro y mas optimo.",7.0,8.0,14.574,0.025736241735722167,1.0179990688042617,0.9999921917915344,0.9999929834839649,7.0165160350743605e-06,6.25,0.9957106650108472,"[{""token"": ""8"", ""token_id"": 236828, ""probabilidad"": 0.9976365566253662, ""es_nota"": true}, {""token"": ""7"", ""token_id"": 236832, ""probabilidad"": 0.0019258916145190597, ""es_nota"": true}, {""token"": ""9"", ""token_id"": 236819, ""probabilidad"": 0.00042972451774403453, ""es_nota"": true}]","[{""nota"": 8, ""token"": ""8"", ""token_id"": 236828, ""probabilidad"": 0.9976365566253662, ""logit"": 26.5}, {""nota"": 7, ""token"": ""7"", ""token_id"": 236832, ""probabilidad"": 0.0019258916145190597, ""logit"": 20.25}, {""nota"": 9, ""token"": ""9"", ""token_id"": 236819, ""probabilidad"": 0.00042972451774403453, ""logit"": 18.75}]"
183,Explica la importancia de validar entradas en el contexto de TDD y cómo se relaciona con la robustez del software.,"La importancia de validar entradas en el contexto TDD radica en que es importante que se hagan validaciones en lo que se va añadiendo para comprobar que funcione bien y que todo va entre lo que se ha especificado, por ejemplo si se añade un NotNull, se espera que el valor del campo no sea null y esas cosas, y se relaciona cpon la robustez de software ya que hace que el codigo tenga mas sentido y que todo lo que se ha añadido tiene sentido y funciona.",7.0,8.0,13.938,0.09722293370193477,1.0697123733463525,0.9999930262565613,0.9999936315400784,6.36845992163515e-06,4.375,0.9750958234071732,"[{""token"": ""8"", ""token_id"": 236828, ""probabilidad"": 0.9875269532203674, ""es_nota"": true}, {""token"": ""7"", ""token_id"": 236832, ""probabilidad"": 0.012431129813194275, ""es_nota"": true}, {""token"": ""9"", ""token_id"": 236819, ""probabilidad"": 3.491648749331944e-05, ""es_nota"": true}]","[{""nota"": 8, ""token"": ""8"", ""token_id"": 236828, ""probabilidad"": 0.9875269532203674, ""logit"": 26.25}, {""nota"": 7, ""token"": ""7"", ""token_id"": 236832, ""probabilidad"": 0.012431129813194275, ""logit"": 21.875}, {""nota"": 9, ""token"": ""9"", ""token_id"": 236819, ""probabilidad"": 3.491648749331944e-05, ""logit"": 16.0}]"
184,Explica el ciclo TDD  y su importancia en el desarrollo de software.,"El ciclo TDD tiene una importancia clave en el desarrollo de software, ya que permite crear un código, probado y de calidad. El ciclo TDD consta de tres fases, la primera denominada RED, consiste en hacer un test que falle. La siguiente fase se llama Green, que consiste en arreglar el test anterior red, incluyendo la del código del constructor que hace que falle la fase red. La tercera fase del ciclo TDD, denominada Refactor, consiste en coger el anterior código, el de la prueba green, refactorizando el código, consiguiendo así una mejora en el código y en los tests.",9.0,9.0,14.658,0.21081084060803462,1.1573384622628815,0.9999760389328003,0.9999871980804911,1.2801919508920179e-05,3.375,0.9337646998465061,"[{""token"": ""9"", ""token_id"": 236819, ""probabilidad"": 0.9668484330177307, ""es_nota"": true}, {""token"": ""1"", ""token_id"": 236770, ""probabilidad"": 0.033083733171224594, ""es_nota"": true}, {""token"": ""8"", ""token_id"": 236828, ""probabilidad"": 4.389485184219666e-05, ""es_nota"": true}]","[{""nota"": 9, ""token"": ""9"", ""token_id"": 236819, ""probabilidad"": 0.9668484330177307, ""logit"": 25.5}, {""nota"": 1, ""token"": ""1"", ""token_id"": 236770, ""probabilidad"": 0.033083733171224594, ""logit"": 22.125}, {""nota"": 8, ""token"": ""8"", ""token_id"": 236828, ""probabilidad"": 4.389485184219666e-05, ""logit"": 15.5}]"
185,Compara TDD con un enfoque tradicional de testing en el desarrollo de software.,"El TDD permite hacer una simplificación del proceso tradicional de testing, ya que lo reducimos a tres fases, Red, Green y refactor. Mientras que el testing tradicional es un proceso más lento, que no permite una documentación tan sencilla de realizar como con el TDD, ya que con este al ser de tres fases es muy sencillo llevar una buena documentación del código y que sea más fácil estructurar el código. Además el TDD, permite una mejor identificación de los errores, ya que al estar dividido por tres fases muy marcadas es más sencillo organizar los errores descubiertos, mientras que en el testing tradicional puede resultar más complejo.",5.0,7.0,14.825,0.6056211146166922,1.5216337118401035,0.9999876618385315,0.9999893175275552,1.0682472444845104e-05,1.75,0.7038770020008087,"[{""token"": ""7"", ""token_id"": 236832, ""probabilidad"": 0.8519181609153748, ""es_nota"": true}, {""token"": ""8"", ""token_id"": 236828, ""probabilidad"": 0.14804115891456604, ""es_nota"": true}, {""token"": ""6"", ""token_id"": 236825, ""probabilidad"": 2.8296713935560547e-05, ""es_nota"": true}]","[{""nota"": 7, ""token"": ""7"", ""token_id"": 236832, ""probabilidad"": 0.8519181609153748, ""logit"": 25.25}, {""nota"": 8, ""token"": ""8"", ""token_id"": 236828, ""probabilidad"": 0.14804115891456604, ""logit"": 23.5}, {""nota"": 6, ""token"": ""6"", ""token_id"": 236825, ""probabilidad"": 2.8296713935560547e-05, ""logit"": 14.9375}]"
186,Describe las buenas prácticas en TDD y su impacto en la calidad del software.,"Una de las buenas prácticas del TDD es empezar por los tests sin tener creadas las clases de estos mismos, para así obtener con éxito la primera fase, la Red, posteriormente, hay que crear estas clases para poder cumplir con éxito la fase Green. Mientras que para la fase de refactorización, es una buena práctica el refactorizar el código del green de una forma correcta y sencilla, para así poder realizar una buena documentación. Estas buenas prácticas tienen un gran impacto en la calidad del software, ya que permiten un código más organizado, mejorado y con una menor tasa de error.",6.0,9.0,14.61,0.8756745106473182,1.8348657501397925,0.9999632835388184,0.9999714154766248,2.8584523375174697e-05,0.875,0.4115302860736847,"[{""token"": ""9"", ""token_id"": 236819, ""probabilidad"": 0.7057168483734131, ""es_nota"": true}, {""token"": ""8"", ""token_id"": 236828, ""probabilidad"": 0.2941865622997284, ""es_nota"": true}, {""token"": ""1"", ""token_id"": 236770, ""probabilidad"": 5.985765528748743e-05, ""es_nota"": true}]","[{""nota"": 9, ""token"": ""9"", ""token_id"": 236819, ""probabilidad"": 0.7057168483734131, ""logit"": 24.125}, {""nota"": 8, ""token"": ""8"", ""token_id"": 236828, ""probabilidad"": 0.2941865622997284, ""logit"": 23.25}, {""nota"": 1, ""token"": ""1"", ""token_id"": 236770, ""probabilidad"": 5.985765528748743e-05, ""logit"": 14.75}]"
187,Explica la importancia de validar entradas en el contexto de TDD y cómo se relaciona con la robustez del software.,"Es vital validar las entradas en el contexto del TDD, ya que un código que no valida las entradas puede hacer que un test sea pasado, cuando luego en la aplicación real no funcione y así que el código no sea robusto y presente errores",6.0,9.0,13.795,0.7677274769578049,1.7025857690882973,0.9999460577964783,0.9999689630591897,3.103694081030284e-05,1.25,0.5545014888048172,"[{""token"": ""9"", ""token_id"": 236819, ""probabilidad"": 0.7771621942520142, ""es_nota"": true}, {""token"": ""8"", ""token_id"": 236828, ""probabilidad"": 0.22266070544719696, ""es_nota"": true}, {""token"": ""1"", ""token_id"": 236770, ""probabilidad"": 0.0001231501519214362, ""es_nota"": true}]","[{""nota"": 9, ""token"": ""9"", ""token_id"": 236819, ""probabilidad"": 0.7771621942520142, ""logit"": 24.75}, {""nota"": 8, ""token"": ""8"", ""token_id"": 236828, ""probabilidad"": 0.22266070544719696, ""logit"": 23.5}, {""nota"": 1, ""token"": ""1"", ""token_id"": 236770, ""probabilidad"": 0.0001231501519214362, ""logit"": 16.0}]"
188,Explica el ciclo TDD  y su importancia en el desarrollo de software.,"Este ciclo se basa en escribir pruebas antes de programar el código que pasará ese test, para posteriormente refactorizarlo y que lo siga pasando pero esté optimizado. El ciclo consta de tres pasos: red (test que no pasa), green (test que sí pasa) y refactor (donde se refactoriza para que siga pasando y el código quede más limpio y eficiente). Es una práctica importante en desarrollo, ya que permite escribir el código mínimo y necesario para realizar lo que se pretende y probar que funcione, garantizando calidad.",10.0,10.0,14.531,0.001143259547424341,1.0007927612011296,0.9999998807907104,0.9999997584218114,2.415781885645174e-07,9.5,0.9998500519359368,"[{""token"": ""1"", ""token_id"": 236770, ""probabilidad"": 0.999924898147583, ""es_nota"": true}, {""token"": ""9"", ""token_id"": 236819, ""probabilidad"": 7.484621164621785e-05, ""es_nota"": true}, {""token"": "" "", ""token_id"": 236743, ""probabilidad"": 1.1252672749151316e-07, ""es_nota"": false}]","[{""nota"": 1, ""token"": ""1"", ""token_id"": 236770, ""probabilidad"": 0.999924898147583, ""logit"": 27.25}, {""nota"": 9, ""token"": ""9"", ""token_id"": 236819, ""probabilidad"": 7.484621164621785e-05, ""logit"": 17.75}, {""nota"": 0, ""token"": ""0"", ""token_id"": 236771, ""probabilidad"": 5.963697535804613e-09, ""logit"": 8.3125}]"
189,Compara TDD con un enfoque tradicional de testing en el desarrollo de software.,"En un enfoque tradicional, primero se escribe el código, mientras que en TDD se escriben primero los test. De esta forma, en ocasiones se puede olvidar o restar valor al testing en enfoque tradicional, mientras que en TDD es considerado el núcleo del desarrollo, hasta que no pase en verde no se puede seguir desarrollando. Por otro lado, en enfoque tradicional se puede tender a realizar los test de lo que ya se ha programado, mientras que en TDD se contemplan varios casos y después se controlan mediante código.",9.0,9.0,14.578,0.765379182090238,1.699816700689686,0.9999907612800598,0.9999931790259009,6.820974099097654e-06,1.25,0.5545913875102997,"[{""token"": ""9"", ""token_id"": 236819, ""probabilidad"": 0.7772881984710693, ""es_nota"": true}, {""token"": ""1"", ""token_id"": 236770, ""probabilidad"": 0.22269681096076965, ""es_nota"": true}, {""token"": ""0"", ""token_id"": 236771, ""probabilidad"": 5.7607435337558854e-06, ""es_nota"": true}]","[{""nota"": 9, ""token"": ""9"", ""token_id"": 236819, ""probabilidad"": 0.7772881984710693, ""logit"": 25.0}, {""nota"": 1, ""token"": ""1"", ""token_id"": 236770, ""probabilidad"": 0.22269681096076965, ""logit"": 23.75}, {""nota"": 0, ""token"": ""0"", ""token_id"": 236771, ""probabilidad"": 5.7607435337558854e-06, ""logit"": 13.1875}]"
190,Describe las buenas prácticas en TDD y su impacto en la calidad del software.,"Las buenas prácticas de TDD son la refactorización, ya que permite mantener el código sencillo y funcional para lo que se evalua en el test que debe pasar. Por otro lado, es muy metódica, los pasos de desarrollo están bien definidos, primero se escribe el test, luego se programa el código para que lo pase y por último se mejora. Este enfoque tiene gran impacto en la calidad del software, ya que está orientado a test, por lo que los inlcuye y además garantiza que los pasa.",8.0,8.0,14.092,0.018279668252363858,1.012751111402622,0.9999894499778748,0.9999900746476376,9.925352362438744e-06,7.0,0.9975427879253402,"[{""token"": ""8"", ""token_id"": 236828, ""probabilidad"": 0.9984532594680786, ""es_nota"": true}, {""token"": ""7"", ""token_id"": 236832, ""probabilidad"": 0.000910471542738378, ""es_nota"": true}, {""token"": ""9"", ""token_id"": 236819, ""probabilidad"": 0.0006257572676986456, ""es_nota"": true}]","[{""nota"": 8, ""token"": ""8"", ""token_id"": 236828, ""probabilidad"": 0.9984532594680786, ""logit"": 26.125}, {""nota"": 7, ""token"": ""7"", ""token_id"": 236832, ""probabilidad"": 0.000910471542738378, ""logit"": 19.125}, {""nota"": 9, ""token"": ""9"", ""token_id"": 236819, ""probabilidad"": 0.0006257572676986456, ""logit"": 18.75}]"
191,Explica la importancia de validar entradas en el contexto de TDD y cómo se relaciona con la robustez del software.,"En los test que se escriben durante el proceso de TDD es importante validar entradas o casos extremos, para localizar posibles puntos donde el programa pueda fallar o generar errores y así controla su correcto funcionamiento. Esto aumenta la robustez del software y su respuesta frente a posibles errores de procesamiento de inputs u operaciones que superan el máximo valor de un tipo de dato y se desbordan.",9.0,10.0,13.972,0.9564423298859168,1.9405186919597377,0.9999950528144836,0.9999951316939231,4.868306076932782e-06,0.5,0.24491697549819946,"[{""token"": ""1"", ""token_id"": 236770, ""probabilidad"": 0.6224550604820251, ""es_nota"": true}, {""token"": ""9"", ""token_id"": 236819, ""probabilidad"": 0.3775380849838257, ""es_nota"": true}, {""token"": ""0"", ""token_id"": 236771, ""probabilidad"": 1.923077434184961e-06, ""es_nota"": true}]","[{""nota"": 1, ""token"": ""1"", ""token_id"": 236770, ""probabilidad"": 0.6224550604820251, ""logit"": 24.5}, {""nota"": 9, ""token"": ""9"", ""token_id"": 236819, ""probabilidad"": 0.3775380849838257, ""logit"": 24.0}, {""nota"": 0, ""token"": ""0"", ""token_id"": 236771, ""probabilidad"": 1.923077434184961e-06, ""logit"": 11.8125}]"
192,Explica el ciclo TDD  y su importancia en el desarrollo de software.,"Es una metodología desarrollo software que permite realizar test a un cóidgo

el ciclo se basa en una etapa roja: que es cuando se ejecutan los test y que salen erroneos, una etapa verde, donde se implementan cambios minimos para que los tests salgan válidos y la etapa de refacotirizar que consiste en implementar nuevas test para abarcar mas posibles errores.",4.0,7.0,14.017,0.19694774681886945,1.1462706680327783,0.9999899864196777,0.9999910183908216,8.981609178393413e-06,3.5,0.9409203045070171,"[{""token"": ""7"", ""token_id"": 236832, ""probabilidad"": 0.9702183604240417, ""es_nota"": true}, {""token"": ""8"", ""token_id"": 236828, ""probabilidad"": 0.029298055917024612, ""es_nota"": true}, {""token"": ""6"", ""token_id"": 236825, ""probabilidad"": 0.00047355901915580034, ""es_nota"": true}]","[{""nota"": 7, ""token"": ""7"", ""token_id"": 236832, ""probabilidad"": 0.9702183604240417, ""logit"": 26.125}, {""nota"": 8, ""token"": ""8"", ""token_id"": 236828, ""probabilidad"": 0.029298055917024612, ""logit"": 22.625}, {""nota"": 6, ""token"": ""6"", ""token_id"": 236825, ""probabilidad"": 0.00047355901915580034, ""logit"": 18.5}]"
193,Compara TDD con un enfoque tradicional de testing en el desarrollo de software.,"En el enfoque tradicional, primero se desarrollan los tests, luego se prueban y si están bien, se continúa hacia delante y sino, se corrigen pero luego no se implementan nuevos tests para abarcar mas código, en cambio, con el TDD, se realiza igual, pero se implementa la etapa de refactorización, que implementa nuevas funciones para cubrir mas excepciones.",2.0,3.0,14.006,0.7316790273320911,1.6605705611844803,0.9999842643737793,0.9999983566555386,1.6433444613994652e-06,1.375,0.5960660129785538,"[{""token"": ""3"", ""token_id"": 236800, ""probabilidad"": 0.797775149345398, ""es_nota"": true}, {""token"": ""4"", ""token_id"": 236812, ""probabilidad"": 0.20170913636684418, ""es_nota"": true}, {""token"": ""2"", ""token_id"": 236778, ""probabilidad"": 0.0004999869270250201, ""es_nota"": true}]","[{""nota"": 3, ""token"": ""3"", ""token_id"": 236800, ""probabilidad"": 0.797775149345398, ""logit"": 25.875}, {""nota"": 4, ""token"": ""4"", ""token_id"": 236812, ""probabilidad"": 0.20170913636684418, ""logit"": 24.5}, {""nota"": 2, ""token"": ""2"", ""token_id"": 236778, ""probabilidad"": 0.0004999869270250201, ""logit"": 18.5}]"
194,Describe las buenas prácticas en TDD y su impacto en la calidad del software.,"Un código bien estructurado, permite que sean mas legibles los tests pudiéndose comprobar la amplitud de su manejo de excepciones y el desarrollo de estos tests.

Tests estructurados, es decir, cumpliendo con el TDD, primero los tests que tienen una implementación mínima para corregir la fase roja y, más abajo, los tests refactorizados o los que pertenecen a dicha etapa, que cubren más funcionalidades y manejan más excepciones.",4.0,6.0,13.985,0.8773801248770031,1.8370362877304944,0.999929666519165,0.999979171558453,2.0828441547049437e-05,0.875,0.41147416830062866,"[{""token"": ""6"", ""token_id"": 236825, ""probabilidad"": 0.7056205868721008, ""es_nota"": true}, {""token"": ""7"", ""token_id"": 236832, ""probabilidad"": 0.29414641857147217, ""es_nota"": true}, {""token"": ""5"", ""token_id"": 236810, ""probabilidad"": 0.00016268777835648507, ""es_nota"": true}]","[{""nota"": 6, ""token"": ""6"", ""token_id"": 236825, ""probabilidad"": 0.7056205868721008, ""logit"": 25.375}, {""nota"": 7, ""token"": ""7"", ""token_id"": 236832, ""probabilidad"": 0.29414641857147217, ""logit"": 24.5}, {""nota"": 5, ""token"": ""5"", ""token_id"": 236810, ""probabilidad"": 0.00016268777835648507, ""logit"": 17.0}]"
195,Explica la importancia de validar entradas en el contexto de TDD y cómo se relaciona con la robustez del software.,"Al validar las entradas, permitimos que nuestro sistema esté cubriendo partes muy importantes, y que son muy propensas a fallar o a provocar errores inesperados, lo que fortalece el desarrollo del software, impidiéndo que un error pueda aparecer o que impida el desarrollo del sistema dando más seguridad al desarrollador de que su sistema cubre la mayoría de errores o su totalidad.",7.0,9.0,14.084,0.6469844946384615,1.5658917630046303,0.9999545812606812,0.9999725643159748,2.743568402518992e-05,1.625,0.6708827465772629,"[{""token"": ""9"", ""token_id"": 236819, ""probabilidad"": 0.8353785276412964, ""es_nota"": true}, {""token"": ""8"", ""token_id"": 236828, ""probabilidad"": 0.1644957810640335, ""es_nota"": true}, {""token"": ""1"", ""token_id"": 236770, ""probabilidad"": 8.028961019590497e-05, ""es_nota"": true}]","[{""nota"": 9, ""token"": ""9"", ""token_id"": 236819, ""probabilidad"": 0.8353785276412964, ""logit"": 24.75}, {""nota"": 8, ""token"": ""8"", ""token_id"": 236828, ""probabilidad"": 0.1644957810640335, ""logit"": 23.125}, {""nota"": 1, ""token"": ""1"", ""token_id"": 236770, ""probabilidad"": 8.028961019590497e-05, ""logit"": 15.5}]"
196,Explica el ciclo TDD  y su importancia en el desarrollo de software.,El ciclo TDD es un metodo para evaluar codigo y datos de tal manera que hay 3 fases. La primera fase es la roja en la que se hace un test pero este va a fallar. La segunda fase es la verde y se va a corregir ese test pero con el minimo codigo para que funcione y pueda pasar el test perfectamente. Y por último la fase refactor que esto lo que va a hacer es aumentar el codigo y hacer un test mas complejo para que se evalue correctamente.,5.0,7.0,14.147,0.1895854331887398,1.1404359578733936,0.9999864101409912,0.9999886881517697,1.1311848230333155e-05,3.625,0.9466860610991716,"[{""token"": ""7"", ""token_id"": 236832, ""probabilidad"": 0.9726051092147827, ""es_nota"": true}, {""token"": ""6"", ""token_id"": 236825, ""probabilidad"": 0.025919048115611076, ""es_nota"": true}, {""token"": ""8"", ""token_id"": 236828, ""probabilidad"": 0.001462252577766776, ""es_nota"": true}]","[{""nota"": 7, ""token"": ""7"", ""token_id"": 236832, ""probabilidad"": 0.9726051092147827, ""logit"": 25.75}, {""nota"": 6, ""token"": ""6"", ""token_id"": 236825, ""probabilidad"": 0.025919048115611076, ""logit"": 22.125}, {""nota"": 8, ""token"": ""8"", ""token_id"": 236828, ""probabilidad"": 0.001462252577766776, ""logit"": 19.25}]"
197,Compara TDD con un enfoque tradicional de testing en el desarrollo de software.,"Los TDD ya lo he mencionado anteriormente y se caracterizan por tener 3 fases (roja, verde, refactor). La roja es hacer un test que falle, la verde mejorar el test que falla y poner el minimo codigo para que funcione y refactor es mejorar ese test para que abarque mas codigo. En cambio el enfoque tradicional del testing solo hay una fase que ess simplemente hacer los test y estos se ejecutan, si da error modificas este test para que funcione pero todo en la misma fase lo que hace que sea mas lioso para quien lo este leyendo ya que al ser una fase no se puede evaluar bien todo el codigo.",4.0,7.0,14.832,0.39258097560009186,1.3127397905766447,0.9999871253967285,0.9999897000142638,1.0299985736206274e-05,2.5,0.8479351848363876,"[{""token"": ""7"", ""token_id"": 236832, ""probabilidad"": 0.9237622022628784, ""es_nota"": true}, {""token"": ""8"", ""token_id"": 236828, ""probabilidad"": 0.07582701742649078, ""es_nota"": true}, {""token"": ""6"", ""token_id"": 236825, ""probabilidad"": 0.000397903670091182, ""es_nota"": true}]","[{""nota"": 7, ""token"": ""7"", ""token_id"": 236832, ""probabilidad"": 0.9237622022628784, ""logit"": 25.5}, {""nota"": 8, ""token"": ""8"", ""token_id"": 236828, ""probabilidad"": 0.07582701742649078, ""logit"": 23.0}, {""nota"": 6, ""token"": ""6"", ""token_id"": 236825, ""probabilidad"": 0.000397903670091182, ""logit"": 17.75}]"
198,Describe las buenas prácticas en TDD y su impacto en la calidad del software.,"Las buenas prácticas son hacer tests unitarios, ya que estos son rápidos y sencillos, y esto va a permitir poder desarrollar de manera correcta las 3 fases. Otra buena practica es hacer tests con mvq ya que usando esto nos va a permitir hacer que sea mas legible y el codigo quede mejor estructurado.",3.0,6.0,13.893,0.15864679430871906,1.1162396467973277,0.9997003674507141,0.9999908509581303,9.14904186966048e-06,3.875,0.9580780155956745,"[{""token"": ""6"", ""token_id"": 236825, ""probabilidad"": 0.9783837199211121, ""es_nota"": true}, {""token"": ""5"", ""token_id"": 236810, ""probabilidad"": 0.020305704325437546, ""es_nota"": true}, {""token"": ""7"", ""token_id"": 236832, ""probabilidad"": 0.0010109615977853537, ""es_nota"": true}]","[{""nota"": 6, ""token"": ""6"", ""token_id"": 236825, ""probabilidad"": 0.9783837199211121, ""logit"": 26.375}, {""nota"": 5, ""token"": ""5"", ""token_id"": 236810, ""probabilidad"": 0.020305704325437546, ""logit"": 22.5}, {""nota"": 7, ""token"": ""7"", ""token_id"": 236832, ""probabilidad"": 0.0010109615977853537, ""logit"": 19.5}]"
199,Explica la importancia de validar entradas en el contexto de TDD y cómo se relaciona con la robustez del software.,En todos los contextos es muy importante validar la entrada pero en TDD es muy importante ya que con este metodo de validaciones es muy probable a que falle por lo que se necesita mirar la entrada estrictamente para su mayor funcionalidad y sacarle el mayor provecho a este metodo,4.0,6.0,13.899,0.5378612112307078,1.4518186067197978,0.9993609189987183,0.9999938194055318,6.180594468219169e-06,2.125,0.7824482321739197,"[{""token"": ""6"", ""token_id"": 236825, ""probabilidad"": 0.888573169708252, ""es_nota"": true}, {""token"": ""5"", ""token_id"": 236810, ""probabilidad"": 0.10612493753433228, ""es_nota"": true}, {""token"": ""4"", ""token_id"": 236812, ""probabilidad"": 0.004662804305553436, ""es_nota"": true}]","[{""nota"": 6, ""token"": ""6"", ""token_id"": 236825, ""probabilidad"": 0.888573169708252, ""logit"": 25.75}, {""nota"": 5, ""token"": ""5"", ""token_id"": 236810, ""probabilidad"": 0.10612493753433228, ""logit"": 23.625}, {""nota"": 4, ""token"": ""4"", ""token_id"": 236812, ""probabilidad"": 0.004662804305553436, ""logit"": 20.5}]"
200,Explica el ciclo TDD  y su importancia en el desarrollo de software.,"El ciclo TDD es un ciclo de 3 pasos. Empieza por el RED, que es el paso en el que se escribe un test que no pasa, entonces sale en rojo. El siguiente paso es el GREEN que es la implementación de la clase que hace que falle el test, pero con algo básico, no muy elaborado. Y el paso final es el REFACTOR, que es la ampliación de los test y de las clases de forma más sólida, no tan básica para cubrir diferentes aspectos con los test que se puedan dar en las clases. Primero hay que crear los test y después las clases. Es importante en el desarrollo de software ya que ayuda a evitar errores, y cubrir el máximo de aspectos posibles donde la API pueda fallar o surja algún problema.",6.0,9.0,14.739,0.04968402320111942,1.0350382065744896,0.9999722838401794,0.9999815148519127,1.8485148087332703e-05,5.375,0.9902082621119916,"[{""token"": ""9"", ""token_id"": 236819, ""probabilidad"": 0.9948151707649231, ""es_nota"": true}, {""token"": ""8"", ""token_id"": 236828, ""probabilidad"": 0.004606908652931452, ""es_nota"": true}, {""token"": ""1"", ""token_id"": 236770, ""probabilidad"": 0.0005502167041413486, ""es_nota"": true}]","[{""nota"": 9, ""token"": ""9"", ""token_id"": 236819, ""probabilidad"": 0.9948151707649231, ""logit"": 25.375}, {""nota"": 8, ""token"": ""8"", ""token_id"": 236828, ""probabilidad"": 0.004606908652931452, ""logit"": 20.0}, {""nota"": 1, ""token"": ""1"", ""token_id"": 236770, ""probabilidad"": 0.0005502167041413486, ""logit"": 17.875}]"
201,Compara TDD con un enfoque tradicional de testing en el desarrollo de software.,"El TDD simplifica el testing tradicional, ya que al ir paso a paso, primero implementando un test que falla, luego implementando la clase del test que falla para que pase, y luego haciéndolo más funcional y más sólido, ayuda a ver, a entender y a procesar mejor los test para poder cubrir mejor cualquier posible acción que pueda producir un fallo.",4.0,7.0,14.097,0.25777716820393853,1.1956351104162188,0.9999862909317017,0.9999887079325774,1.1292067422563612e-05,3.125,0.9153840392827988,"[{""token"": ""7"", ""token_id"": 236832, ""probabilidad"": 0.9574515223503113, ""es_nota"": true}, {""token"": ""8"", ""token_id"": 236828, ""probabilidad"": 0.04206748306751251, ""es_nota"": true}, {""token"": ""6"", ""token_id"": 236825, ""probabilidad"": 0.00046732756891287863, ""es_nota"": true}]","[{""nota"": 7, ""token"": ""7"", ""token_id"": 236832, ""probabilidad"": 0.9574515223503113, ""logit"": 25.75}, {""nota"": 8, ""token"": ""8"", ""token_id"": 236828, ""probabilidad"": 0.04206748306751251, ""logit"": 22.625}, {""nota"": 6, ""token"": ""6"", ""token_id"": 236825, ""probabilidad"": 0.00046732756891287863, ""logit"": 18.125}]"
202,Describe las buenas prácticas en TDD y su impacto en la calidad del software.,"Las buenas prácticas en TDD son siempre empezar realizando los test y a continuación creando las clases para cubrir esos test. Antes de realizar los test estudiar los requerimientos de dicho programa para después generar los test necesarios y como indique anteriormente, las clases. Tiene mucho impacto en la calidad del software ya que aplicando todos los test posibles y visualizando el porcentaje de coverage con los tests pasando, garantiza que está lo más probado posible ante errores.",7.0,8.0,13.914,0.0894293012255973,1.0639492240295236,0.9999899864196777,0.9999908694230657,9.13057693430197e-06,4.5,0.9778810748830438,"[{""token"": ""8"", ""token_id"": 236828, ""probabilidad"": 0.98886638879776, ""es_nota"": true}, {""token"": ""7"", ""token_id"": 236832, ""probabilidad"": 0.010985313914716244, ""es_nota"": true}, {""token"": ""9"", ""token_id"": 236819, ""probabilidad"": 0.0001382846967317164, ""es_nota"": true}]","[{""nota"": 8, ""token"": ""8"", ""token_id"": 236828, ""probabilidad"": 0.98886638879776, ""logit"": 26.25}, {""nota"": 7, ""token"": ""7"", ""token_id"": 236832, ""probabilidad"": 0.010985313914716244, ""logit"": 21.75}, {""nota"": 9, ""token"": ""9"", ""token_id"": 236819, ""probabilidad"": 0.0001382846967317164, ""logit"": 17.375}]"
203,Explica la importancia de validar entradas en el contexto de TDD y cómo se relaciona con la robustez del software.,"Es importante validar las entradas en el contexto de TDD ya que evitamos que no entren datos que no son. Por ejemplo si se está pidiendo un número, que no entre una palabra. Se relaciona, ya que se evitan problemas, y se guarda o se recibe la información pedida.",5.0,7.0,13.901,0.046145828338892136,1.0325028961197436,0.9999935030937195,0.9999940487810859,5.951218914113099e-06,5.625,0.991785213816911,"[{""token"": ""7"", ""token_id"": 236832, ""probabilidad"": 0.9953750967979431, ""es_nota"": true}, {""token"": ""6"", ""token_id"": 236825, ""probabilidad"": 0.003589882981032133, ""es_nota"": true}, {""token"": ""8"", ""token_id"": 236828, ""probabilidad"": 0.001028518658131361, ""es_nota"": true}]","[{""nota"": 7, ""token"": ""7"", ""token_id"": 236832, ""probabilidad"": 0.9953750967979431, ""logit"": 25.75}, {""nota"": 6, ""token"": ""6"", ""token_id"": 236825, ""probabilidad"": 0.003589882981032133, ""logit"": 20.125}, {""nota"": 8, ""token"": ""8"", ""token_id"": 236828, ""probabilidad"": 0.001028518658131361, ""logit"": 18.875}]"
204,Explica el ciclo TDD  y su importancia en el desarrollo de software.,"El ciclo TDD es una metodología de desarrollo del software que se utiliza para hacer pruebas y tests del código. Se compone de tres fases: rojo, verde y refactor. En la primera fase, creamos un test que va a fallar. Después, en la segunda fase, implementamos el código mínimo necesario para pasar el test. En la última fase, mejoramos el código, añadiendo validaciones extra y manejo de errores, perfeccionamos la estructura del proyecto, etc.

Es muy importante en el desarrollo del software ya que nos permite realizar tests antes de desarrollar todo el código",9.0,9.0,14.566,0.9974288840683313,1.9964388506967425,0.999992847442627,0.9999931843500697,6.8156499303251294e-06,0.125,0.062418073415756226,"[{""token"": ""9"", ""token_id"": 236819, ""probabilidad"": 0.5312033891677856, ""es_nota"": true}, {""token"": ""1"", ""token_id"": 236770, ""probabilidad"": 0.4687853157520294, ""es_nota"": true}, {""token"": ""0"", ""token_id"": 236771, ""probabilidad"": 4.190835625195177e-06, ""es_nota"": true}]","[{""nota"": 9, ""token"": ""9"", ""token_id"": 236819, ""probabilidad"": 0.5312033891677856, ""logit"": 24.625}, {""nota"": 1, ""token"": ""1"", ""token_id"": 236770, ""probabilidad"": 0.4687853157520294, ""logit"": 24.5}, {""nota"": 0, ""token"": ""0"", ""token_id"": 236771, ""probabilidad"": 4.190835625195177e-06, ""logit"": 12.875}]"
205,Compara TDD con un enfoque tradicional de testing en el desarrollo de software.,"En un enfoque tradicional de testing en el desarrollo de software se desarrolla todo el código y finalmente se hacen los tests para comprobar que todo funciona bien. Sin embargo, el TDD nos permite ir desarrollando el código a la vez que los tests. En vez de desarrollar todo el código y luego probarlo, vamos desarrollando el código en función de la etapa del ciclo en la que nos encontramos. Al principio implementamos muy poco código y hacemos que falle un test, después añadimos lo mínimo necesario para que este test pase, y finalmente añadimos extras al código para hacerlo más completo. Todo ello asegurandonos de que los tests siguen pasando.",8.0,9.0,14.621,0.057478194554785186,1.04064514077651,0.9999700784683228,0.999984303692081,1.569630791897758e-05,5.375,0.9894445249810815,"[{""token"": ""9"", ""token_id"": 236819, ""probabilidad"": 0.9940478801727295, ""es_nota"": true}, {""token"": ""1"", ""token_id"": 236770, ""probabilidad"": 0.0046033551916480064, ""es_nota"": true}, {""token"": ""8"", ""token_id"": 236828, ""probabilidad"": 0.0013188832672312856, ""es_nota"": true}]","[{""nota"": 9, ""token"": ""9"", ""token_id"": 236819, ""probabilidad"": 0.9940478801727295, ""logit"": 25.5}, {""nota"": 1, ""token"": ""1"", ""token_id"": 236770, ""probabilidad"": 0.0046033551916480064, ""logit"": 20.125}, {""nota"": 8, ""token"": ""8"", ""token_id"": 236828, ""probabilidad"": 0.0013188832672312856, ""logit"": 18.875}]"
206,Describe las buenas prácticas en TDD y su impacto en la calidad del software.,"Hay que seguir un orden según las fases del TDD, consiguiendo así un código bien estructurado y completo. También hay que implementar un número de tests que nos permita cubrir prácticamente todo nuestro código. Es muy importante comentar todo de forma que sea legible para otras personas. primero, tenemos que desarrollar muy poco código y hacer que un test falle. Después añadir lo mínimo necesario, de forma clara y ordenada.  Por último, refactorizar el código, hacerlo más completo, añadir validaciones extra y manejo de errores... También es fundamental separar bien el código y los tests, con una estructura clara y organizada.
Esto tiene un gran impacto en la calidad del software.",7.0,8.0,14.601,0.058831745948859024,1.0416219429513947,0.9999844431877136,0.9999866017571862,1.3398242813766892e-05,5.375,0.9892849903553724,"[{""token"": ""8"", ""token_id"": 236828, ""probabilidad"": 0.9938876032829285, ""es_nota"": true}, {""token"": ""9"", ""token_id"": 236819, ""probabilidad"": 0.004602612927556038, ""es_nota"": true}, {""token"": ""7"", ""token_id"": 236832, ""probabilidad"": 0.0014942495618015528, ""es_nota"": true}]","[{""nota"": 8, ""token"": ""8"", ""token_id"": 236828, ""probabilidad"": 0.9938876032829285, ""logit"": 26.375}, {""nota"": 9, ""token"": ""9"", ""token_id"": 236819, ""probabilidad"": 0.004602612927556038, ""logit"": 21.0}, {""nota"": 7, ""token"": ""7"", ""token_id"": 236832, ""probabilidad"": 0.0014942495618015528, ""logit"": 19.875}]"
207,Explica la importancia de validar entradas en el contexto de TDD y cómo se relaciona con la robustez del software.,"Es fundamental validar entradas en el contexto de TDD porque si no se hace los tests pueden dar errores que no podemos controlar ya que una entrada incorrecta es culpa del usuario. Es importante validar las entradas para que los tests pasen en verde y no den problemas. Por ejemplo no podemos permitir que en el campo de edad se introduzca una edad negativa.
También está muy relacionado con la robustez del software ya que evita errores por parte del usuario y no permite entradas inválidas o imposibles",7.0,9.0,14.103,0.7268319623727141,1.6550008550236532,0.9999691843986511,0.9999806220046231,1.937799537687912e-05,1.375,0.5963274091482162,"[{""token"": ""9"", ""token_id"": 236819, ""probabilidad"": 0.7981250286102295, ""es_nota"": true}, {""token"": ""8"", ""token_id"": 236828, ""probabilidad"": 0.20179761946201324, ""es_nota"": true}, {""token"": ""1"", ""token_id"": 236770, ""probabilidad"": 4.652643110603094e-05, ""es_nota"": true}]","[{""nota"": 9, ""token"": ""9"", ""token_id"": 236819, ""probabilidad"": 0.7981250286102295, ""logit"": 24.5}, {""nota"": 8, ""token"": ""8"", ""token_id"": 236828, ""probabilidad"": 0.20179761946201324, ""logit"": 23.125}, {""nota"": 1, ""token"": ""1"", ""token_id"": 236770, ""probabilidad"": 4.652643110603094e-05, ""logit"": 14.75}]"
208,Explica el ciclo TDD  y su importancia en el desarrollo de software.,"El ciclo TDD se basa en Red, Green y Refactor. Red se trata de crear tests que fallen; Green se trata de implementar tests con lo minimo necesario para que pasen; y Refactor se trata de mejorar el codigo de los tests. Es importante ya que con esto conseguimos que llevar un seguimiento medible de las fases de los tests mediante TDD.",7.0,8.0,13.947,0.05261495234637123,1.0371430916334077,0.9999861717224121,0.9999883437660233,1.1656233976697905e-05,5.625,0.9911166045349091,"[{""token"": ""8"", ""token_id"": 236828, ""probabilidad"": 0.9947040677070618, ""es_nota"": true}, {""token"": ""9"", ""token_id"": 236819, ""probabilidad"": 0.0035874631721526384, ""es_nota"": true}, {""token"": ""7"", ""token_id"": 236832, ""probabilidad"": 0.0016945976531133056, ""es_nota"": true}]","[{""nota"": 8, ""token"": ""8"", ""token_id"": 236828, ""probabilidad"": 0.9947040677070618, ""logit"": 26.5}, {""nota"": 9, ""token"": ""9"", ""token_id"": 236819, ""probabilidad"": 0.0035874631721526384, ""logit"": 20.875}, {""nota"": 7, ""token"": ""7"", ""token_id"": 236832, ""probabilidad"": 0.0016945976531133056, ""logit"": 20.125}]"
209,Compara TDD con un enfoque tradicional de testing en el desarrollo de software.,"En un enfoque tradicional de testing simplemente se trataría de aplicar tests fiables y con la intención de que estos pasasen las pruebas, mientras que en TDD este proceso se divide en tres fases, Red, Green y Refactor, de tal modo que mediante TDD estamos llevando a cabo un seguimiento de los tests en cada fase, en Red aplicamos tests que sepamos que van a fallar, mientras que en Green integramos tests con el codigo minimo para que estos pasen las pruebas, y en Refactor mejorariamos y ampliariamos el código para que no se conformase con lo minimo establecido en Green.",5.0,9.0,14.795,0.7676527311588625,1.702497560677414,0.9999502301216125,0.9999746906282968,2.5309371703197137e-05,1.25,0.5545038431882858,"[{""token"": ""9"", ""token_id"": 236819, ""probabilidad"": 0.7771654725074768, ""es_nota"": true}, {""token"": ""8"", ""token_id"": 236828, ""probabilidad"": 0.22266162931919098, ""es_nota"": true}, {""token"": ""1"", ""token_id"": 236770, ""probabilidad"": 0.00012315066123846918, ""es_nota"": true}]","[{""nota"": 9, ""token"": ""9"", ""token_id"": 236819, ""probabilidad"": 0.7771654725074768, ""logit"": 24.75}, {""nota"": 8, ""token"": ""8"", ""token_id"": 236828, ""probabilidad"": 0.22266162931919098, ""logit"": 23.5}, {""nota"": 1, ""token"": ""1"", ""token_id"": 236770, ""probabilidad"": 0.00012315066123846918, ""logit"": 16.0}]"
210,Describe las buenas prácticas en TDD y su impacto en la calidad del software.,"Una de las buenas prácticas en TDD se basa en aplicar pruebas unitarias al codigo, por ejemplo si cogiesemos y fuesemos aplicando pruebas a diferentes secciones del codigo estariamos aplicando pruebas unitarias. Esto tiene un gran impacto en la calidad de software ya que permite encontrar errores o bugs con mayor antelación, de tal modo que estaríamos mejorando la calidad del software ya que llevaríamos a cabo a lo largo del desarrollo de este pruebas por secciones de codigo. antes que aplicar estas pruebas al final de su desarrollo con el problema de que aparezcan errores o bugs y haya que solucionarlos cuando ya esta todo implementado.",4.0,7.0,14.642,0.6466184167086937,1.565494474820847,0.9999830722808838,0.9999882333326383,1.1766667361690075e-05,1.625,0.6708947271108627,"[{""token"": ""7"", ""token_id"": 236832, ""probabilidad"": 0.8353934288024902, ""es_nota"": true}, {""token"": ""6"", ""token_id"": 236825, ""probabilidad"": 0.1644987016916275, ""es_nota"": true}, {""token"": ""8"", ""token_id"": 236828, ""probabilidad"": 9.09816735656932e-05, ""es_nota"": true}]","[{""nota"": 7, ""token"": ""7"", ""token_id"": 236832, ""probabilidad"": 0.8353934288024902, ""logit"": 25.375}, {""nota"": 6, ""token"": ""6"", ""token_id"": 236825, ""probabilidad"": 0.1644987016916275, ""logit"": 23.75}, {""nota"": 8, ""token"": ""8"", ""token_id"": 236828, ""probabilidad"": 9.09816735656932e-05, ""logit"": 16.25}]"
211,Explica la importancia de validar entradas en el contexto de TDD y cómo se relaciona con la robustez del software.,"La validacion de entradas en TDD tiene mucha importancia debido a que de esta manera estariamos llevando a cabo un mayor control de codigo, esto a sus vez tambien tiene relacion con la robustez del software ya que estariamos incrementando la calidad de este.",4.0,7.0,13.849,0.11881039080631882,1.0858391382788608,0.9999934434890747,0.9999939623387437,6.037661256286242e-06,4.125,0.9681253489106894,"[{""token"": ""7"", ""token_id"": 236832, ""probabilidad"": 0.9840307235717773, ""es_nota"": true}, {""token"": ""8"", ""token_id"": 236828, ""probabilidad"": 0.01590537466108799, ""es_nota"": true}, {""token"": ""6"", ""token_id"": 236825, ""probabilidad"": 5.736374077969231e-05, ""es_nota"": true}]","[{""nota"": 7, ""token"": ""7"", ""token_id"": 236832, ""probabilidad"": 0.9840307235717773, ""logit"": 25.75}, {""nota"": 8, ""token"": ""8"", ""token_id"": 236828, ""probabilidad"": 0.01590537466108799, ""logit"": 21.625}, {""nota"": 6, ""token"": ""6"", ""token_id"": 236825, ""probabilidad"": 5.736374077969231e-05, ""logit"": 16.0}]"
212,Explica el ciclo TDD  y su importancia en el desarrollo de software.,"Primero se desarrollan los test los cuales fallarán al no haber un código que los pueda pasar.

Seguido se escribe el código correspondiente a dichos test hasta que sea capaz de pasarlos todos.

Finalmente se limpia el código para que sea más fácil de comprender y esté optimizado.

 

Este ciclo es bastante importante ya que obliga al desarrollador a cumplir con todos los requerimientos de la aplicación y le facilita la escritura del codigo de una manera ordenada.",10.0,10.0,14.022,0.013094198941270516,1.0091175207411534,0.9999997019767761,0.9999995891605664,4.108394335844423e-07,6.75,0.9976605107076466,"[{""token"": ""1"", ""token_id"": 236770, ""probabilidad"": 0.9988300204277039, ""es_nota"": true}, {""token"": ""9"", ""token_id"": 236819, ""probabilidad"": 0.001169509720057249, ""es_nota"": true}, {""token"": "" "", ""token_id"": 236743, ""probabilidad"": 1.8532207946009294e-07, ""es_nota"": false}]","[{""nota"": 1, ""token"": ""1"", ""token_id"": 236770, ""probabilidad"": 0.9988300204277039, ""logit"": 27.125}, {""nota"": 9, ""token"": ""9"", ""token_id"": 236819, ""probabilidad"": 0.001169509720057249, ""logit"": 20.375}, {""nota"": 0, ""token"": ""0"", ""token_id"": 236771, ""probabilidad"": 4.9878757124588446e-08, ""logit"": 10.3125}]"
213,Compara TDD con un enfoque tradicional de testing en el desarrollo de software.,"En el enfoque tradicional los test se construian tras terminar el código. Esto puede causar que ciertas funcionalidades se pasen por alto al crear los test en base al código ya escrito omitiendo el faltante además de que puede influir en el programador a crear test más sencillos y menos profundos.

 

Estos problemas no suceden tan frecuentemente en TDD con su planteamiento de crear los test primero para luego realizar un código que sea capaz de pasarlos omitiendo cualquier bias que pueda tener el programador",9.0,9.0,14.556,0.10080123798612518,1.0723688649559304,0.9999651908874512,0.9999748861358236,2.5113864176362632e-05,4.5,0.9768608398735523,"[{""token"": ""9"", ""token_id"": 236819, ""probabilidad"": 0.9878346920013428, ""es_nota"": true}, {""token"": ""8"", ""token_id"": 236828, ""probabilidad"": 0.010973852127790451, ""es_nota"": true}, {""token"": ""1"", ""token_id"": 236770, ""probabilidad"": 0.0011566354660317302, ""es_nota"": true}]","[{""nota"": 9, ""token"": ""9"", ""token_id"": 236819, ""probabilidad"": 0.9878346920013428, ""logit"": 25.25}, {""nota"": 8, ""token"": ""8"", ""token_id"": 236828, ""probabilidad"": 0.010973852127790451, ""logit"": 20.75}, {""nota"": 1, ""token"": ""1"", ""token_id"": 236770, ""probabilidad"": 0.0011566354660317302, ""logit"": 18.5}]"
214,Describe las buenas prácticas en TDD y su impacto en la calidad del software.,"Desarrollar tests que cubran bien las funcionalidades de la aplicación, no hacer trampas para que el codigo pase los tests (devolver directamente lo que solicita el test sin realizar las operaciones necesarias), completar los test hasta tener una buena cobertura del código (en torno a un 80% aprox), limpiar y optimizar el código tras pasar los test.

Todo esto mejora considerablemente el entorno de pruebas y la limpieza del software",8.0,8.0,13.992,0.2306560165534829,1.1733683773472912,0.9999812245368958,0.9999854021053701,1.4597894629875263e-05,3.25,0.9253072254359722,"[{""token"": ""8"", ""token_id"": 236828, ""probabilidad"": 0.9626325368881226, ""es_nota"": true}, {""token"": ""9"", ""token_id"": 236819, ""probabilidad"": 0.037325311452150345, ""es_nota"": true}, {""token"": ""7"", ""token_id"": 236832, ""probabilidad"": 2.3392769435304217e-05, ""es_nota"": true}]","[{""nota"": 8, ""token"": ""8"", ""token_id"": 236828, ""probabilidad"": 0.9626325368881226, ""logit"": 25.375}, {""nota"": 9, ""token"": ""9"", ""token_id"": 236819, ""probabilidad"": 0.037325311452150345, ""logit"": 22.125}, {""nota"": 7, ""token"": ""7"", ""token_id"": 236832, ""probabilidad"": 2.3392769435304217e-05, ""logit"": 14.75}]"
215,Explica la importancia de validar entradas en el contexto de TDD y cómo se relaciona con la robustez del software.,Los test se pueden usar para comprobar que los programas no tengan un error fatal al recibir un valor de entrada erroneo que pueda causar un error fatal en el programa como intentar pasar un valor alfabético en una variable exclusivamente numérica mejorando la robusted del software,6.0,8.0,14.042,0.09796133140384493,1.0702600118326882,0.9999901652336121,0.9999911697932351,8.830206764898207e-06,4.375,0.9750454444438219,"[{""token"": ""8"", ""token_id"": 236828, ""probabilidad"": 0.9874759316444397, ""es_nota"": true}, {""token"": ""7"", ""token_id"": 236832, ""probabilidad"": 0.01243048720061779, ""es_nota"": true}, {""token"": ""9"", ""token_id"": 236819, ""probabilidad"": 8.375596371479332e-05, ""es_nota"": true}]","[{""nota"": 8, ""token"": ""8"", ""token_id"": 236828, ""probabilidad"": 0.9874759316444397, ""logit"": 26.375}, {""nota"": 7, ""token"": ""7"", ""token_id"": 236832, ""probabilidad"": 0.01243048720061779, ""logit"": 22.0}, {""nota"": 9, ""token"": ""9"", ""token_id"": 236819, ""probabilidad"": 8.375596371479332e-05, ""logit"": 17.0}]"
216,Explica el ciclo TDD  y su importancia en el desarrollo de software.,"El ciclo TDD es una forma de desarrollar software y para comprobar el funcionmiento de un codigo en la se basa en 3 partes, las cuales son red, green y refactor.

Red: hacer un test que falle 

Green: arreglar ese mismo test con lo minimo necesario para que salga verde y por tanto este bien hecho

Refactor: como su propio nombre indica, refactorizar el codigo del test anterior para que sea mas sencillo y simple pero que el resultado sea el mismo, verde.",5.0,9.0,14.559,0.1929010528224573,1.1430599360088396,0.9999639391899109,0.9999743273219807,2.567267801933948e-05,3.5,0.9412590973079205,"[{""token"": ""9"", ""token_id"": 236819, ""probabilidad"": 0.9705677032470703, ""es_nota"": true}, {""token"": ""8"", ""token_id"": 236828, ""probabilidad"": 0.029308605939149857, ""es_nota"": true}, {""token"": ""1"", ""token_id"": 236770, ""probabilidad"": 8.763114601606503e-05, ""es_nota"": true}]","[{""nota"": 9, ""token"": ""9"", ""token_id"": 236819, ""probabilidad"": 0.9705677032470703, ""logit"": 25.125}, {""nota"": 8, ""token"": ""8"", ""token_id"": 236828, ""probabilidad"": 0.029308605939149857, ""logit"": 21.625}, {""nota"": 1, ""token"": ""1"", ""token_id"": 236770, ""probabilidad"": 8.763114601606503e-05, ""logit"": 15.8125}]"
217,Compara TDD con un enfoque tradicional de testing en el desarrollo de software.,"El enfoque tradicional se basa en escribir el codigo completo e ir comprobando si sale en verde o en rojo y ahi corregir si es necesario.

Por otro lado la metodologia TDD se base en desarrollar codigo en funcion de en que parte del ciclo te encuentres de forma ordenada y estructurada, siendo la primera fase, desarrollar el codigo de forma erronea en un principio, cambiar lo minimo necesario para que salga en verde y por ultimo la refactorización del codigo para que sea mas legible y facil de entender.

De esta forma, haces que quede mas ordenado a la hora de revisar el codigo y mas entendible y legible para una tercera persona que quiera comprobar el codigo.",4.0,7.0,14.839,0.9590664063662052,1.9440514573972782,0.999946653842926,0.9999840065831487,1.599341685132316e-05,0.5,0.24487045407295227,"[{""token"": ""7"", ""token_id"": 236832, ""probabilidad"": 0.6223368048667908, ""es_nota"": true}, {""token"": ""8"", ""token_id"": 236828, ""probabilidad"": 0.3774663507938385, ""es_nota"": true}, {""token"": ""6"", ""token_id"": 236825, ""probabilidad"": 0.00014348588592838496, ""es_nota"": true}]","[{""nota"": 7, ""token"": ""7"", ""token_id"": 236832, ""probabilidad"": 0.6223368048667908, ""logit"": 25.25}, {""nota"": 8, ""token"": ""8"", ""token_id"": 236828, ""probabilidad"": 0.3774663507938385, ""logit"": 24.75}, {""nota"": 6, ""token"": ""6"", ""token_id"": 236825, ""probabilidad"": 0.00014348588592838496, ""logit"": 16.875}]"
218,Describe las buenas prácticas en TDD y su impacto en la calidad del software.,"Las buenas practicas desarrollando codigo mediante TDD hace que tu codigo y los test que vayas a desarrollar esten bien estructurados y faciles de modificar una vez terminados.

Alguna de estas buenas practicas son el buen uso del cicle TDD, es decir, que siempre que lo utilices sigas siempre el orden establecido, ademas de que una vez comenzado este ciclo, no debes cambiar a otros metodos tradicionales.",4.0,7.0,14.122,0.5677763615189202,1.482237223905068,0.9999792575836182,0.9999836545399472,1.6345460052802352e-05,1.875,0.733955442905426,"[{""token"": ""7"", ""token_id"": 236832, ""probabilidad"": 0.8668986558914185, ""es_nota"": true}, {""token"": ""6"", ""token_id"": 236825, ""probabilidad"": 0.13294321298599243, ""es_nota"": true}, {""token"": ""8"", ""token_id"": 236828, ""probabilidad"": 0.00013736990513280034, ""es_nota"": true}]","[{""nota"": 7, ""token"": ""7"", ""token_id"": 236832, ""probabilidad"": 0.8668986558914185, ""logit"": 25.375}, {""nota"": 6, ""token"": ""6"", ""token_id"": 236825, ""probabilidad"": 0.13294321298599243, ""logit"": 23.5}, {""nota"": 8, ""token"": ""8"", ""token_id"": 236828, ""probabilidad"": 0.00013736990513280034, ""logit"": 16.625}]"
219,Explica la importancia de validar entradas en el contexto de TDD y cómo se relaciona con la robustez del software.,"Es muy importante validar las entradas ya que puede ocurrir que hayan entradas con errores como valores imposibles (en el contexto de el proyecto), valores nulos y parametros vacios por lo que puede generar inconsistencias en el codigo y esto puede afectar de forma dirtecta a su robustez.",6.0,8.0,13.953,0.7264456455689958,1.6545577474863138,0.9999701380729675,0.99997386873024,2.613126976003244e-05,1.375,0.596343457698822,"[{""token"": ""8"", ""token_id"": 236828, ""probabilidad"": 0.7981464862823486, ""es_nota"": true}, {""token"": ""9"", ""token_id"": 236819, ""probabilidad"": 0.2018030285835266, ""es_nota"": true}, {""token"": "" "", ""token_id"": 236743, ""probabilidad"": 2.064653381239623e-05, ""es_nota"": false}]","[{""nota"": 8, ""token"": ""8"", ""token_id"": 236828, ""probabilidad"": 0.7981464862823486, ""logit"": 24.5}, {""nota"": 9, ""token"": ""9"", ""token_id"": 236819, ""probabilidad"": 0.2018030285835266, ""logit"": 23.125}, {""nota"": 1, ""token"": ""1"", ""token_id"": 236770, ""probabilidad"": 9.161843081528787e-06, ""logit"": 13.125}]"
220,Explica el ciclo TDD  y su importancia en el desarrollo de software.,"El ciclo de TDD consta de 3 partes del ciclo: 
Rojo: el cual el test que has realizado no se puede realizar ya que no hay código que lo verifique.
Verde: que con el mínimo código el test pase a verde.
Refactor: que es pulir el código, ya sea poniendo nombre de variables que explique que hace, que los nombres de las funciones tengan sentido, etc
Esta metodología se utiliza para evitar futuros bugs, son muy buenos si quieres hacer tests unitarios, que significa que cada test verifica solo una cosa.",9.0,9.0,14.749,0.02491225004368137,1.017417807171513,0.9999761581420898,0.999986258585208,1.3741414792045603e-05,6.125,0.9954718993976712,"[{""token"": ""9"", ""token_id"": 236819, ""probabilidad"": 0.9976542592048645, ""es_nota"": true}, {""token"": ""1"", ""token_id"": 236770, ""probabilidad"": 0.0021823598071932793, ""es_nota"": true}, {""token"": ""8"", ""token_id"": 236828, ""probabilidad"": 0.00013951360597275198, ""es_nota"": true}]","[{""nota"": 9, ""token"": ""9"", ""token_id"": 236819, ""probabilidad"": 0.9976542592048645, ""logit"": 25.25}, {""nota"": 1, ""token"": ""1"", ""token_id"": 236770, ""probabilidad"": 0.0021823598071932793, ""logit"": 19.125}, {""nota"": 8, ""token"": ""8"", ""token_id"": 236828, ""probabilidad"": 0.00013951360597275198, ""logit"": 16.375}]"
221,Compara TDD con un enfoque tradicional de testing en el desarrollo de software.,"Normalmente lo que se hace primero es crear el código y luego hacer un test que verifique ello, en el caso de TDD es justo al revés, primero se crea un test unitario, osea que haga una función, ya sea por ejemplo que verifique que el código de el resultado correcot de una suma como puede ser 2+3 en este caso es 5, el test tiene que ver si el código realmente le da 5. Y luego se crea el código que haga esa función de sumar.",8.0,9.0,14.702,0.1170958604052714,1.0845494697393914,0.9999648928642273,0.9999798989792122,2.0101020787754997e-05,4.625,0.9765962371602654,"[{""token"": ""9"", ""token_id"": 236819, ""probabilidad"": 0.986265242099762, ""es_nota"": true}, {""token"": ""1"", ""token_id"": 236770, ""probabilidad"": 0.009669004939496517, ""es_nota"": true}, {""token"": ""8"", ""token_id"": 236828, ""probabilidad"": 0.0040306407026946545, ""es_nota"": true}]","[{""nota"": 9, ""token"": ""9"", ""token_id"": 236819, ""probabilidad"": 0.986265242099762, ""logit"": 25.625}, {""nota"": 1, ""token"": ""1"", ""token_id"": 236770, ""probabilidad"": 0.009669004939496517, ""logit"": 21.0}, {""nota"": 8, ""token"": ""8"", ""token_id"": 236828, ""probabilidad"": 0.0040306407026946545, ""logit"": 20.125}]"
222,Describe las buenas prácticas en TDD y su impacto en la calidad del software.,"Primero crear el test que quieres ahcer sobre una función, y luego el código que vaya a hacer esa función.
Tiene que seguir los ciclos que tiene TDD que son: rojo, verde, refactor. Y si sigues estas prácticas consigues que haya menos posibilidades de que salga un bug en alguna función te aseguras de que el código quede más limpio, también que cada función haga solo uan tarea. Que en al aprte de test también quede limpio ya sea, con nombres de las variables lógicas o de las funciones.",8.0,8.0,14.145,0.07254420192229745,1.051569498947153,0.999989926815033,0.9999917897669871,8.210233012895252e-06,4.75,0.9827622063457966,"[{""token"": ""8"", ""token_id"": 236828, ""probabilidad"": 0.9913389682769775, ""es_nota"": true}, {""token"": ""9"", ""token_id"": 236819, ""probabilidad"": 0.008576761931180954, ""es_nota"": true}, {""token"": ""7"", ""token_id"": 236832, ""probabilidad"": 7.420354086207226e-05, ""es_nota"": true}]","[{""nota"": 8, ""token"": ""8"", ""token_id"": 236828, ""probabilidad"": 0.9913389682769775, ""logit"": 25.75}, {""nota"": 9, ""token"": ""9"", ""token_id"": 236819, ""probabilidad"": 0.008576761931180954, ""logit"": 21.0}, {""nota"": 7, ""token"": ""7"", ""token_id"": 236832, ""probabilidad"": 7.420354086207226e-05, ""logit"": 16.25}]"
223,Explica la importancia de validar entradas en el contexto de TDD y cómo se relaciona con la robustez del software.,"Es que están ligados dependiendo de lo que permita dejar entrar el TDD el software será más robusto o no, Validar entradas es limitado por los test que tú pongas, si pones los test justos y necesarios la robustez del software será mucho menro que si haces más test que verfique si hay duplicado en la entrada o que hay alguno que tiene la variable con nada dentro, esot es en el caso de uan entidad que puede ser Libro y quiera entrar uno que no tiene un título, pues si no hay un test que se de cuenta de ello pues la robsutez del software es mucho menor de si tienes un test que tenga en cuenta eso.",6.0,7.0,14.709,0.1498126855397139,1.109425418814039,0.9999881982803345,0.9999897043362683,1.0295663731674232e-05,4.0,0.9621921181678772,"[{""token"": ""7"", ""token_id"": 236832, ""probabilidad"": 0.9801440834999084, ""es_nota"": true}, {""token"": ""8"", ""token_id"": 236828, ""probabilidad"": 0.01795196533203125, ""es_nota"": true}, {""token"": ""6"", ""token_id"": 236825, ""probabilidad"": 0.0018921231385320425, ""es_nota"": true}]","[{""nota"": 7, ""token"": ""7"", ""token_id"": 236832, ""probabilidad"": 0.9801440834999084, ""logit"": 25.75}, {""nota"": 8, ""token"": ""8"", ""token_id"": 236828, ""probabilidad"": 0.01795196533203125, ""logit"": 21.75}, {""nota"": 6, ""token"": ""6"", ""token_id"": 236825, ""probabilidad"": 0.0018921231385320425, ""logit"": 19.5}]"
224,Explica el ciclo TDD  y su importancia en el desarrollo de software.,"El TDD tiene mucha relevancia en el desarrollo de software ya qu lo que se esta realizando es principalmente la creacion de TESTS previos al codigo, una vez ya realizado el TEST se realizaría el código con el cual se verificaría la prueba se divide en tres partes:

RED: se realiza el test pero sin el codigo
GREEN: se realiza el codigo para que este funcione 
REFACTOR: el cual principalmente lo que hace es realizar el codigo de una forma mas optima.",7.0,9.0,14.074,0.21040129459174106,1.1570099686634123,0.9999798536300659,0.9999890592003128,1.094079968722017e-05,3.375,0.9337898567318916,"[{""token"": ""9"", ""token_id"": 236819, ""probabilidad"": 0.9668744802474976, ""es_nota"": true}, {""token"": ""1"", ""token_id"": 236770, ""probabilidad"": 0.033084623515605927, ""es_nota"": true}, {""token"": ""8"", ""token_id"": 236828, ""probabilidad"": 2.0735018551931717e-05, ""es_nota"": true}]","[{""nota"": 9, ""token"": ""9"", ""token_id"": 236819, ""probabilidad"": 0.9668744802474976, ""logit"": 25.25}, {""nota"": 1, ""token"": ""1"", ""token_id"": 236770, ""probabilidad"": 0.033084623515605927, ""logit"": 21.875}, {""nota"": 8, ""token"": ""8"", ""token_id"": 236828, ""probabilidad"": 2.0735018551931717e-05, ""logit"": 14.5}]"
225,Compara TDD con un enfoque tradicional de testing en el desarrollo de software.,En los enfoques tradicionales a comparación del TDD lo que se realiza primero es el codigo y ya después se realiza el codigo para verificar si hay errores en cambio en en el TDD nos centramos principalmente en primero realizar los test y ya despues hacer el codigo para asegurarnos de que el codigo que ya tenemos hechos no tenga errores.,7.0,8.0,14.046,0.1278800600583845,1.0926868936717808,0.9999377131462097,0.9999831701021947,1.6829897805270555e-05,4.375,0.9720206847414374,"[{""token"": ""8"", ""token_id"": 236828, ""probabilidad"": 0.9844126105308533, ""es_nota"": true}, {""token"": ""9"", ""token_id"": 236819, ""probabilidad"": 0.012391925789415836, ""es_nota"": true}, {""token"": ""7"", ""token_id"": 236832, ""probabilidad"": 0.0031331696081906557, ""es_nota"": true}]","[{""nota"": 8, ""token"": ""8"", ""token_id"": 236828, ""probabilidad"": 0.9844126105308533, ""logit"": 26.25}, {""nota"": 9, ""token"": ""9"", ""token_id"": 236819, ""probabilidad"": 0.012391925789415836, ""logit"": 21.875}, {""nota"": 7, ""token"": ""7"", ""token_id"": 236832, ""probabilidad"": 0.0031331696081906557, ""logit"": 20.5}]"
226,Describe las buenas prácticas en TDD y su impacto en la calidad del software.,"Las buenas prácticas de esta consistian principalmente en la realización y pensar en como se deberían realizar los test ya una vez con esto deberiamos de empezar a pensar en el código que vamos a querer que pase el test y una vez con esto lo que queremos hacer es que este codigo esté de la forma más optimizada posible, teniendo así un impacto muy considerable ya que el producto que sale de aquí está a muy alto nivel. A parte esta metodología es aplicada sobre todo a proyectos grandes e importantes, y no es tan funcional en proyectos más pequeños.",5.0,6.0,13.886,0.1599221721840432,1.117226866379409,0.9996170401573181,0.9999919094318155,8.09056818451559e-06,4.125,0.9639397133141756,"[{""token"": ""6"", ""token_id"": 236825, ""probabilidad"": 0.9797763228416443, ""es_nota"": true}, {""token"": ""5"", ""token_id"": 236810, ""probabilidad"": 0.01583660952746868, ""es_nota"": true}, {""token"": ""7"", ""token_id"": 236832, ""probabilidad"": 0.004004122223705053, ""es_nota"": true}]","[{""nota"": 6, ""token"": ""6"", ""token_id"": 236825, ""probabilidad"": 0.9797763228416443, ""logit"": 26.375}, {""nota"": 5, ""token"": ""5"", ""token_id"": 236810, ""probabilidad"": 0.01583660952746868, ""logit"": 22.25}, {""nota"": 7, ""token"": ""7"", ""token_id"": 236832, ""probabilidad"": 0.004004122223705053, ""logit"": 20.875}]"
227,Explica la importancia de validar entradas en el contexto de TDD y cómo se relaciona con la robustez del software.,"Tiene una importancia grande ya que sin la validez de las entradas , querria decir que el test no ha pasado siendo asi que nos tocaria modificar este y asegurarnos, por ejemplo si estamos realizando una web que tenga registro si permitimos que en el registro coloque el correo dos veces y no hacemos validación de ello habrán dos usuarios creados con el mismo correo haciendo que esto sea un lio total, y esto se relaciona con la robuste del sofware ya que cuanto más formas de dañar el sistema haya menos robusto será. Por lo cual es mejor validar las entradas para evitar fallos.",6.0,8.0,14.735,0.025816609808849297,1.018055779959529,0.9999919533729553,0.9999935645084522,6.435491547773786e-06,6.375,0.9959674286656082,"[{""token"": ""8"", ""token_id"": 236828, ""probabilidad"": 0.9976670742034912, ""es_nota"": true}, {""token"": ""9"", ""token_id"": 236819, ""probabilidad"": 0.0016996455378830433, ""es_nota"": true}, {""token"": ""7"", ""token_id"": 236832, ""probabilidad"": 0.0006252645398490131, ""es_nota"": true}]","[{""nota"": 8, ""token"": ""8"", ""token_id"": 236828, ""probabilidad"": 0.9976670742034912, ""logit"": 26.25}, {""nota"": 9, ""token"": ""9"", ""token_id"": 236819, ""probabilidad"": 0.0016996455378830433, ""logit"": 19.875}, {""nota"": 7, ""token"": ""7"", ""token_id"": 236832, ""probabilidad"": 0.0006252645398490131, ""logit"": 18.875}]"
228,Explica el ciclo TDD  y su importancia en el desarrollo de software.,"Es un ciclo que sirve para el desarrollar el codigo que tienes en tu programa y ver que funviona correctamente.
Con esto me refiero a que una vez que escribes el codigo haces una serie de test que validan si esta bien hecho o esta mal hecho.
Consta de tres etapas: 
- La etapa roja (primera): sirve para ver que tienes mal al principio los test.
- La etapa verde(segunda): con el codigo mas simple posible ver que estan bien hechos los test 
-La  etapa de refactorizacion (tercera): para hacerlo todo mejor y tener la version final.

En conclusion este ciclo te ayuda a entender y simplifica el desarrollo de software",4.0,7.0,14.958,0.605679778622054,1.5216955869700577,0.9999887943267822,0.9999901929028604,9.807097139602483e-06,1.75,0.7038736939430237,"[{""token"": ""7"", ""token_id"": 236832, ""probabilidad"": 0.8519141674041748, ""es_nota"": true}, {""token"": ""8"", ""token_id"": 236828, ""probabilidad"": 0.14804047346115112, ""es_nota"": true}, {""token"": ""6"", ""token_id"": 236825, ""probabilidad"": 3.413219019421376e-05, ""es_nota"": true}]","[{""nota"": 7, ""token"": ""7"", ""token_id"": 236832, ""probabilidad"": 0.8519141674041748, ""logit"": 25.375}, {""nota"": 8, ""token"": ""8"", ""token_id"": 236828, ""probabilidad"": 0.14804047346115112, ""logit"": 23.625}, {""nota"": 6, ""token"": ""6"", ""token_id"": 236825, ""probabilidad"": 3.413219019421376e-05, ""logit"": 15.25}]"
229,Compara TDD con un enfoque tradicional de testing en el desarrollo de software.,"El enfoque tradicional consiste en escribir el codigo y luego ejecuta los test, en cambio de otro modo se escriben primero los test y luego ya ejecutas el codigo para ver si lo tenias bien.
De la  forma TDD queda mucho mas claro tu codigo ,ademas es mas ordenado y sobre todo mas practico que en el modelo tradicional.",7.0,8.0,14.105,0.05999389868844505,1.0424613521512995,0.9999883770942688,0.999990867132873,9.132867127004118e-06,5.125,0.9875511303544044,"[{""token"": ""8"", ""token_id"": 236828, ""probabilidad"": 0.9934584498405457, ""es_nota"": true}, {""token"": ""7"", ""token_id"": 236832, ""probabilidad"": 0.005907319486141205, ""es_nota"": true}, {""token"": ""9"", ""token_id"": 236819, ""probabilidad"": 0.0006226268596947193, ""es_nota"": true}]","[{""nota"": 8, ""token"": ""8"", ""token_id"": 236828, ""probabilidad"": 0.9934584498405457, ""logit"": 26.25}, {""nota"": 7, ""token"": ""7"", ""token_id"": 236832, ""probabilidad"": 0.005907319486141205, ""logit"": 21.125}, {""nota"": 9, ""token"": ""9"", ""token_id"": 236819, ""probabilidad"": 0.0006226268596947193, ""logit"": 18.875}]"
230,Describe las buenas prácticas en TDD y su impacto en la calidad del software.,"Una buena practica utilizando TDD hace que tu codigo y tus test esten mucho mejor estructurados que de otra forma.

Ademas al seguir un orden es mas facil de detectar un error si lo tuvieses  y el codigo es mucho mas legible.
Por otro parte es mas sencillo entender lo que estas haciendo ya que consta de hacer tres test para que todo funcione en orden y correctamente y si te confundieses en una fase podrias arreglarlo facilmente",5.0,6.0,14.198,0.6496064261079111,1.5687401778240202,0.9999624490737915,0.9999783792003257,2.1620799674271218e-05,1.625,0.6707289069890976,"[{""token"": ""6"", ""token_id"": 236825, ""probabilidad"": 0.8351869583129883, ""es_nota"": true}, {""token"": ""7"", ""token_id"": 236832, ""probabilidad"": 0.16445805132389069, ""es_nota"": true}, {""token"": ""5"", ""token_id"": 236810, ""probabilidad"": 0.00031747875618748367, ""es_nota"": true}]","[{""nota"": 6, ""token"": ""6"", ""token_id"": 236825, ""probabilidad"": 0.8351869583129883, ""logit"": 25.375}, {""nota"": 7, ""token"": ""7"", ""token_id"": 236832, ""probabilidad"": 0.16445805132389069, ""logit"": 23.75}, {""nota"": 5, ""token"": ""5"", ""token_id"": 236810, ""probabilidad"": 0.00031747875618748367, ""logit"": 17.5}]"
231,Explica la importancia de validar entradas en el contexto de TDD y cómo se relaciona con la robustez del software.,"El validar las entradas en el contexto tienen mucha importancia pues necesitas saber si son correctas o no y si no las validases podrian ser erroneas y podrian perjudicar tu proyecto.

Ademas le da una mayor rigidez a tu programa (como ya he dicho anteriormente) haciendo que sea todo mas legible y mucho mas ordenado",4.0,7.0,14.318,0.22376988503514356,1.1677811145366903,0.9999879598617554,0.9999906703263173,9.329673682723083e-06,3.375,0.9326203651726246,"[{""token"": ""7"", ""token_id"": 236832, ""probabilidad"": 0.9656635522842407, ""es_nota"": true}, {""token"": ""6"", ""token_id"": 236825, ""probabilidad"": 0.033043187111616135, ""es_nota"": true}, {""token"": ""8"", ""token_id"": 236828, ""probabilidad"": 0.0012812234926968813, ""es_nota"": true}]","[{""nota"": 7, ""token"": ""7"", ""token_id"": 236832, ""probabilidad"": 0.9656635522842407, ""logit"": 25.75}, {""nota"": 6, ""token"": ""6"", ""token_id"": 236825, ""probabilidad"": 0.033043187111616135, ""logit"": 22.375}, {""nota"": 8, ""token"": ""8"", ""token_id"": 236828, ""probabilidad"": 0.0012812234926968813, ""logit"": 19.125}]"
232,Explica el ciclo TDD  y su importancia en el desarrollo de software.,"El ciclo TDD, es una metodologia de desarollo de sofware que contsa de tres partes
red - crear un test para un metodo que falle, puesto que todavia no esta implementado

green - Crear el codigo minimo necesario para que dicha prueba pase

refactor - Refactorizamos el codigo creado, pero manteniendo el test en verde es decir, prueba pasada

 

La importancia del TDD, es debido que favorece la documentacion en vivo , favorece un mejor diseño de codigo, hay menos dubbin y obtenemos cobertura casi total del codigo",10.0,9.0,14.745,0.9753560246075329,1.9661263328763021,0.999990701675415,0.9999920710775343,7.928922465705313e-06,0.375,0.1853308081626892,"[{""token"": ""9"", ""token_id"": 236819, ""probabilidad"": 0.592659056186676, ""es_nota"": true}, {""token"": ""1"", ""token_id"": 236770, ""probabilidad"": 0.4073282480239868, ""es_nota"": true}, {""token"": ""0"", ""token_id"": 236771, ""probabilidad"": 3.42080033988168e-06, ""es_nota"": true}]","[{""nota"": 9, ""token"": ""9"", ""token_id"": 236819, ""probabilidad"": 0.592659056186676, ""logit"": 24.5}, {""nota"": 1, ""token"": ""1"", ""token_id"": 236770, ""probabilidad"": 0.4073282480239868, ""logit"": 24.125}, {""nota"": 0, ""token"": ""0"", ""token_id"": 236771, ""probabilidad"": 3.42080033988168e-06, ""logit"": 12.4375}]"
233,Compara TDD con un enfoque tradicional de testing en el desarrollo de software.,"En otros enfoques por lo general, primero se realiza el codigo y luego las pruebas , esto provocara que haya partes del codigo que no se prueben debido a fallos en el equipo de testing, sin embargo TDD garantiza que cada funcion al menos tiene un test aprobado es decir funciona.

 

Por otro lado en tdd nos aseguramos que las nuevas funciones implementadas funcionan como se espera ya que hasta que no se pasa la prueba no se pasa a la siguiente funcion, sin embargo en enfoques mas tradicionales se agregan funciones y luego se prueban, lo que puede hacer que haya funciones que no funcionen bien y el equipo de desarrollo no se de cuenta hasta las pruebas.

 

Por otro lado la regresion es mas sencilla en TDD ya que si se agrega una nueva funcion y el programa falla sabemos con seguridad que ha sido la nueva funcionalidad, en otros enfoques habria que probar todas las funciones hasta dar con la que falla",9.0,9.0,15.582,0.19526333610985278,1.144933126951322,0.9999698996543884,0.9999770072769175,2.2992723082482236e-05,3.5,0.9410767238587141,"[{""token"": ""9"", ""token_id"": 236819, ""probabilidad"": 0.970379650592804, ""es_nota"": true}, {""token"": ""8"", ""token_id"": 236828, ""probabilidad"": 0.02930292673408985, ""es_nota"": true}, {""token"": ""1"", ""token_id"": 236770, ""probabilidad"": 0.00028727579046972096, ""es_nota"": true}]","[{""nota"": 9, ""token"": ""9"", ""token_id"": 236819, ""probabilidad"": 0.970379650592804, ""logit"": 24.875}, {""nota"": 8, ""token"": ""8"", ""token_id"": 236828, ""probabilidad"": 0.02930292673408985, ""logit"": 21.375}, {""nota"": 1, ""token"": ""1"", ""token_id"": 236770, ""probabilidad"": 0.00028727579046972096, ""logit"": 16.75}]"
234,Describe las buenas prácticas en TDD y su impacto en la calidad del software.,"* Usar sintaxis estandar para metodos test when[condicion]should[accion]

* Usar sintaxis estandar para las clases test libros.java - aplicacion librosTest.java seran las pruebas

* Usar AAA para las pruebas (arrange,act,assert)

* Las pruebas deben ser independientes de los datos

* Los datos de pruebas tienen que estar bien definidos y descritos ej data=[1,3,7] estaria mal seria algo tipo numeros_primos=[1,2,7]

* Hacer una sola comprobacion por test

 

De esta manera nos aseguramos que el software sea modular, mas desacoplado, no haya codigo muerto y aplicamos el patron YAGNI (You arent gonna need it)",9.0,8.0,15.617,0.8415190732937048,1.7919359523554603,0.9999611377716064,0.9999787849533761,2.1215046623890288e-05,1.0,0.462070494890213,"[{""token"": ""8"", ""token_id"": 236828, ""probabilidad"": 0.7309848070144653, ""es_nota"": true}, {""token"": ""7"", ""token_id"": 236832, ""probabilidad"": 0.2689143121242523, ""es_nota"": true}, {""token"": ""9"", ""token_id"": 236819, ""probabilidad"": 6.200084317242727e-05, ""es_nota"": true}]","[{""nota"": 8, ""token"": ""8"", ""token_id"": 236828, ""probabilidad"": 0.7309848070144653, ""logit"": 25.5}, {""nota"": 7, ""token"": ""7"", ""token_id"": 236832, ""probabilidad"": 0.2689143121242523, ""logit"": 24.5}, {""nota"": 9, ""token"": ""9"", ""token_id"": 236819, ""probabilidad"": 6.200084317242727e-05, ""logit"": 16.125}]"
235,Explica la importancia de validar entradas en el contexto de TDD y cómo se relaciona con la robustez del software.,"Es fundamental, ya que entradas errornas (vacias, null, valores inesperados), hacen que el codigo o bien falle o bien no se comporte como deberia, es fudanmental validarlas para evitar fallos ya sean logicos o directamente errores.

Un codigo con las entradas validadas y cubiertas permitira que el programa funcione bajo cualquier condicion sin romperse, ni dar problemas haciendolo mas robusto",7.0,9.0,14.182,0.023517863324508653,1.016434932430938,0.9999747276306152,0.9999849185384879,1.5081461512078675e-05,6.5,0.9964221643749624,"[{""token"": ""9"", ""token_id"": 236819, ""probabilidad"": 0.9979224801063538, ""es_nota"": true}, {""token"": ""1"", ""token_id"": 236770, ""probabilidad"": 0.0015003157313913107, ""es_nota"": true}, {""token"": ""8"", ""token_id"": 236828, ""probabilidad"": 0.0005519352853298187, ""es_nota"": true}]","[{""nota"": 9, ""token"": ""9"", ""token_id"": 236819, ""probabilidad"": 0.9979224801063538, ""logit"": 25.25}, {""nota"": 1, ""token"": ""1"", ""token_id"": 236770, ""probabilidad"": 0.0015003157313913107, ""logit"": 18.75}, {""nota"": 8, ""token"": ""8"", ""token_id"": 236828, ""probabilidad"": 0.0005519352853298187, ""logit"": 17.75}]"
236,Explica el ciclo TDD  y su importancia en el desarrollo de software.,"TDD son las siglas de Test Driven Development, es una práctica de programación bastante extendida en entornos donde se requiere que el código sea lo más preciso posible y que carezca de bugs no esperados, de esta manera tenemos un primer estado en Rojo, donde se requiere al progamador que realice los test del código sin haber escrito este antes, el siguiente estado sería el Verde donde podemos ver que el programador ha escrito su código con éxito pasando así todos los test realizados en la anterior fase, por último y no menos importante tenemos el refactoring que es la tercera fase, en la cual el programador refactoriza su código sin fallar ningún test de los que ya tenía en verde de la fase anterior.",9.0,10.0,14.725,0.05229561948930832,1.0369135509432725,0.9999990463256836,0.999999029039911,9.709600889973302e-07,5.125,0.9881766350008547,"[{""token"": ""1"", ""token_id"": 236770, ""probabilidad"": 0.9940876960754395, ""es_nota"": true}, {""token"": ""9"", ""token_id"": 236819, ""probabilidad"": 0.0059110610745847225, ""es_nota"": true}, {""token"": "" "", ""token_id"": 236743, ""probabilidad"": 3.237061036998057e-07, ""es_nota"": false}]","[{""nota"": 1, ""token"": ""1"", ""token_id"": 236770, ""probabilidad"": 0.9940876960754395, ""logit"": 27.125}, {""nota"": 9, ""token"": ""9"", ""token_id"": 236819, ""probabilidad"": 0.0059110610745847225, ""logit"": 22.0}, {""nota"": 0, ""token"": ""0"", ""token_id"": 236771, ""probabilidad"": 1.5290794408429065e-07, ""logit"": 11.4375}]"
237,Compara TDD con un enfoque tradicional de testing en el desarrollo de software.,"Con TDD el código se escribe precisamente para pasar la primera fase donde ya tienes los test escritos, esto en el enfoque tradicional de testing en desarrollo de software significa una gran agilidad para programar un código seguro y con los menos errores posibles, dado a que en este enfoque tradicional la parte de testing está muy mal valorada entre el gremio por el tiempo y esfuerzo que lleva una vez terminado el código a programar.",5.0,6.0,14.116,0.7303532443741253,1.659045259700846,0.9984003901481628,0.9999860277179451,1.3972282054908192e-05,1.5,0.6322686076164246,"[{""token"": ""6"", ""token_id"": 236825, ""probabilidad"": 0.8138668537139893, ""es_nota"": true}, {""token"": ""7"", ""token_id"": 236832, ""probabilidad"": 0.1815982460975647, ""es_nota"": true}, {""token"": ""5"", ""token_id"": 236810, ""probabilidad"": 0.0029352623969316483, ""es_nota"": true}]","[{""nota"": 6, ""token"": ""6"", ""token_id"": 236825, ""probabilidad"": 0.8138668537139893, ""logit"": 25.625}, {""nota"": 7, ""token"": ""7"", ""token_id"": 236832, ""probabilidad"": 0.1815982460975647, ""logit"": 24.125}, {""nota"": 5, ""token"": ""5"", ""token_id"": 236810, ""probabilidad"": 0.0029352623969316483, ""logit"": 20.0}]"
238,Describe las buenas prácticas en TDD y su impacto en la calidad del software.,"Las buenas prácticas en TDD son: 

 

Escribir los test antes que el código: La calidad del software aumenta inherentemente dado a que tu código una vez programado solventa los fallos que no puede cometer.

 

Refactorizar: Permite que el código funcional que había escrito el programador originalmente, pasando todos los test de la primera fase, sea una vez más revisado por el programador, este ene vez de buscar y arreglar errores, podrá buscar nuevas formas de hacer más eficiente su código, permitiendo así un gran impacto en la calidad de dicho software.",8.0,8.0,14.747,0.068694754070245,1.0487674055180123,0.9999823570251465,0.9999876905388921,1.230946110786224e-05,5.125,0.9866857216693461,"[{""token"": ""8"", ""token_id"": 236828, ""probabilidad"": 0.9925878643989563, ""es_nota"": true}, {""token"": ""9"", ""token_id"": 236819, ""probabilidad"": 0.005902142729610205, ""es_nota"": true}, {""token"": ""7"", ""token_id"": 236832, ""probabilidad"": 0.0014922954142093658, ""es_nota"": true}]","[{""nota"": 8, ""token"": ""8"", ""token_id"": 236828, ""probabilidad"": 0.9925878643989563, ""logit"": 26.625}, {""nota"": 9, ""token"": ""9"", ""token_id"": 236819, ""probabilidad"": 0.005902142729610205, ""logit"": 21.5}, {""nota"": 7, ""token"": ""7"", ""token_id"": 236832, ""probabilidad"": 0.0014922954142093658, ""logit"": 20.125}]"
239,Explica la importancia de validar entradas en el contexto de TDD y cómo se relaciona con la robustez del software.,"Validar entradas en TDD es crucial para que este pueda ser ejecutado de una manera precisa y con los parámetros que deseamos probar, permitiendo así la asertividad del test y asegurando que es el código el que falla y no el propio test escrito.",5.0,8.0,13.929,0.09353866129115486,1.0669840879772032,0.9999831318855286,0.9999870547051385,1.2945294861510526e-05,4.625,0.979279831983149,"[{""token"": ""8"", ""token_id"": 236828, ""probabilidad"": 0.9889754056930542, ""es_nota"": true}, {""token"": ""7"", ""token_id"": 236832, ""probabilidad"": 0.009695573709905148, ""es_nota"": true}, {""token"": ""9"", ""token_id"": 236819, ""probabilidad"": 0.0013121531810611486, ""es_nota"": true}]","[{""nota"": 8, ""token"": ""8"", ""token_id"": 236828, ""probabilidad"": 0.9889754056930542, ""logit"": 26.375}, {""nota"": 7, ""token"": ""7"", ""token_id"": 236832, ""probabilidad"": 0.009695573709905148, ""logit"": 21.75}, {""nota"": 9, ""token"": ""9"", ""token_id"": 236819, ""probabilidad"": 0.0013121531810611486, ""logit"": 19.75}]"
240,Explica el ciclo TDD  y su importancia en el desarrollo de software.,"El ciclo TDD es un paso fundamental en el desarrollo de software ya que trata de ir implementando codigo y probando por fases. Primero tenemos la fase roja o red donde hay que hacer que los tests fallen, despues pasamos al paso verde, o tambien conocido como lo minimo necesario, donde los test tienen que estar en verde pero sin llegar a su completa implementacion, y por ultimo tenemos el paso refactor donde hay que completar la parte faltante y los codigos deben seguir pasando, es decir tienen que seguir estando verdes, logrando asi un correcto desarrollo de software.",7.0,9.0,14.824,0.2127458219987322,1.158891757163145,0.999961793422699,0.9999778346270336,2.2165372966398422e-05,3.375,0.933630283921957,"[{""token"": ""9"", ""token_id"": 236819, ""probabilidad"": 0.9667092561721802, ""es_nota"": true}, {""token"": ""8"", ""token_id"": 236828, ""probabilidad"": 0.03307897225022316, ""es_nota"": true}, {""token"": ""1"", ""token_id"": 236770, ""probabilidad"": 0.00017358250624965876, ""es_nota"": true}]","[{""nota"": 9, ""token"": ""9"", ""token_id"": 236819, ""probabilidad"": 0.9667092561721802, ""logit"": 25.25}, {""nota"": 8, ""token"": ""8"", ""token_id"": 236828, ""probabilidad"": 0.03307897225022316, ""logit"": 21.875}, {""nota"": 1, ""token"": ""1"", ""token_id"": 236770, ""probabilidad"": 0.00017358250624965876, ""logit"": 16.625}]"
241,Compara TDD con un enfoque tradicional de testing en el desarrollo de software.,"Comparado con el enfoque tradicional de testing en el desrrollo de software el TDD es mejor dado que su proceso de desarrollo de software esta diseñado para ir paso a paso y reducir la mayor cantidad de errores posible, ademas de su sencillez a la hora de trabajarlo, y de una mejor comprension por parte del desarrollador y del resto de personas que van a trabajar sobre ello.",3.0,7.0,14.096,0.7270561566526662,1.6552580615335966,0.9999812841415405,0.9999885527088244,1.144729117563692e-05,1.375,0.5963137000799179,"[{""token"": ""7"", ""token_id"": 236832, ""probabilidad"": 0.7981066703796387, ""es_nota"": true}, {""token"": ""6"", ""token_id"": 236825, ""probabilidad"": 0.20179297029972076, ""es_nota"": true}, {""token"": ""8"", ""token_id"": 236828, ""probabilidad"": 8.165455074049532e-05, ""es_nota"": true}]","[{""nota"": 7, ""token"": ""7"", ""token_id"": 236832, ""probabilidad"": 0.7981066703796387, ""logit"": 25.125}, {""nota"": 6, ""token"": ""6"", ""token_id"": 236825, ""probabilidad"": 0.20179297029972076, ""logit"": 23.75}, {""nota"": 8, ""token"": ""8"", ""token_id"": 236828, ""probabilidad"": 8.165455074049532e-05, ""logit"": 15.9375}]"
242,Describe las buenas prácticas en TDD y su impacto en la calidad del software.,"Las buenas practicas en TDD incluyen un primer paso en rojo donde los test deben fallar, un siguiente paso verde o minimo necesario donde el codigo debe contener lo justo para pasar y que los test esten verdes, además debe ir acompañado del ultimo paso llamado refactorizacion donde debemos compeltar el codigo justo realizado anteriormente para cubrir el 100% de los test.",7.0,9.0,14.026,0.3894639010767597,1.3099065580828577,0.9999557733535767,0.9999691441044622,3.0855895537751366e-05,2.5,0.8481753095984459,"[{""token"": ""9"", ""token_id"": 236819, ""probabilidad"": 0.9240238070487976, ""es_nota"": true}, {""token"": ""8"", ""token_id"": 236828, ""probabilidad"": 0.07584849745035172, ""es_nota"": true}, {""token"": ""1"", ""token_id"": 236770, ""probabilidad"": 8.34287639008835e-05, ""es_nota"": true}]","[{""nota"": 9, ""token"": ""9"", ""token_id"": 236819, ""probabilidad"": 0.9240238070487976, ""logit"": 24.875}, {""nota"": 8, ""token"": ""8"", ""token_id"": 236828, ""probabilidad"": 0.07584849745035172, ""logit"": 22.375}, {""nota"": 1, ""token"": ""1"", ""token_id"": 236770, ""probabilidad"": 8.34287639008835e-05, ""logit"": 15.5625}]"
243,Explica la importancia de validar entradas en el contexto de TDD y cómo se relaciona con la robustez del software.,"Es importante validar entradas en el contexto TDD dado que con una entrada no valida podriamos estropear todo el plan de test, que a su vez, afectaría a la robustez del software, entre muchos otras deventajas, que se solucionaría con tan solo validar las entradas, logrando asi evitar multitud de problemas posteriores.",5.0,8.0,13.937,0.11007592547601036,1.0792850351149927,0.9999822974205017,0.999987953497994,1.2046502006035631e-05,4.25,0.9716346440836787,"[{""token"": ""8"", ""token_id"": 236828, ""probabilidad"": 0.9856948256492615, ""es_nota"": true}, {""token"": ""9"", ""token_id"": 236819, ""probabilidad"": 0.014060181565582752, ""es_nota"": true}, {""token"": ""7"", ""token_id"": 236832, ""probabilidad"": 0.00022726166935171932, ""es_nota"": true}]","[{""nota"": 8, ""token"": ""8"", ""token_id"": 236828, ""probabilidad"": 0.9856948256492615, ""logit"": 25.875}, {""nota"": 9, ""token"": ""9"", ""token_id"": 236819, ""probabilidad"": 0.014060181565582752, ""logit"": 21.625}, {""nota"": 7, ""token"": ""7"", ""token_id"": 236832, ""probabilidad"": 0.00022726166935171932, ""logit"": 17.5}]"
244,Explica el ciclo TDD  y su importancia en el desarrollo de software.,"El ciclo TDD se basa en 3 etapas, la primerea es que antes de empezar a desarrollar código se escribe una prueba que falle, es decir que salga en rojo, sobre esa prueba se escribe el código necesario para que la prueba salga en verde y por último se hace el refactor, que consiste en cambiar el código para que quede de forma más simplificada y legible. Por lo que podemos decir que son 3 etapas RGR, rojo, verde y refactor",7.0,10.0,14.034,0.013102391944284498,1.0091232514923727,0.9999994039535522,0.9999992779427417,7.220572583177542e-07,6.75,0.9976601535454392,"[{""token"": ""1"", ""token_id"": 236770, ""probabilidad"": 0.9988296627998352, ""es_nota"": true}, {""token"": ""9"", ""token_id"": 236819, ""probabilidad"": 0.0011695092543959618, ""es_nota"": true}, {""token"": "" "", ""token_id"": 236743, ""probabilidad"": 2.5330513153676293e-07, ""es_nota"": false}]","[{""nota"": 1, ""token"": ""1"", ""token_id"": 236770, ""probabilidad"": 0.9988296627998352, ""logit"": 27.25}, {""nota"": 9, ""token"": ""9"", ""token_id"": 236819, ""probabilidad"": 0.0011695092543959618, ""logit"": 20.5}, {""nota"": 0, ""token"": ""0"", ""token_id"": 236771, ""probabilidad"": 5.309564343747297e-08, ""logit"": 10.5}]"
245,Compara TDD con un enfoque tradicional de testing en el desarrollo de software.,"En un enfoque tradicional escribimos el código y despues hacemos los test, en el TDD escribimos primero el test y sobre eso escribimos el códiogo. El TDD como beneficio tiene que nos queda el códiog más limpio y legible, aunque la parte negativa es que tenemos que cambiar nuestra manera de pensar a la hora de desarrollar códgio por lo de tener que pensar antes la prueba que el código",7.0,9.0,14.203,0.037723643869621286,1.0264928965540658,0.9999729990959167,0.9999825885032128,1.7411496787245184e-05,5.875,0.9935739748179913,"[{""token"": ""9"", ""token_id"": 236819, ""probabilidad"": 0.9963725805282593, ""es_nota"": true}, {""token"": ""1"", ""token_id"": 236770, ""probabilidad"": 0.0027986057102680206, ""es_nota"": true}, {""token"": ""8"", ""token_id"": 236828, ""probabilidad"": 0.0008018139051273465, ""es_nota"": true}]","[{""nota"": 9, ""token"": ""9"", ""token_id"": 236819, ""probabilidad"": 0.9963725805282593, ""logit"": 25.125}, {""nota"": 1, ""token"": ""1"", ""token_id"": 236770, ""probabilidad"": 0.0027986057102680206, ""logit"": 19.25}, {""nota"": 8, ""token"": ""8"", ""token_id"": 236828, ""probabilidad"": 0.0008018139051273465, ""logit"": 18.0}]"
246,Describe las buenas prácticas en TDD y su impacto en la calidad del software.,"Como buenas prácticas en TDD podemos descir que no podemos hacer más de una prueba unitaria por componente, igual que tampoco vamos a escribir más pruebas para un componente una vez hayamos hecho el código en base a otra prueba, esto nos ayuda mucho a simplificar el código",4.0,5.0,14.055,1.379029126096824,2.6009328019458744,0.9995808601379395,0.9999880344788645,1.196552113547078e-05,0.75,0.30570971965789795,"[{""token"": ""5"", ""token_id"": 236810, ""probabilidad"": 0.5793979167938232, ""es_nota"": true}, {""token"": ""4"", ""token_id"": 236812, ""probabilidad"": 0.2736881971359253, ""es_nota"": true}, {""token"": ""6"", ""token_id"": 236825, ""probabilidad"": 0.14649473130702972, ""es_nota"": true}]","[{""nota"": 5, ""token"": ""5"", ""token_id"": 236810, ""probabilidad"": 0.5793979167938232, ""logit"": 25.25}, {""nota"": 4, ""token"": ""4"", ""token_id"": 236812, ""probabilidad"": 0.2736881971359253, ""logit"": 24.5}, {""nota"": 6, ""token"": ""6"", ""token_id"": 236825, ""probabilidad"": 0.14649473130702972, ""logit"": 23.875}]"
247,Explica la importancia de validar entradas en el contexto de TDD y cómo se relaciona con la robustez del software.,"Es muy importante porque si no a la hora de hacer test si no validamos lo que le llega a ese test antes de comenzar, va a saltar como fallido, no esta bien que no validemos si necesitamos un email que nos pueda llegar un texto que no tenga el formato de un email o lo mismo con una edad, no tiene sentido que pueda entrar al test una palabra",6.0,7.0,14.175,0.4916475130081996,1.40604962435567,0.9999877214431763,0.9999903497664047,9.650233595337454e-06,2.125,0.7865224555134773,"[{""token"": ""7"", ""token_id"": 236832, ""probabilidad"": 0.8931999802589417, ""es_nota"": true}, {""token"": ""8"", ""token_id"": 236828, ""probabilidad"": 0.10667752474546432, ""es_nota"": true}, {""token"": ""6"", ""token_id"": 236825, ""probabilidad"": 0.0001102296300814487, ""es_nota"": true}]","[{""nota"": 7, ""token"": ""7"", ""token_id"": 236832, ""probabilidad"": 0.8931999802589417, ""logit"": 25.75}, {""nota"": 8, ""token"": ""8"", ""token_id"": 236828, ""probabilidad"": 0.10667752474546432, ""logit"": 23.625}, {""nota"": 6, ""token"": ""6"", ""token_id"": 236825, ""probabilidad"": 0.0001102296300814487, ""logit"": 16.75}]"
248,Explica el ciclo TDD  y su importancia en el desarrollo de software.,"Se basa en un proceso en donde primero se desarrolla un test, que creara el programador para comprobar que el programa que modifica o crea esta cummpliendo todos sus requisitos. Se hace primero el test, aunque no tengas ningun programa hecho todavia y te dara error. Por lo tanto, se crea primero el test, despues se hace el desarrollo del programa. Utilizamos el primer paso para comprobar que el programa que hemos desarrollado es valido. Después hay una ultima parte, que sirve para reforzar el programa y que sea mas sencillo de entender.

Su importancia es bastante alta, debido a la verificación de los programas que se van actualizando a lo largo de las distintas versiones. Todo esto se comprueba gracias al test principal.",8.0,8.0,14.919,0.02083515931280893,1.0145466190204924,0.9999900460243225,0.9999913328715269,8.667128473138774e-06,6.625,0.9968541184207425,"[{""token"": ""8"", ""token_id"": 236828, ""probabilidad"": 0.9981784820556641, ""es_nota"": true}, {""token"": ""9"", ""token_id"": 236819, ""probabilidad"": 0.0013243636349216104, ""es_nota"": true}, {""token"": ""7"", ""token_id"": 236832, ""probabilidad"": 0.0004872061836067587, ""es_nota"": true}]","[{""nota"": 8, ""token"": ""8"", ""token_id"": 236828, ""probabilidad"": 0.9981784820556641, ""logit"": 26.375}, {""nota"": 9, ""token"": ""9"", ""token_id"": 236819, ""probabilidad"": 0.0013243636349216104, ""logit"": 19.75}, {""nota"": 7, ""token"": ""7"", ""token_id"": 236832, ""probabilidad"": 0.0004872061836067587, ""logit"": 18.75}]"
249,Compara TDD con un enfoque tradicional de testing en el desarrollo de software.,"En el TDD normalmente se hace primero el test y después el programa, y en el caso del enfoque tradicional se hace primero el programa y después el test.",5.0,8.0,13.923,0.17825766182121502,1.1315165308980095,0.9999470710754395,0.9999831056717018,1.689432829821147e-05,3.75,0.9521988481283188,"[{""token"": ""8"", ""token_id"": 236828, ""probabilidad"": 0.9751317501068115, ""es_nota"": true}, {""token"": ""7"", ""token_id"": 236832, ""probabilidad"": 0.022932901978492737, ""es_nota"": true}, {""token"": ""9"", ""token_id"": 236819, ""probabilidad"": 0.001882447162643075, ""es_nota"": true}]","[{""nota"": 8, ""token"": ""8"", ""token_id"": 236828, ""probabilidad"": 0.9751317501068115, ""logit"": 26.625}, {""nota"": 7, ""token"": ""7"", ""token_id"": 236832, ""probabilidad"": 0.022932901978492737, ""logit"": 22.875}, {""nota"": 9, ""token"": ""9"", ""token_id"": 236819, ""probabilidad"": 0.001882447162643075, ""logit"": 20.375}]"
250,Describe las buenas prácticas en TDD y su impacto en la calidad del software.,"Hacer unas buenas practicas de TDD, consiste en hacer buenas funcionalidad de la aplicación, para que no se pueda hacer trampas y cubrir cualquier tipo de huecos.

Refactorizar el programa sirve para que mejorar el codigo y que no tenga problemas a la hora de ejecutar el test. Sobre todo el objetivo principal de la refactorización es quitar lineas de codigo haciendo el programa se vea mas claro y mas limpio.",4.0,4.0,14.152,1.033069379179519,2.0463733471614405,0.9999621510505676,0.9999949572436911,5.042756308859531e-06,0.25,0.12366673350334167,"[{""token"": ""4"", ""token_id"": 236812, ""probabilidad"": 0.5590739846229553, ""es_nota"": true}, {""token"": ""5"", ""token_id"": 236810, ""probabilidad"": 0.43540725111961365, ""es_nota"": true}, {""token"": ""6"", ""token_id"": 236825, ""probabilidad"": 0.00548096839338541, ""es_nota"": true}]","[{""nota"": 4, ""token"": ""4"", ""token_id"": 236812, ""probabilidad"": 0.5590739846229553, ""logit"": 25.375}, {""nota"": 5, ""token"": ""5"", ""token_id"": 236810, ""probabilidad"": 0.43540725111961365, ""logit"": 25.125}, {""nota"": 6, ""token"": ""6"", ""token_id"": 236825, ""probabilidad"": 0.00548096839338541, ""logit"": 20.75}]"
251,Explica el ciclo TDD  y su importancia en el desarrollo de software.,"El TDD  consisite en ir haciendo pruebas para el funcionamiento de la aplicacion. Se divide en 3 partes:

1.RED donde se realiza las pruebas(los test) que utilizaremos para comprobar si el codigo funciona. En este apartado al intentar ejecutarlo saldra que todas las pruebas estan mal ya que lo desarrollamos antes del codigo para poder asi saber que queremos que devuelva el propio codigo.

2.GREEN donde ya realizamos las funcionalidades de nuestro codigo para que pasen las pruebas creadas anteriormente. A la hora de desarrollar estas funcionalidades  se hara lo minimo necesario para que pase la prueba que hicimos antes y pase sin errores.

3.REFACTORY (refactorizacion)donde aqui refactorizamos/mejoramos/optimizamos el codigo realizado anteriormente para hacerlo mejor. Esto se hace cuando vemos redundancia en el codigo creado en el GREEN o se puede optimizar los recursos.",9.0,10.0,15.337,0.8742693898564546,1.8330795425086,0.9999949336051941,0.9999953163549933,4.6836450067200275e-06,0.875,0.4115670621395111,"[{""token"": ""1"", ""token_id"": 236770, ""probabilidad"": 0.7057799100875854, ""es_nota"": true}, {""token"": ""9"", ""token_id"": 236819, ""probabilidad"": 0.29421284794807434, ""es_nota"": true}, {""token"": "" "", ""token_id"": 236743, ""probabilidad"": 2.1805099095217884e-06, ""es_nota"": false}]","[{""nota"": 1, ""token"": ""1"", ""token_id"": 236770, ""probabilidad"": 0.7057799100875854, ""logit"": 25.125}, {""nota"": 9, ""token"": ""9"", ""token_id"": 236819, ""probabilidad"": 0.29421284794807434, ""logit"": 24.25}, {""nota"": 0, ""token"": ""0"", ""token_id"": 236771, ""probabilidad"": 1.6981827002382488e-06, ""logit"": 12.1875}]"
252,Compara TDD con un enfoque tradicional de testing en el desarrollo de software.,"La comparacion de TDD con el enfoque tradicional testing se puede observar ventajas y desventajas en ambos lados.

TDD es mejor que el testing tradicional siempre que son equipos con experiencia, donde la documentacion es importante y hay limites y fechas de entrega amplios ya que pueden realizar todo el trabajo bien ademas siempre que haya una financiacion para ello. Tambien si es un proyecto muy grande es mejor el TDD ya que obliga a documentar todos los pasos y todo lo que se realiza

En cambio el enfoque tradicional es mejor que el TDD para equipos que no tienen la capacidad economica para desarrollar los testing o el tiempo para hacer las 3 fases de TDD, tambien cuando son equipos que no realizan un proyecto muy grande es mejor la forma tradicional para ser mas eficientes.",3.0,6.0,15.451,0.807012060595041,1.749584155867183,0.9998978972434998,0.9999848834725573,1.5116527442682326e-05,1.125,0.5096996426582336,"[{""token"": ""6"", ""token_id"": 236825, ""probabilidad"": 0.754721999168396, ""es_nota"": true}, {""token"": ""7"", ""token_id"": 236832, ""probabilidad"": 0.24502235651016235, ""es_nota"": true}, {""token"": ""5"", ""token_id"": 236810, ""probabilidad"": 0.0001535620540380478, ""es_nota"": true}]","[{""nota"": 6, ""token"": ""6"", ""token_id"": 236825, ""probabilidad"": 0.754721999168396, ""logit"": 25.25}, {""nota"": 7, ""token"": ""7"", ""token_id"": 236832, ""probabilidad"": 0.24502235651016235, ""logit"": 24.125}, {""nota"": 5, ""token"": ""5"", ""token_id"": 236810, ""probabilidad"": 0.0001535620540380478, ""logit"": 16.75}]"
253,Describe las buenas prácticas en TDD y su impacto en la calidad del software.,"Las buenas practicas del TDD serian que se documenta todas las funcionalidades y se documenta que test tiene que pasar cada una de ellas para que se de por correcta haciendo asi que la calidad del software cumpla casi siempre el resultado esperado y descrito en la documentacion.

Otra buena practica seria que permite al equipo de desarrollo ver que pruebas tienen que pasar a la hora de realizar las funcionalidades y asi que no amplien el perimetro de la aplicacion mas de lo que se pide haciendo asi que los test declarados al principio cierren todo el alcance del proyecto y afecta a la calidad del software ya que no hay posible aumentos de perimetros y todas las funcionalidades se crean a partir de lo que se espera.",5.0,6.0,14.956,0.16635857032227744,1.1222223652717584,0.99991774559021,0.9999855969734158,1.4403026584175471e-05,3.875,0.9572050683200359,"[{""token"": ""6"", ""token_id"": 236825, ""probabilidad"": 0.9774922728538513, ""es_nota"": true}, {""token"": ""7"", ""token_id"": 236832, ""probabilidad"": 0.020287204533815384, ""es_nota"": true}, {""token"": ""5"", ""token_id"": 236810, ""probabilidad"": 0.0021382556296885014, ""es_nota"": true}]","[{""nota"": 6, ""token"": ""6"", ""token_id"": 236825, ""probabilidad"": 0.9774922728538513, ""logit"": 26.125}, {""nota"": 7, ""token"": ""7"", ""token_id"": 236832, ""probabilidad"": 0.020287204533815384, ""logit"": 22.25}, {""nota"": 5, ""token"": ""5"", ""token_id"": 236810, ""probabilidad"": 0.0021382556296885014, ""logit"": 20.0}]"
254,Explica la importancia de validar entradas en el contexto de TDD y cómo se relaciona con la robustez del software.,La importancia de validar las entradas de contexto de TDD esque asi podemos evitar que se cuelen posibles herratas del codigo o fallos en el mismo por ejemplo validar que lo que tienen que devolver una funcion no es nulo o validar que los datos pedidos sean todo el array de un objeto por ejemplo. Entonces esto ayuda a la robustez del software porque pasa por una doble capa de seguridad la primera que se realice el codigo con las propias valiciones las cuales por si acaso se olvidan se detecten en los test que tambien tendran definidas esa validaciones para no dejar pasar ninguna excepcion,6.0,8.0,14.693,0.09067735281009644,1.0648700271093503,0.9999831318855286,0.9999867717136608,1.3228286339206363e-05,4.5,0.9777866490185261,"[{""token"": ""8"", ""token_id"": 236828, ""probabilidad"": 0.9887709021568298, ""es_nota"": true}, {""token"": ""9"", ""token_id"": 236819, ""probabilidad"": 0.010984253138303757, ""es_nota"": true}, {""token"": ""7"", ""token_id"": 236832, ""probabilidad"": 0.00022797088604420424, ""es_nota"": true}]","[{""nota"": 8, ""token"": ""8"", ""token_id"": 236828, ""probabilidad"": 0.9887709021568298, ""logit"": 25.625}, {""nota"": 9, ""token"": ""9"", ""token_id"": 236819, ""probabilidad"": 0.010984253138303757, ""logit"": 21.125}, {""nota"": 7, ""token"": ""7"", ""token_id"": 236832, ""probabilidad"": 0.00022797088604420424, ""logit"": 17.25}]"
255,Explica el ciclo TDD  y su importancia en el desarrollo de software.,"Este ciclo lo que hace es ir añadiendo el codigo para probar primero la fase red para que lo test no esten bien, es decir fallen el ciclo rojo, despues tal y como vimos en la practica hacemos el paso verde que es lo minimo necesario, en el que los test tienen que estar bien pero no podemos completarlo y añadirlo todo y despues esta el paso de refactor en la que ya terminamos y completamos lo que falta y los test tienen que seguir en verde. Esto es muy muy importante en el desarrollo de software.",7.0,8.0,14.66,0.05896102866832032,1.041715288909853,0.999987781047821,0.9999902623632619,9.737636738060829e-06,5.25,0.988531578797847,"[{""token"": ""8"", ""token_id"": 236828, ""probabilidad"": 0.993746280670166, ""es_nota"": true}, {""token"": ""7"", ""token_id"": 236832, ""probabilidad"": 0.005214701872318983, ""es_nota"": true}, {""token"": ""9"", ""token_id"": 236819, ""probabilidad"": 0.001026835641823709, ""es_nota"": true}]","[{""nota"": 8, ""token"": ""8"", ""token_id"": 236828, ""probabilidad"": 0.993746280670166, ""logit"": 26.625}, {""nota"": 7, ""token"": ""7"", ""token_id"": 236832, ""probabilidad"": 0.005214701872318983, ""logit"": 21.375}, {""nota"": 9, ""token"": ""9"", ""token_id"": 236819, ""probabilidad"": 0.001026835641823709, ""logit"": 19.75}]"
256,Compara TDD con un enfoque tradicional de testing en el desarrollo de software.,"La comparación entre ellos es que en un enfoque tradicional metes todo y lo completas al 100% para ver si los test funcionan y eso hace que si no funcionan te sea mas dificil saber el porque no funcionan en cambio en TDD si en el paso dos(verde) no funciona ya es por algo de lo que tienes hecho ahi y si deja de funcionar en la parte de refactor es porque lo ultimo que has hecho es lo que estaba mal, por lo que te ayuda a saber donde estan los posibles errores mas facilmente",6.0,8.0,14.736,0.08743624111023564,1.0624804100052263,0.9999872446060181,0.9999901876889981,9.812311001944352e-06,4.625,0.9798813667148352,"[{""token"": ""8"", ""token_id"": 236828, ""probabilidad"": 0.989582896232605, ""es_nota"": true}, {""token"": ""7"", ""token_id"": 236832, ""probabilidad"": 0.009701529517769814, ""es_nota"": true}, {""token"": ""9"", ""token_id"": 236819, ""probabilidad"": 0.0007027764222584665, ""es_nota"": true}]","[{""nota"": 8, ""token"": ""8"", ""token_id"": 236828, ""probabilidad"": 0.989582896232605, ""logit"": 26.5}, {""nota"": 7, ""token"": ""7"", ""token_id"": 236832, ""probabilidad"": 0.009701529517769814, ""logit"": 21.875}, {""nota"": 9, ""token"": ""9"", ""token_id"": 236819, ""probabilidad"": 0.0007027764222584665, ""logit"": 19.25}]"
257,Describe las buenas prácticas en TDD y su impacto en la calidad del software.,"Las buenas prácticas en TDD se dividen digamos en 3 fases: la primera la roja en la que como ya he dicho tienen que salir los test en rojo, es decir que no pasa los test. La segunda fase, es implementar mas código y que salgan en verde los test, es decir que pasa los test pero no esta terminado no se ha implementado todo el codigo. Y por ulrimo la fase de refactor, esta es en la que modificas o implementas el codigo necesario para que este completo y siga pasando los test en verde",3.0,7.0,14.627,0.7366980816921159,1.6663576527884474,0.9999364614486694,0.999979850142757,2.014985724296814e-05,1.375,0.5957788527011871,"[{""token"": ""7"", ""token_id"": 236832, ""probabilidad"": 0.7973908185958862, ""es_nota"": true}, {""token"": ""8"", ""token_id"": 236828, ""probabilidad"": 0.2016119658946991, ""es_nota"": true}, {""token"": ""6"", ""token_id"": 236825, ""probabilidad"": 0.0009336486109532416, ""es_nota"": true}]","[{""nota"": 7, ""token"": ""7"", ""token_id"": 236832, ""probabilidad"": 0.7973908185958862, ""logit"": 25.625}, {""nota"": 8, ""token"": ""8"", ""token_id"": 236828, ""probabilidad"": 0.2016119658946991, ""logit"": 24.25}, {""nota"": 6, ""token"": ""6"", ""token_id"": 236825, ""probabilidad"": 0.0009336486109532416, ""logit"": 18.875}]"
258,Explica la importancia de validar entradas en el contexto de TDD y cómo se relaciona con la robustez del software.,En este caso validar entradas en TDD es muy importante ya que puede que dependiendo de la entrada el test de en verde pero al igual si es una entrada que no hemos pensado el test puede dar en rojo el test por lo que si no lo validamos todo en la fase verde al iguaql en refactor te da error. Y eso hace que la robustez del software sea baja por que pueda haber problemas en su uso más adelante. Hay que contemplar la validacion de varias entradas,5.0,8.0,14.195,0.3012958517143823,1.232250743696224,0.9999923706054688,0.9999935048176724,6.49518232764823e-06,2.875,0.8931616842746735,"[{""token"": ""8"", ""token_id"": 236828, ""probabilidad"": 0.9465631246566772, ""es_nota"": true}, {""token"": ""7"", ""token_id"": 236832, ""probabilidad"": 0.053401440382003784, ""es_nota"": true}, {""token"": ""9"", ""token_id"": 236819, ""probabilidad"": 2.7746034902520478e-05, ""es_nota"": true}]","[{""nota"": 8, ""token"": ""8"", ""token_id"": 236828, ""probabilidad"": 0.9465631246566772, ""logit"": 26.0}, {""nota"": 7, ""token"": ""7"", ""token_id"": 236832, ""probabilidad"": 0.053401440382003784, ""logit"": 23.125}, {""nota"": 9, ""token"": ""9"", ""token_id"": 236819, ""probabilidad"": 2.7746034902520478e-05, ""logit"": 15.5625}]"
259,Explica el ciclo TDD  y su importancia en el desarrollo de software.,"El ciclo TDD es una metodología de desarrollo de software enfocada a los tests, como su propio nombre indica (Test Driven Development), donde el objetivo es establecer una serie de tests los cuales forman la lógica de negocio de la aplicación a desarrollar. De esta forma, segmentamos el desarrollo realizado a través de TDD en tres fases, cycle-red, cycle-green y refactor. El objetivo en general es escribir en primera instancia unos tests que fallan, para posteriormente escribir el código mínimo que hace que pasen los tests y después escribir y añadir complementos al código en ese paso de refactor para pulir el código. Es importante dentro del desarrollo de software debido a que es una metodología bastante útil dentro del mundo empresarial, permitiendo el desarrollo pautado por una lógica de negocio fuerte y ya estructurada, que permite un desarrollo más eficiente del software y un mantenimiento más fácil.",10.0,10.0,15.653,0.006088825937376444,1.0042293711836998,0.9999997615814209,0.9999994810758439,5.18924156089895e-07,7.625,0.9990237426536623,"[{""token"": ""1"", ""token_id"": 236770, ""probabilidad"": 0.9995115995407104, ""es_nota"": true}, {""token"": ""9"", ""token_id"": 236819, ""probabilidad"": 0.00048785688704811037, ""es_nota"": true}, {""token"": "" "", ""token_id"": 236743, ""probabilidad"": 2.8722826073135366e-07, ""es_nota"": false}]","[{""nota"": 1, ""token"": ""1"", ""token_id"": 236770, ""probabilidad"": 0.9995115995407104, ""logit"": 27.125}, {""nota"": 9, ""token"": ""9"", ""token_id"": 236819, ""probabilidad"": 0.00048785688704811037, ""logit"": 19.5}, {""nota"": 0, ""token"": ""0"", ""token_id"": 236771, ""probabilidad"": 1.8361889786433494e-08, ""logit"": 9.3125}]"
260,Compara TDD con un enfoque tradicional de testing en el desarrollo de software.,"El enfoque del TDD hace que los tests sean lo principal, pudiendo hacer comprobaciones diversas de primera mano de una lógica de negocio ya establecida. La principal diferencia entre el TDD y el desarrollo de tests tradicional es que, empleando TDD lo primero que se desarrolla son los tests de la aplicación o del software en cuestión, al contrario que en metodologías tradicionales, donde el desarrollo de los tests no tiene un orden específico aunque se suele hacer después del desarrollo del software en sí. Además, el desarrollo realizaco con TDD implica diversos pasos que no se siguen en metodologías tradicionales, como puede ser el primer desarrollo de los tests que fallan en esa fase red del TDD, o el refactor posterior a la fase green del TDD, ambas fases son pasos que en la metodología tradicional de realizar tests no se implementa.",9.0,9.0,15.586,0.256451990575088,1.1945373722280976,0.999971866607666,0.9999808966170223,1.9103382977725403e-05,3.125,0.9155046194791794,"[{""token"": ""9"", ""token_id"": 236819, ""probabilidad"": 0.957577645778656, ""es_nota"": true}, {""token"": ""8"", ""token_id"": 236828, ""probabilidad"": 0.042073026299476624, ""es_nota"": true}, {""token"": ""1"", ""token_id"": 236770, ""probabilidad"": 0.00032123152050189674, ""es_nota"": true}]","[{""nota"": 9, ""token"": ""9"", ""token_id"": 236819, ""probabilidad"": 0.957577645778656, ""logit"": 25.125}, {""nota"": 8, ""token"": ""8"", ""token_id"": 236828, ""probabilidad"": 0.042073026299476624, ""logit"": 22.0}, {""nota"": 1, ""token"": ""1"", ""token_id"": 236770, ""probabilidad"": 0.00032123152050189674, ""logit"": 17.125}]"
261,Describe las buenas prácticas en TDD y su impacto en la calidad del software.,"Para poder aplicar bien TDD en el desarrollo de software se debe de intentar seguir una serie de cualidades para poder garantizar el software, como pueden ser las siguientes: la granularidad (o atomicidad de los tests), indicando de esta forma que cada test se debe de encargar de funcionalidades mínimas, abarcando relativamentet poco, por ejemplo, no sería buena práctica comprobar el correcto funcionamiento de tres métodos distintos de software dentro del mismo test; la independencia de ellos, es decir, hacer que cada test compruebe una parte de software independiente y que tampoco dependa de otros tests; otra buena práctica se puede considerar la estructuración de los tests en formato AAA (Arrange, Act y Assert), estableciendo una estructura clara dentro de cada test y segmentándolo en función del propósito que cumple cada test; intentar, dentro de lo lógico, no emplear más de un assert dentro de cada test, comprobando así de manera granular el resultado esperado.",8.0,9.0,15.419,0.6112675885924096,1.527600808453919,0.9999251961708069,0.9999760027802043,2.3997219795734992e-05,1.75,0.7035603821277618,"[{""token"": ""9"", ""token_id"": 236819, ""probabilidad"": 0.8515349626541138, ""es_nota"": true}, {""token"": ""8"", ""token_id"": 236828, ""probabilidad"": 0.14797458052635193, ""es_nota"": true}, {""token"": ""1"", ""token_id"": 236770, ""probabilidad"": 0.0004156302020419389, ""es_nota"": true}]","[{""nota"": 9, ""token"": ""9"", ""token_id"": 236819, ""probabilidad"": 0.8515349626541138, ""logit"": 25.375}, {""nota"": 8, ""token"": ""8"", ""token_id"": 236828, ""probabilidad"": 0.14797458052635193, ""logit"": 23.625}, {""nota"": 1, ""token"": ""1"", ""token_id"": 236770, ""probabilidad"": 0.0004156302020419389, ""logit"": 17.75}]"
262,Explica la importancia de validar entradas en el contexto de TDD y cómo se relaciona con la robustez del software.,"Validar entradas dentro del contexto del TDD permite comprobar que la estructura de las peticiones HTTP que llegan y el body de estas es correcto y se atiene a la estructura definida y esperada por los endpoints. Esto hace que el software sea mucho más robusto, permitiendo o dando validez solo a las entradas de aquellas peticiones que cumplen con ciertas características ya definidas y negando su entrada a aquellas que no.",8.0,9.0,14.163,0.07530148222851804,1.0535811814515443,0.9999660849571228,0.9999801839099376,1.981609006240781e-05,4.75,0.982557225972414,"[{""token"": ""9"", ""token_id"": 236819, ""probabilidad"": 0.9911321997642517, ""es_nota"": true}, {""token"": ""8"", ""token_id"": 236828, ""probabilidad"": 0.008574973791837692, ""es_nota"": true}, {""token"": ""1"", ""token_id"": 236770, ""probabilidad"": 0.00025894175632856786, ""es_nota"": true}]","[{""nota"": 9, ""token"": ""9"", ""token_id"": 236819, ""probabilidad"": 0.9911321997642517, ""logit"": 25.25}, {""nota"": 8, ""token"": ""8"", ""token_id"": 236828, ""probabilidad"": 0.008574973791837692, ""logit"": 20.5}, {""nota"": 1, ""token"": ""1"", ""token_id"": 236770, ""probabilidad"": 0.00025894175632856786, ""logit"": 17.0}]"
263,Explica el ciclo TDD  y su importancia en el desarrollo de software.,"El ciclo de tdd, se conforma de lo siguiente, se manda una prueba fallida, sobre la prueba que has hecho MAL (red), donde no hay nada o falla, sobre esa prueba se escribe lo necesario para que funcione (green), y despues de eso modificas el codigo para que realice lo que tu quieres (refactor).",4.0,8.0,14.225,0.35880534898364885,1.2823635722842175,0.9999558329582214,0.9999746496084707,2.535039152928853e-05,2.625,0.8647909238934517,"[{""token"": ""8"", ""token_id"": 236828, ""probabilidad"": 0.9323285818099976, ""es_nota"": true}, {""token"": ""9"", ""token_id"": 236819, ""probabilidad"": 0.06753765791654587, ""es_nota"": true}, {""token"": ""7"", ""token_id"": 236832, ""probabilidad"": 8.960764535004273e-05, ""es_nota"": true}]","[{""nota"": 8, ""token"": ""8"", ""token_id"": 236828, ""probabilidad"": 0.9323285818099976, ""logit"": 25.25}, {""nota"": 9, ""token"": ""9"", ""token_id"": 236819, ""probabilidad"": 0.06753765791654587, ""logit"": 22.625}, {""nota"": 7, ""token"": ""7"", ""token_id"": 236832, ""probabilidad"": 8.960764535004273e-05, ""logit"": 16.0}]"
264,Compara TDD con un enfoque tradicional de testing en el desarrollo de software.,"Cuando hacemos la forma tradicional, hacemos el test directamente despues de hacer el codigo, y comprobamos so esta bien o esta mal. En el tdd al hacerlo por fases y verificar si solo con lo necesario funciona, podemos validar que estan bien definidos desde el principio y asi poder seguir adelante.",7.0,8.0,14.291,0.14457263652495517,1.1054031558953787,0.9999918937683105,0.9999930034952605,6.9965047394537905e-06,3.875,0.9592572152614594,"[{""token"": ""8"", ""token_id"": 236828, ""probabilidad"": 0.9795879125595093, ""es_nota"": true}, {""token"": ""7"", ""token_id"": 236832, ""probabilidad"": 0.020330697298049927, ""es_nota"": true}, {""token"": ""9"", ""token_id"": 236819, ""probabilidad"": 7.332395034609362e-05, ""es_nota"": true}]","[{""nota"": 8, ""token"": ""8"", ""token_id"": 236828, ""probabilidad"": 0.9795879125595093, ""logit"": 26.25}, {""nota"": 7, ""token"": ""7"", ""token_id"": 236832, ""probabilidad"": 0.020330697298049927, ""logit"": 22.375}, {""nota"": 9, ""token"": ""9"", ""token_id"": 236819, ""probabilidad"": 7.332395034609362e-05, ""logit"": 16.75}]"
265,Describe las buenas prácticas en TDD y su impacto en la calidad del software.,"El impacto que podemos ver en las buenas practicas es tener un codigo bien elaborado y sin fallos. Las buenas practicas que podemos identificar son en los distintos tipos de pruebas. Porque hacemos las pruebas en base a las otras pruebas anteriores. Si una funciona correctamente las demas segun las vayamos elaborando van a funcionar en respuesta a las primeras. Simplificamos problemas. Como tipos de pruebas tenemos las unitarias que hacemos las pruebas test a test y en las de implementacion, que son las que hacemos en bloque para ver si funcionan distintos tipos de metodos, estructuras.",3.0,5.0,14.994,1.0387199581127486,2.054404059177289,0.9999555945396423,0.9999924642194955,7.535780504497325e-06,1.375,0.5551324188709259,"[{""token"": ""5"", ""token_id"": 236810, ""probabilidad"": 0.7429895997047424, ""es_nota"": true}, {""token"": ""6"", ""token_id"": 236825, ""probabilidad"": 0.18785718083381653, ""es_nota"": true}, {""token"": ""4"", ""token_id"": 236812, ""probabilidad"": 0.06910879164934158, ""es_nota"": true}]","[{""nota"": 5, ""token"": ""5"", ""token_id"": 236810, ""probabilidad"": 0.7429895997047424, ""logit"": 25.25}, {""nota"": 6, ""token"": ""6"", ""token_id"": 236825, ""probabilidad"": 0.18785718083381653, ""logit"": 23.875}, {""nota"": 4, ""token"": ""4"", ""token_id"": 236812, ""probabilidad"": 0.06910879164934158, ""logit"": 22.875}]"
266,Explica la importancia de validar entradas en el contexto de TDD y cómo se relaciona con la robustez del software.,No lo se,0.0,0.0,13.457,4.624867074006471e-06,1.0000032057187112,1.0,0.9999999052164296,9.478357043679608e-08,17.75,0.9999998612350307,"[{""token"": ""0"", ""token_id"": 236771, ""probabilidad"": 0.9999998807907104, ""es_nota"": true}, {""token"": "" "", ""token_id"": 236743, ""probabilidad"": 9.931193289958173e-08, ""es_nota"": false}, {""token"": ""1"", ""token_id"": 236770, ""probabilidad"": 1.9555679742211396e-08, ""es_nota"": true}]","[{""nota"": 0, ""token"": ""0"", ""token_id"": 236771, ""probabilidad"": 0.9999998807907104, ""logit"": 24.25}, {""nota"": 1, ""token"": ""1"", ""token_id"": 236770, ""probabilidad"": 1.9555679742211396e-08, ""logit"": 6.5}, {""nota"": 2, ""token"": ""2"", ""token_id"": 236778, ""probabilidad"": 3.192376807348296e-09, ""logit"": 4.6875}]"
267,Explica el ciclo TDD  y su importancia en el desarrollo de software.,"El uso de tdd a la hora del desarrollo de software sirve para crear un codigo erroneo(Red),para comprobar que el sistema de test funciona,un codigo correcto que permitira que el codigo cumple la funcion que se le pide,y por ultima estaria la parte de restructuración(Refactor) del codigo, que sirve para optimizar el codigo sobre el test que ha dado correcto (Green).",5.0,8.0,14.201,0.05435603271695966,1.0383954973583478,0.9999844431877136,0.9999877971570207,1.2202842979314177e-05,5.375,0.989747456740588,"[{""token"": ""8"", ""token_id"": 236828, ""probabilidad"": 0.9943522214889526, ""es_nota"": true}, {""token"": ""9"", ""token_id"": 236819, ""probabilidad"": 0.004604764748364687, ""es_nota"": true}, {""token"": ""7"", ""token_id"": 236832, ""probabilidad"": 0.001027461839839816, ""es_nota"": true}]","[{""nota"": 8, ""token"": ""8"", ""token_id"": 236828, ""probabilidad"": 0.9943522214889526, ""logit"": 26.375}, {""nota"": 9, ""token"": ""9"", ""token_id"": 236819, ""probabilidad"": 0.004604764748364687, ""logit"": 21.0}, {""nota"": 7, ""token"": ""7"", ""token_id"": 236832, ""probabilidad"": 0.001027461839839816, ""logit"": 19.5}]"
268,Compara TDD con un enfoque tradicional de testing en el desarrollo de software.,"El TDD al estar estructura en tres fases, que son RED,GREEN,REFACTOR,permite un mayor control de versiones a la hora de hacer los diferentes test de funcionalidad,lo que permite una mayor facilidad de documentanción,en testing,en control de fechas de entrega.

Con un enfoque más tradicional hacer las tres fases del tdd seria muy complicado por el tiempo que llevaria,más todo el tema de recursos que tendria que usar el usuario.",3.0,6.0,14.824,0.13569065611369335,1.0986186255884527,0.9998767375946045,0.9999891234300786,1.0876569921380863e-05,4.25,0.9690693086013198,"[{""token"": ""6"", ""token_id"": 236825, ""probabilidad"": 0.9830923676490784, ""es_nota"": true}, {""token"": ""7"", ""token_id"": 236832, ""probabilidad"": 0.01402305904775858, ""es_nota"": true}, {""token"": ""5"", ""token_id"": 236810, ""probabilidad"": 0.002761304145678878, ""es_nota"": true}]","[{""nota"": 6, ""token"": ""6"", ""token_id"": 236825, ""probabilidad"": 0.9830923676490784, ""logit"": 26.25}, {""nota"": 7, ""token"": ""7"", ""token_id"": 236832, ""probabilidad"": 0.01402305904775858, ""logit"": 22.0}, {""nota"": 5, ""token"": ""5"", ""token_id"": 236810, ""probabilidad"": 0.002761304145678878, ""logit"": 20.375}]"
269,Describe las buenas prácticas en TDD y su impacto en la calidad del software.,"Las buenas practicas de TDD tendria que pasar por la diferentes fases que este mismo conlleva, que seria , El codigo no funcional que en este caso sería RED, luego la fase del codigo que si funciona que sería GREEN, y por ultimo la fase de REFACTOR, que seria optimizar el codigo green para mejorar su tiempo de ejecucion o mejorar el parametro que nos pidiesen.

Y tambien las buenas practicas de TDD vendrian con su correspodiente documentación mostrando las diferentes fase en las que se encuentra el codigo y dicendo los nuevos parametros que se han seguido para que el codigo pueda funcionar correctamente.",4.0,7.0,14.832,0.17975340853090108,1.1326902645926078,0.9999878406524658,0.9999909253296849,9.074670315079025e-06,3.75,0.9519989788532257,"[{""token"": ""7"", ""token_id"": 236832, ""probabilidad"": 0.9749270677566528, ""es_nota"": true}, {""token"": ""6"", ""token_id"": 236825, ""probabilidad"": 0.022928088903427124, ""es_nota"": true}, {""token"": ""8"", ""token_id"": 236828, ""probabilidad"": 0.002132644411176443, ""es_nota"": true}]","[{""nota"": 7, ""token"": ""7"", ""token_id"": 236832, ""probabilidad"": 0.9749270677566528, ""logit"": 25.625}, {""nota"": 6, ""token"": ""6"", ""token_id"": 236825, ""probabilidad"": 0.022928088903427124, ""logit"": 21.875}, {""nota"": 8, ""token"": ""8"", ""token_id"": 236828, ""probabilidad"": 0.002132644411176443, ""logit"": 19.5}]"
270,Explica la importancia de validar entradas en el contexto de TDD y cómo se relaciona con la robustez del software.,"Las entradas de contexto son importantes para evitar que haya problemas o errores en este mismo codigo,como pueden llegar ha ser las herratas o problemas a la hora de definir alguna que otra variable.",2.0,4.0,14.111,0.26585779165487394,1.2023507257664854,0.9996764063835144,0.9999984777118875,1.522288112454362e-06,3.125,0.9147292152047157,"[{""token"": ""4"", ""token_id"": 236812, ""probabilidad"": 0.9567666053771973, ""es_nota"": true}, {""token"": ""5"", ""token_id"": 236810, ""probabilidad"": 0.04203739017248154, ""es_nota"": true}, {""token"": ""3"", ""token_id"": 236800, ""probabilidad"": 0.0008724582148715854, ""es_nota"": true}]","[{""nota"": 4, ""token"": ""4"", ""token_id"": 236812, ""probabilidad"": 0.9567666053771973, ""logit"": 26.625}, {""nota"": 5, ""token"": ""5"", ""token_id"": 236810, ""probabilidad"": 0.04203739017248154, ""logit"": 23.5}, {""nota"": 3, ""token"": ""3"", ""token_id"": 236800, ""probabilidad"": 0.0008724582148715854, ""logit"": 19.625}]"
271,Explica el ciclo TDD  y su importancia en el desarrollo de software.,"El ciclo Test Driven Development consiste en ir realizando las pruebas al código a medida que vas desarrollando las funcionalidades de esta manera consigues verficar que tu código se funcional y te ahorras tiempo y fallos, sin la necesidad de esperar ha hacer todo el código y despues hacer las pruebas y tener que cambiar el código porque ha ocurrido algun error.",4.0,6.0,14.194,0.9901677035382445,1.9864158848618036,0.9999517798423767,0.9999874824632937,1.2517536706280197e-05,0.25,0.1243424117565155,"[{""token"": ""6"", ""token_id"": 236825, ""probabilidad"": 0.5621285438537598, ""es_nota"": true}, {""token"": ""7"", ""token_id"": 236832, ""probabilidad"": 0.43778613209724426, ""es_nota"": true}, {""token"": ""5"", ""token_id"": 236810, ""probabilidad"": 3.713224577950314e-05, ""es_nota"": true}]","[{""nota"": 6, ""token"": ""6"", ""token_id"": 236825, ""probabilidad"": 0.5621285438537598, ""logit"": 24.75}, {""nota"": 7, ""token"": ""7"", ""token_id"": 236832, ""probabilidad"": 0.43778613209724426, ""logit"": 24.5}, {""nota"": 5, ""token"": ""5"", ""token_id"": 236810, ""probabilidad"": 3.713224577950314e-05, ""logit"": 15.125}]"
272,Compara TDD con un enfoque tradicional de testing en el desarrollo de software.,"La principal diferencia que hay entre el TDD y el enfoque tradicional es que el enfoque tradicional realiza las pruebas una vez el código se ha desarrollado por completo siendo ineficiente, en cambio el TDD como su nombre indica Test Driven Development las pruebas se realizan durante el proceso de desarrollo del código.",6.0,8.0,14.058,0.3036151964730254,1.2342333615009011,0.9999522566795349,0.9999783602503612,2.16397496387577e-05,2.875,0.8930167481303215,"[{""token"": ""8"", ""token_id"": 236828, ""probabilidad"": 0.9464095234870911, ""es_nota"": true}, {""token"": ""9"", ""token_id"": 236819, ""probabilidad"": 0.05339277535676956, ""es_nota"": true}, {""token"": ""7"", ""token_id"": 236832, ""probabilidad"": 0.00014996930258348584, ""es_nota"": true}]","[{""nota"": 8, ""token"": ""8"", ""token_id"": 236828, ""probabilidad"": 0.9464095234870911, ""logit"": 25.25}, {""nota"": 9, ""token"": ""9"", ""token_id"": 236819, ""probabilidad"": 0.05339277535676956, ""logit"": 22.375}, {""nota"": 7, ""token"": ""7"", ""token_id"": 236832, ""probabilidad"": 0.00014996930258348584, ""logit"": 16.5}]"
273,Describe las buenas prácticas en TDD y su impacto en la calidad del software.,La realización de pruebas continuamente es una de las buenas prácticas ya mediante el desarrollo y las pruebas estas verificando la funcionalidad del código y de esta manera se desarrolla un código con mams calidad.,3.0,5.0,13.526,1.1086225724431067,2.1563966485228705,0.9998307228088379,0.9999855520369973,1.444796300265061e-05,1.0,0.4358820617198944,"[{""token"": ""5"", ""token_id"": 236810, ""probabilidad"": 0.6895553469657898, ""es_nota"": true}, {""token"": ""6"", ""token_id"": 236825, ""probabilidad"": 0.2536732852458954, ""es_nota"": true}, {""token"": ""4"", ""token_id"": 236812, ""probabilidad"": 0.056602150201797485, ""es_nota"": true}]","[{""nota"": 5, ""token"": ""5"", ""token_id"": 236810, ""probabilidad"": 0.6895553469657898, ""logit"": 25.625}, {""nota"": 6, ""token"": ""6"", ""token_id"": 236825, ""probabilidad"": 0.2536732852458954, ""logit"": 24.625}, {""nota"": 4, ""token"": ""4"", ""token_id"": 236812, ""probabilidad"": 0.056602150201797485, ""logit"": 23.125}]"
274,Explica el ciclo TDD  y su importancia en el desarrollo de software.,"El ciclo TDD (Test Driven Development) es un método de desarrollo en el cual primero se desarrolla un test. Este fallara ya que no existe el codigo para que pase, despues se realizara el código para que este test pase y una vez lo tengamos refactorizamos para cubrir el máximo.
Es importante ya que sirve para mantener un desarrollo guiado.",8.0,9.0,14.186,0.15921826411887127,1.1166818910674188,0.9999691843986511,0.9999783974249135,2.1602575086543396e-05,3.75,0.9539679251611233,"[{""token"": ""9"", ""token_id"": 236819, ""probabilidad"": 0.9769434332847595, ""es_nota"": true}, {""token"": ""8"", ""token_id"": 236828, ""probabilidad"": 0.022975508123636246, ""es_nota"": true}, {""token"": ""1"", ""token_id"": 236770, ""probabilidad"": 5.02587208757177e-05, ""es_nota"": true}]","[{""nota"": 9, ""token"": ""9"", ""token_id"": 236819, ""probabilidad"": 0.9769434332847595, ""logit"": 25.25}, {""nota"": 8, ""token"": ""8"", ""token_id"": 236828, ""probabilidad"": 0.022975508123636246, ""logit"": 21.5}, {""nota"": 1, ""token"": ""1"", ""token_id"": 236770, ""probabilidad"": 5.02587208757177e-05, ""logit"": 15.375}]"
275,Compara TDD con un enfoque tradicional de testing en el desarrollo de software.,"La diferencia es que en el TDD primero se desarrollan los test y posteriormente la funcionalidad, en el enfoque tradicional los test se hacen una vez tienes la funcionalidad desarrollada.",6.0,10.0,14.223,1.0019364007504519,2.0026862237771197,0.999986469745636,0.9999919818525538,8.018147446220425e-06,0.125,0.06239438056945801,"[{""token"": ""1"", ""token_id"": 236770, ""probabilidad"": 0.5310018658638, ""es_nota"": true}, {""token"": ""9"", ""token_id"": 236819, ""probabilidad"": 0.46860748529434204, ""es_nota"": true}, {""token"": ""8"", ""token_id"": 236828, ""probabilidad"": 0.0003771039191633463, ""es_nota"": true}]","[{""nota"": 1, ""token"": ""1"", ""token_id"": 236770, ""probabilidad"": 0.5310018658638, ""logit"": 25.25}, {""nota"": 9, ""token"": ""9"", ""token_id"": 236819, ""probabilidad"": 0.46860748529434204, ""logit"": 25.125}, {""nota"": 8, ""token"": ""8"", ""token_id"": 236828, ""probabilidad"": 0.0003771039191633463, ""logit"": 18.0}]"
276,Describe las buenas prácticas en TDD y su impacto en la calidad del software.,"Las buenas prácticas son desarrollar primero el test sin tener ninguna funcionalidad (red), una vez tengamos esto realizamos el código correspondiente para que el test pase (green) y terminamos refactorizando con los test unitarios para cubrir el codigo completo.",5.0,8.0,13.988,0.1174679575961478,1.0848292307744873,0.9999736547470093,0.9999836180253366,1.6381974663359777e-05,4.25,0.9709741864353418,"[{""token"": ""8"", ""token_id"": 236828, ""probabilidad"": 0.9850248098373413, ""es_nota"": true}, {""token"": ""9"", ""token_id"": 236819, ""probabilidad"": 0.014050623401999474, ""es_nota"": true}, {""token"": ""7"", ""token_id"": 236832, ""probabilidad"": 0.000898226338904351, ""es_nota"": true}]","[{""nota"": 8, ""token"": ""8"", ""token_id"": 236828, ""probabilidad"": 0.9850248098373413, ""logit"": 25.75}, {""nota"": 9, ""token"": ""9"", ""token_id"": 236819, ""probabilidad"": 0.014050623401999474, ""logit"": 21.5}, {""nota"": 7, ""token"": ""7"", ""token_id"": 236832, ""probabilidad"": 0.000898226338904351, ""logit"": 18.75}]"
277,Explica la importancia de validar entradas en el contexto de TDD y cómo se relaciona con la robustez del software.,Es importante validar las entradas porque asi los test pueden comprobar que tipo de entrada estas poniendo y en caso de poner algo prohibido estaria controlado,4.0,7.0,13.532,0.13757306490252239,1.1000530237571557,0.9999883770942688,0.9999898924975179,1.0107502482092912e-05,4.0,0.9634234644472599,"[{""token"": ""7"", ""token_id"": 236832, ""probabilidad"": 0.9813984036445618, ""es_nota"": true}, {""token"": ""6"", ""token_id"": 236825, ""probabilidad"": 0.017974939197301865, ""es_nota"": true}, {""token"": ""8"", ""token_id"": 236828, ""probabilidad"": 0.0006150685367174447, ""es_nota"": true}]","[{""nota"": 7, ""token"": ""7"", ""token_id"": 236832, ""probabilidad"": 0.9813984036445618, ""logit"": 25.875}, {""nota"": 6, ""token"": ""6"", ""token_id"": 236825, ""probabilidad"": 0.017974939197301865, ""logit"": 21.875}, {""nota"": 8, ""token"": ""8"", ""token_id"": 236828, ""probabilidad"": 0.0006150685367174447, ""logit"": 18.5}]"
278,Explica el ciclo TDD  y su importancia en el desarrollo de software.,"El ciclo TDD consiste en 3 fases, Rojo, Verde y Refractor en ese orden, la fase Rojo, consiste en implementar un test sabiendo que va a fallar que testee una funcionalidad que no esta inplementada, la fase Verde consiste en inplementar el codigo minimo para cubrir esa funcionalidad y que el test pase, y la fase de Refractor, consiste en mejorar el codigo de la fase Verde añadiendo checkeos y cosas varias que hagan el codigo mas fiable, evidentemende despues de aplicar ese codigo sigue teniendo que pasar el test, su importancia en el desarrollo de software es muy grande ya que es una metodologia de desarrollo que se aplica en muchisimos entornos porque te permite primero pensar en lo que quieres hacer y luego en como lo haces.",9.0,9.0,14.891,0.9753596923685857,1.9661313313621573,0.9999920129776001,0.9999923404592671,7.659540732896097e-06,0.375,0.18533077836036682,"[{""token"": ""9"", ""token_id"": 236819, ""probabilidad"": 0.5926588773727417, ""es_nota"": true}, {""token"": ""1"", ""token_id"": 236770, ""probabilidad"": 0.4073280990123749, ""es_nota"": true}, {""token"": ""0"", ""token_id"": 236771, ""probabilidad"": 4.977233402314596e-06, ""es_nota"": true}]","[{""nota"": 9, ""token"": ""9"", ""token_id"": 236819, ""probabilidad"": 0.5926588773727417, ""logit"": 24.5}, {""nota"": 1, ""token"": ""1"", ""token_id"": 236770, ""probabilidad"": 0.4073280990123749, ""logit"": 24.125}, {""nota"": 0, ""token"": ""0"", ""token_id"": 236771, ""probabilidad"": 4.977233402314596e-06, ""logit"": 12.8125}]"
279,Compara TDD con un enfoque tradicional de testing en el desarrollo de software.,"El TDD tiene el testing como pilar del desarrollo ya que te centras en hacer los tests para luego implementar sus respectivas funcionalidades, mientras que un enfoque tradicional lo que hace es primero desarrollas tus funcionalidades y luego piensas los tests para probar que no fallen esas funcionalidades.",7.0,10.0,14.102,0.4541896850817219,1.3700130970074693,0.9999964237213135,0.9999972124812274,2.7875187725845407e-06,2.25,0.8092973232269287,"[{""token"": ""1"", ""token_id"": 236770, ""probabilidad"": 0.9046463370323181, ""es_nota"": true}, {""token"": ""9"", ""token_id"": 236819, ""probabilidad"": 0.0953490138053894, ""es_nota"": true}, {""token"": ""8"", ""token_id"": 236828, ""probabilidad"": 1.0945018402708229e-06, ""es_nota"": true}]","[{""nota"": 1, ""token"": ""1"", ""token_id"": 236770, ""probabilidad"": 0.9046463370323181, ""logit"": 25.75}, {""nota"": 9, ""token"": ""9"", ""token_id"": 236819, ""probabilidad"": 0.0953490138053894, ""logit"": 23.5}, {""nota"": 8, ""token"": ""8"", ""token_id"": 236828, ""probabilidad"": 1.0945018402708229e-06, ""logit"": 12.125}]"
280,Describe las buenas prácticas en TDD y su impacto en la calidad del software.,"Las buenas practicas en TDD serian, primero desarrollar un test claro que pruebe lo que quieres implementar y sus diferentes casuisticas a contemplar, despues implementar un codigo claro, sencillo y sin cosas extra en la fase verde, para darte paso a mejorar en la fase de refractor

Su impacto es que quedan codigos mas robustos, con menos margen de error y con l gran mayoria de casuisticas extrañas cubiertas.",9.0,9.0,14.233,0.01016664563763267,1.0070718701637986,0.99997878074646,0.9999871309546965,1.286904530350963e-05,7.875,0.9988392278319225,"[{""token"": ""9"", ""token_id"": 236819, ""probabilidad"": 0.9992190599441528, ""es_nota"": true}, {""token"": ""1"", ""token_id"": 236770, ""probabilidad"": 0.0003798321122303605, ""es_nota"": true}, {""token"": ""8"", ""token_id"": 236828, ""probabilidad"": 0.0003798321122303605, ""es_nota"": true}]","[{""nota"": 9, ""token"": ""9"", ""token_id"": 236819, ""probabilidad"": 0.9992190599441528, ""logit"": 24.875}, {""nota"": 1, ""token"": ""1"", ""token_id"": 236770, ""probabilidad"": 0.0003798321122303605, ""logit"": 17.0}, {""nota"": 8, ""token"": ""8"", ""token_id"": 236828, ""probabilidad"": 0.0003798321122303605, ""logit"": 17.0}]"
281,Explica la importancia de validar entradas en el contexto de TDD y cómo se relaciona con la robustez del software.,"Validar entradas es importante ya que buscas contemplar todos los fallos posibles por parte del usuario y si no validas las entradas hay test que podrian pasar pero realmente este mal solo que no estas contemplando ciertas entradas, con una buena validacion el software se vuelve mas robusto ya que te evitas problemas con el uso que le pueda dar el usuario.",7.0,9.0,14.205,0.046744050669598275,1.0329311185428642,0.9999769926071167,0.9999849898431065,1.5010156893535687e-05,5.375,0.9904662230983377,"[{""token"": ""9"", ""token_id"": 236819, ""probabilidad"": 0.9950743317604065, ""es_nota"": true}, {""token"": ""8"", ""token_id"": 236828, ""probabilidad"": 0.004608108662068844, ""es_nota"": true}, {""token"": ""1"", ""token_id"": 236770, ""probabilidad"": 0.0002945865271613002, ""es_nota"": true}]","[{""nota"": 9, ""token"": ""9"", ""token_id"": 236819, ""probabilidad"": 0.9950743317604065, ""logit"": 25.125}, {""nota"": 8, ""token"": ""8"", ""token_id"": 236828, ""probabilidad"": 0.004608108662068844, ""logit"": 19.75}, {""nota"": 1, ""token"": ""1"", ""token_id"": 236770, ""probabilidad"": 0.0002945865271613002, ""logit"": 17.0}]"
282,Explica el ciclo TDD  y su importancia en el desarrollo de software.,"El ciclo TDD consiste en desarrollar el software de una manera distinta a lo convencional. Primero se va a crear una serie de test que cubren el contenido del código, por supuesto estos test van a fallar, es la primera parte, la roja. Luego llega la parte verde, en la que se crea un código que debe ser mínimo pero que vaya a pasar los test. Por último, en la parte refactor, se mejora el código pero respetando a los test para que sigan saliendo verde. Este ciclo es muy útil para desarrollos largos, pero alarga el desarrollo del software, por lo que para trabajos cortos no es muy eficiente.",8.0,9.0,14.914,0.020555741106971375,1.0143501427468644,0.9999718070030212,0.999981470332268,1.852966773197018e-05,6.625,0.9968929885653779,"[{""token"": ""9"", ""token_id"": 236819, ""probabilidad"": 0.9982174038887024, ""es_nota"": true}, {""token"": ""8"", ""token_id"": 236828, ""probabilidad"": 0.0013244153233245015, ""es_nota"": true}, {""token"": ""1"", ""token_id"": 236770, ""probabilidad"": 0.00042997472337447107, ""es_nota"": true}]","[{""nota"": 9, ""token"": ""9"", ""token_id"": 236819, ""probabilidad"": 0.9982174038887024, ""logit"": 25.375}, {""nota"": 8, ""token"": ""8"", ""token_id"": 236828, ""probabilidad"": 0.0013244153233245015, ""logit"": 18.75}, {""nota"": 1, ""token"": ""1"", ""token_id"": 236770, ""probabilidad"": 0.00042997472337447107, ""logit"": 17.625}]"
283,Compara TDD con un enfoque tradicional de testing en el desarrollo de software.,"El TDD es muy útil para desarrollos más a largo plazo, creando primero los objetivos que debe cumplir el código. Sin embargo, para desarrollos a corto plazo es menos eficiente, debido a que se tarda más siguiendo este método. En el testing tradicional, los test se crean después del código, lo cual es un enfoque muy diferente.",6.0,8.0,14.165,0.6053712272049865,1.5213701743836467,0.9999871253967285,0.9999877592053557,1.224079464434702e-05,1.75,0.7038887590169907,"[{""token"": ""8"", ""token_id"": 236828, ""probabilidad"": 0.8519324064254761, ""es_nota"": true}, {""token"": ""7"", ""token_id"": 236832, ""probabilidad"": 0.1480436474084854, ""es_nota"": true}, {""token"": "" "", ""token_id"": 236743, ""probabilidad"": 1.1081338925578166e-05, ""es_nota"": false}]","[{""nota"": 8, ""token"": ""8"", ""token_id"": 236828, ""probabilidad"": 0.8519324064254761, ""logit"": 25.5}, {""nota"": 7, ""token"": ""7"", ""token_id"": 236832, ""probabilidad"": 0.1480436474084854, ""logit"": 23.75}, {""nota"": 9, ""token"": ""9"", ""token_id"": 236819, ""probabilidad"": 9.779247193364426e-06, ""logit"": 14.125}]"
284,Describe las buenas prácticas en TDD y su impacto en la calidad del software.,"El TDD consiste en crear primero los test y luego el código. Esto quiere decir que se centra mucho en la creación y la validación de los test, por lo que unas buenas prácticas serían hacer una gran cantidad de test que cubran todas las posibilidades y escenarios a la hora de las peticiones o la ejecución de código.",4.0,6.0,14.108,0.4252084625534441,1.3427665121207926,0.9999753832817078,0.9999864634539638,1.3536546036196917e-05,2.375,0.829454630613327,"[{""token"": ""6"", ""token_id"": 236825, ""probabilidad"": 0.9145180583000183, ""es_nota"": true}, {""token"": ""7"", ""token_id"": 236832, ""probabilidad"": 0.08506342768669128, ""es_nota"": true}, {""token"": ""5"", ""token_id"": 236810, ""probabilidad"": 0.00039392182952724397, ""es_nota"": true}]","[{""nota"": 6, ""token"": ""6"", ""token_id"": 236825, ""probabilidad"": 0.9145180583000183, ""logit"": 25.625}, {""nota"": 7, ""token"": ""7"", ""token_id"": 236832, ""probabilidad"": 0.08506342768669128, ""logit"": 23.25}, {""nota"": 5, ""token"": ""5"", ""token_id"": 236810, ""probabilidad"": 0.00039392182952724397, ""logit"": 17.875}]"
285,Explica la importancia de validar entradas en el contexto de TDD y cómo se relaciona con la robustez del software.,"Validar las entradas es importante, ya que, como el desarrollo se basa en los test, es importante que los test procesen entradas que no produzcan errores (tipos de datos distintos o errores en las propiedades) para que el desarrollo sea óptimo. En cuanto a la robustez del software, tener las entradas validadas es clave, ya que se producirán menos errores.",6.0,9.0,14.277,0.16084349826179004,1.1179405716048352,0.9999695420265198,0.9999804887691145,1.9511230885504993e-05,3.75,0.9538488425314426,"[{""token"": ""9"", ""token_id"": 236819, ""probabilidad"": 0.9768214821815491, ""es_nota"": true}, {""token"": ""8"", ""token_id"": 236828, ""probabilidad"": 0.02297263965010643, ""es_nota"": true}, {""token"": ""1"", ""token_id"": 236770, ""probabilidad"": 0.00017539826512802392, ""es_nota"": true}]","[{""nota"": 9, ""token"": ""9"", ""token_id"": 236819, ""probabilidad"": 0.9768214821815491, ""logit"": 25.25}, {""nota"": 8, ""token"": ""8"", ""token_id"": 236828, ""probabilidad"": 0.02297263965010643, ""logit"": 21.5}, {""nota"": 1, ""token"": ""1"", ""token_id"": 236770, ""probabilidad"": 0.00017539826512802392, ""logit"": 16.625}]"
286,Explica el ciclo TDD  y su importancia en el desarrollo de software.,"El ciclo TDD es un tipo de desarrollo en donde primero se crean los tests que debe pasar el código que vamos a escribir y luego se desarrolla el código que pasará esos tests. 

TDD es una filosfía de desarrollo muy importante ya que en entornos profesionales permite crear un código funcional que supere los tests desde el primer momento. Además, ese código se mejora tras cada iteración de tests por la fase de refactor, la última fase del desarrollo TDD. Al desarrollar teniendo en cuenta los tests desde el primer momento, nos aseguramos que el código esté probado frente a situaciones que hayamos planteado.",7.0,9.0,15.046,0.01155655739534259,1.0080425642292372,0.9999741315841675,0.9999836863396977,1.6313660302302857e-05,7.375,0.9984608216327615,"[{""token"": ""9"", ""token_id"": 236819, ""probabilidad"": 0.9990869760513306, ""es_nota"": true}, {""token"": ""8"", ""token_id"": 236828, ""probabilidad"": 0.0006261544185690582, ""es_nota"": true}, {""token"": ""1"", ""token_id"": 236770, ""probabilidad"": 0.0002610200026538223, ""es_nota"": true}]","[{""nota"": 9, ""token"": ""9"", ""token_id"": 236819, ""probabilidad"": 0.9990869760513306, ""logit"": 25.25}, {""nota"": 8, ""token"": ""8"", ""token_id"": 236828, ""probabilidad"": 0.0006261544185690582, ""logit"": 17.875}, {""nota"": 1, ""token"": ""1"", ""token_id"": 236770, ""probabilidad"": 0.0002610200026538223, ""logit"": 17.0}]"
287,Compara TDD con un enfoque tradicional de testing en el desarrollo de software.,"En el testing tradicional del software los tests se hacen después del desarrollo, esto puede generar un sesgo en la forma de hacer los tests porque siempre vamos a testear para lo que está desarrollado sin pensar en las situaciones que se puedan ir fuera del alcance del proyecto. Además, el testing post-desarrollo lleva a cambios y hotfix constantes al descubrir casos que no se habían planteado durante el desarrollo

Con TDD se generan todas esas situaciones y casuísticas antes de empezar el desarrollo, esto lleva a un código más sólido desde la primera iteración con TDD y en un producto final más completo y seguro.",8.0,10.0,15.035,0.9753000373425454,1.9660500340764981,0.9999932646751404,0.9999937312421566,6.268757843375106e-06,0.375,0.1853313148021698,"[{""token"": ""1"", ""token_id"": 236770, ""probabilidad"": 0.5926606059074402, ""es_nota"": true}, {""token"": ""9"", ""token_id"": 236819, ""probabilidad"": 0.4073292911052704, ""es_nota"": true}, {""token"": ""0"", ""token_id"": 236771, ""probabilidad"": 3.420808980081347e-06, ""es_nota"": true}]","[{""nota"": 1, ""token"": ""1"", ""token_id"": 236770, ""probabilidad"": 0.5926606059074402, ""logit"": 24.75}, {""nota"": 9, ""token"": ""9"", ""token_id"": 236819, ""probabilidad"": 0.4073292911052704, ""logit"": 24.375}, {""nota"": 0, ""token"": ""0"", ""token_id"": 236771, ""probabilidad"": 3.420808980081347e-06, ""logit"": 12.6875}]"
288,Describe las buenas prácticas en TDD y su impacto en la calidad del software.,"Las buenas prácticas de TDD es generar tests que cubran todos los casos y situaciones a los que va a estar expuesto el programa, si desarrollamos una API esas buenas prácticas se traducen a probar tanto las request con datos válidos como aquellos que no son válidos. La calidad que se consigue usando TDD es mayor que con un desarrollo tradicional, ya que se plantea un desarrollo basado en casos reales en vez de llevar a cabo esos escenearios durante el desarrollo del proyecto, además de no tener una prueba de calidad que son los tests durante el desarrollo.",6.0,7.0,14.796,0.3894442708241177,1.309888734758451,0.9999885559082031,0.9999900418494084,9.958150591571346e-06,2.5,0.8481643199920654,"[{""token"": ""7"", ""token_id"": 236832, ""probabilidad"": 0.9240118265151978, ""es_nota"": true}, {""token"": ""8"", ""token_id"": 236828, ""probabilidad"": 0.07584750652313232, ""es_nota"": true}, {""token"": ""6"", ""token_id"": 236825, ""probabilidad"": 0.00012921531742904335, ""es_nota"": true}]","[{""nota"": 7, ""token"": ""7"", ""token_id"": 236832, ""probabilidad"": 0.9240118265151978, ""logit"": 25.625}, {""nota"": 8, ""token"": ""8"", ""token_id"": 236828, ""probabilidad"": 0.07584750652313232, ""logit"": 23.125}, {""nota"": 6, ""token"": ""6"", ""token_id"": 236825, ""probabilidad"": 0.00012921531742904335, ""logit"": 16.75}]"
289,Explica la importancia de validar entradas en el contexto de TDD y cómo se relaciona con la robustez del software.,"La validación de entradas nos permite asegurarnos de que los datos que vamos a tratar sean válidos antes de empezar cualquier tipo de lógica con esos datos. Dentro de ámbito de TDD tiene importancia a la hora de llevar a cabo la fase de refactorización del código, donde se optimiza y mejor el código anterior y se añaden validaciones a las entradas para asegurarse de que los datos que nos llegan son correctos.

En relación a la robustez de código esto es vital, ya que en caso de que una entrada no sea válida puede llevar a un fallo en todo el software y eso no es bueno. La validación es un paso fundamental a la hora de generar cualqueir tipo de software que requiera de información externa.",7.0,9.0,14.997,0.25300404837023954,1.191685918578775,0.9999666213989258,0.9999793449652189,2.0655034781102977e-05,3.125,0.9157588332891464,"[{""token"": ""9"", ""token_id"": 236819, ""probabilidad"": 0.957843542098999, ""es_nota"": true}, {""token"": ""8"", ""token_id"": 236828, ""probabilidad"": 0.0420847088098526, ""es_nota"": true}, {""token"": ""1"", ""token_id"": 236770, ""probabilidad"": 3.8376281736418605e-05, ""es_nota"": true}]","[{""nota"": 9, ""token"": ""9"", ""token_id"": 236819, ""probabilidad"": 0.957843542098999, ""logit"": 25.0}, {""nota"": 8, ""token"": ""8"", ""token_id"": 236828, ""probabilidad"": 0.0420847088098526, ""logit"": 21.875}, {""nota"": 1, ""token"": ""1"", ""token_id"": 236770, ""probabilidad"": 3.8376281736418605e-05, ""logit"": 14.875}]"
290,Explica el ciclo TDD  y su importancia en el desarrollo de software.,"La importancia de Test-Driven Development es escribir la menor cantidad de líneas de código para que sea capaz de pasar los test, es decir, para cumplir los objetivos exactos del código",3.0,4.0,13.647,0.8359221558111332,1.7849976263736875,0.9963871836662292,0.9999947325522229,5.267447777068668e-06,1.25,0.5500537008047104,"[{""token"": ""4"", ""token_id"": 236812, ""probabilidad"": 0.7709283828735352, ""es_nota"": true}, {""token"": ""5"", ""token_id"": 236810, ""probabilidad"": 0.22087468206882477, ""es_nota"": true}, {""token"": ""3"", ""token_id"": 236800, ""probabilidad"": 0.004584107547998428, ""es_nota"": true}]","[{""nota"": 4, ""token"": ""4"", ""token_id"": 236812, ""probabilidad"": 0.7709283828735352, ""logit"": 26.5}, {""nota"": 5, ""token"": ""5"", ""token_id"": 236810, ""probabilidad"": 0.22087468206882477, ""logit"": 25.25}, {""nota"": 3, ""token"": ""3"", ""token_id"": 236800, ""probabilidad"": 0.004584107547998428, ""logit"": 21.375}]"
291,Compara TDD con un enfoque tradicional de testing en el desarrollo de software.,"El enfoque Test-Driven Development se base en una secuencia en la que creo un test de la aplicación software que fallará porque no hay código escrito, y luego yo escribo el código que sea capaz de cumplir el test. Mientras que el tradicional escribe el código primero y luego realiza el test. El formato TDD es más eficiente porque se ajusta a más la carga de trabajo representada en líneas de código ya que los objetivos están claramente definidos desde el principio del desarrollo en los test.",7.0,9.0,14.989,0.5274679522597095,1.4413972043156544,0.9999864101409912,0.9999897016989373,1.029830106269447e-05,2.0,0.7615794315934181,"[{""token"": ""9"", ""token_id"": 236819, ""probabilidad"": 0.880780041217804, ""es_nota"": true}, {""token"": ""1"", ""token_id"": 236770, ""probabilidad"": 0.11920060962438583, ""es_nota"": true}, {""token"": ""0"", ""token_id"": 236771, ""probabilidad"": 5.760723979619797e-06, ""es_nota"": true}]","[{""nota"": 9, ""token"": ""9"", ""token_id"": 236819, ""probabilidad"": 0.880780041217804, ""logit"": 24.875}, {""nota"": 1, ""token"": ""1"", ""token_id"": 236770, ""probabilidad"": 0.11920060962438583, ""logit"": 22.875}, {""nota"": 0, ""token"": ""0"", ""token_id"": 236771, ""probabilidad"": 5.760723979619797e-06, ""logit"": 12.9375}]"
292,Describe las buenas prácticas en TDD y su impacto en la calidad del software.,Creación de test antes del desarrollo. Permite que el código sea más eficiente debido a que el desarrollo se ajusta a los test que definen los objetivos que debe alcanzar la aplicación. Te permite ser más consciente del código que uno está desarrollando,5.0,8.0,14.214,0.765415703712548,1.6998597318553585,0.9999926090240479,0.9999872208968372,1.2779103162774419e-05,1.25,0.5545892715454102,"[{""token"": ""8"", ""token_id"": 236828, ""probabilidad"": 0.7772852182388306, ""es_nota"": true}, {""token"": ""7"", ""token_id"": 236832, ""probabilidad"": 0.2226959466934204, ""es_nota"": true}, {""token"": "" "", ""token_id"": 236743, ""probabilidad"": 1.1456560969236307e-05, ""es_nota"": false}]","[{""nota"": 8, ""token"": ""8"", ""token_id"": 236828, ""probabilidad"": 0.7772852182388306, ""logit"": 25.25}, {""nota"": 7, ""token"": ""7"", ""token_id"": 236832, ""probabilidad"": 0.2226959466934204, ""logit"": 24.0}, {""nota"": 9, ""token"": ""9"", ""token_id"": 236819, ""probabilidad"": 4.486453690333292e-06, ""logit"": 13.1875}]"
293,Explica la importancia de validar entradas en el contexto de TDD y cómo se relaciona con la robustez del software.,"Se podría decir que es la parte más importante y crucial de los test ya que permite que la aplicación sea capaz de validar las primeras entradas de inputs. Esto es, que las entradas de contexto permiten ver que las funciones con las que se trabajan tengan datos iniciales que sean correctos, de manera que contextualizan el problema otorgando robustez al código software porque antes de realizar cualquier tarea se aplica la validación de entrada. Si por ejemplo yo tengo una función que trabaja con números de tipo int, pero introduzco tipos de dato string, aunque el ser humano vea números no son el mismo tipo de dato, por ende, puede dar problemas en zonas confusas, mientras que si se valida desde un principio, la robustez del código queda asegurada",6.0,9.0,14.993,0.0739224555461937,1.0525745776006263,0.9999746680259705,0.9999854185781727,1.4581421827308816e-05,4.75,0.982665772549808,"[{""token"": ""9"", ""token_id"": 236819, ""probabilidad"": 0.9912416934967041, ""es_nota"": true}, {""token"": ""1"", ""token_id"": 236770, ""probabilidad"": 0.008575920946896076, ""es_nota"": true}, {""token"": ""8"", ""token_id"": 236828, ""probabilidad"": 0.0001570734748383984, ""es_nota"": true}]","[{""nota"": 9, ""token"": ""9"", ""token_id"": 236819, ""probabilidad"": 0.9912416934967041, ""logit"": 25.375}, {""nota"": 1, ""token"": ""1"", ""token_id"": 236770, ""probabilidad"": 0.008575920946896076, ""logit"": 20.625}, {""nota"": 8, ""token"": ""8"", ""token_id"": 236828, ""probabilidad"": 0.0001570734748383984, ""logit"": 16.625}]"
294,Explica el ciclo TDD  y su importancia en el desarrollo de software.,"Primero se hace un primera fase que debe salir en rojo, es decir, se hace un código en el ControllerTest y como no tiene atributos ni la clase creada, aparece en rojo. Después se crea la clase, (ej. Book.java) para crear los atributos y lo que se necesite en la clase para que pase de rojo a verde el test. Además, en esta fase se debe desarrollar otros test en Controller para que pase el test a verde. Por último, se hace un refactor, en el que se cambia el código para que haga lo mismo pero que quede más limpio y siga pasando en verde los test. Esto es importante para ver poco a poco lo que se va cubriendo en un programa.",7.0,8.0,15.041,0.7657349143111669,1.7002358843067804,0.9999770522117615,0.999982175330605,1.7824669395039017e-05,1.25,0.5545797795057297,"[{""token"": ""8"", ""token_id"": 236828, ""probabilidad"": 0.7772719264030457, ""es_nota"": true}, {""token"": ""9"", ""token_id"": 236819, ""probabilidad"": 0.22269214689731598, ""es_nota"": true}, {""token"": "" "", ""token_id"": 236743, ""probabilidad"": 1.2981763575226068e-05, ""es_nota"": false}]","[{""nota"": 8, ""token"": ""8"", ""token_id"": 236828, ""probabilidad"": 0.7772719264030457, ""logit"": 24.625}, {""nota"": 9, ""token"": ""9"", ""token_id"": 236819, ""probabilidad"": 0.22269214689731598, ""logit"": 23.375}, {""nota"": 7, ""token"": ""7"", ""token_id"": 236832, ""probabilidad"": 8.381656698475126e-06, ""logit"": 13.1875}]"
295,Compara TDD con un enfoque tradicional de testing en el desarrollo de software.,"Con el TDD debes pasar diferentes fases para ir viendo el proceso en el cual los test van pasando de rojo a verde y cómo el código va quedando más bonito. Sin embargo, en un enfoque tradicional los test se hacen de una y no ves el progreso de pasar de rojo a verde, además, si una cosa no pasa vas a perder horas en encontrar qué es lo  que falla.",4.0,7.0,14.317,0.09218774129389093,1.0659854462320295,0.9999935030937195,0.999994306958222,5.693041777998786e-06,4.5,0.9776522014290094,"[{""token"": ""7"", ""token_id"": 236832, ""probabilidad"": 0.9886349439620972, ""es_nota"": true}, {""token"": ""8"", ""token_id"": 236828, ""probabilidad"": 0.01098274253308773, ""es_nota"": true}, {""token"": ""6"", ""token_id"": 236825, ""probabilidad"": 0.0003758087696041912, ""es_nota"": true}]","[{""nota"": 7, ""token"": ""7"", ""token_id"": 236832, ""probabilidad"": 0.9886349439620972, ""logit"": 25.75}, {""nota"": 8, ""token"": ""8"", ""token_id"": 236828, ""probabilidad"": 0.01098274253308773, ""logit"": 21.25}, {""nota"": 6, ""token"": ""6"", ""token_id"": 236825, ""probabilidad"": 0.0003758087696041912, ""logit"": 17.875}]"
296,Describe las buenas prácticas en TDD y su impacto en la calidad del software.,"Para que una práctica sea buena en TDD, se debe ir poco a poco con los cambios y siguiendo cada uno de los pasos, porque si haces primero la fase de refactor, aunque pase en verde ya vas a perder el enfoque de haberlo hecho de manera progresiva.",3.0,4.0,14.42,0.9684626237985927,1.9567543116268098,0.9994045495986938,0.9999909521699214,9.047830078601216e-06,0.875,0.40607568621635437,"[{""token"": ""4"", ""token_id"": 236812, ""probabilidad"": 0.6963629722595215, ""es_nota"": true}, {""token"": ""5"", ""token_id"": 236810, ""probabilidad"": 0.2902872860431671, ""es_nota"": true}, {""token"": ""6"", ""token_id"": 236825, ""probabilidad"": 0.012754333205521107, ""es_nota"": true}]","[{""nota"": 4, ""token"": ""4"", ""token_id"": 236812, ""probabilidad"": 0.6963629722595215, ""logit"": 25.875}, {""nota"": 5, ""token"": ""5"", ""token_id"": 236810, ""probabilidad"": 0.2902872860431671, ""logit"": 25.0}, {""nota"": 6, ""token"": ""6"", ""token_id"": 236825, ""probabilidad"": 0.012754333205521107, ""logit"": 21.875}]"
297,Explica la importancia de validar entradas en el contexto de TDD y cómo se relaciona con la robustez del software.,"no tengo idea, escribo para no dejarlo en blanco y me salte el mensaje",0.0,0.0,13.61,6.43521233385606e-06,1.0000044605592338,1.0,0.9999999437581976,5.624180243746224e-08,16.8125,0.999999830853536,"[{""token"": ""0"", ""token_id"": 236771, ""probabilidad"": 0.9999998807907104, ""es_nota"": true}, {""token"": "" "", ""token_id"": 236743, ""probabilidad"": 1.1253516163378663e-07, ""es_nota"": false}, {""token"": ""1"", ""token_id"": 236770, ""probabilidad"": 4.993717439560896e-08, ""es_nota"": true}]","[{""nota"": 0, ""token"": ""0"", ""token_id"": 236771, ""probabilidad"": 0.9999998807907104, ""logit"": 24.5}, {""nota"": 1, ""token"": ""1"", ""token_id"": 236770, ""probabilidad"": 4.993717439560896e-08, ""logit"": 7.6875}, {""nota"": 2, ""token"": ""2"", ""token_id"": 236778, ""probabilidad"": 9.833213354681902e-09, ""logit"": 6.0625}]"
